abc	_abc_init	"Internal ABC helper for class set-up. Should be never used outside abc module."
abc	_abc_instancecheck	"Internal ABC helper for instance checks. Should be never used outside abc module."
abc	_abc_register	"Internal ABC helper for subclasss registration. Should be never used outside abc module."
abc	_abc_subclasscheck	"Internal ABC helper for subclasss checks. Should be never used outside abc module."
abc	_get_dump	"Internal ABC helper for cache and registry debugging.\n\nReturn shallow copies of registry, of both caches, and\nnegative cache version. Don't call this function directly,\ninstead use ABC._dump_registry() for a nice repr."
abc	_reset_caches	"Internal ABC helper to reset both caches of a given class.\n\nShould be only used by refleak.py"
abc	_reset_registry	"Internal ABC helper to reset registry of a given class.\n\nShould be only used by refleak.py"
abc	get_cache_token	"Returns the current ABC cache token.\n\nThe token is an opaque object (supporting equality testing) identifying the\ncurrent version of the ABC cache for virtual subclasses. The token changes\nwith every call to register() on any ABC."
argparse	_	null
array		"This module defines an object type which can efficiently represent\nan array of basic values: characters, integers, floating-point\nnumbers.  Arrays are sequence types and behave very much like lists,\nexcept that the type of objects stored in them is constrained.\n"
array	ArrayType	"array(typecode [, initializer]) -> array\n\nReturn a new array whose items are restricted by typecode, and\ninitialized from the optional initializer value, which must be a list,\nstring or iterable over elements of the appropriate type.\n\nArrays represent basic values and behave very much like lists, except\nthe type of objects stored in them is constrained. The type is specified\nat object creation time by using a type code, which is a single character.\nThe following type codes are defined:\n\n    Type code   C Type             Minimum size in bytes\n    'b'         signed integer     1\n    'B'         unsigned integer   1\n    'u'         Unicode character  2 (see note)\n    'h'         signed integer     2\n    'H'         unsigned integer   2\n    'i'         signed integer     2\n    'I'         unsigned integer   2\n    'l'         signed integer     4\n    'L'         unsigned integer   4\n    'q'         signed integer     8 (see note)\n    'Q'         unsigned integer   8 (see note)\n    'f'         floating-point     4\n    'd'         floating-point     8\n\nNOTE: The 'u' typecode corresponds to Python's unicode character. On\nnarrow builds this is 2-bytes on wide builds this is 4-bytes.\n\nNOTE: The 'q' and 'Q' type codes are only available if the platform\nC compiler used to build Python supports 'long long', or, on Windows,\n'__int64'.\n\nMethods:\n\nappend() -- append a new item to the end of the array\nbuffer_info() -- return information giving the current memory info\nbyteswap() -- byteswap all the items of the array\ncount() -- return number of occurrences of an object\nextend() -- extend array by appending multiple elements from an iterable\nfromfile() -- read items from a file object\nfromlist() -- append items from the list\nfrombytes() -- append items from the string\nindex() -- return index of first occurrence of an object\ninsert() -- insert a new item into the array at a provided position\npop() -- remove and return item (default last)\nremove() -- remove first occurrence of an object\nreverse() -- reverse the order of the items in the array\ntofile() -- write all items to a file object\ntolist() -- return the array converted to an ordinary list\ntobytes() -- return the array converted to a string\n\nAttributes:\n\ntypecode -- the typecode character used to create the array\nitemsize -- the length in bytes of one array item\n"
array	ArrayType.append	"Append new value v to the end of the array."
array	ArrayType.buffer_info	"Return a tuple (address, length) giving the current memory address and the length in items of the buffer used to hold array's contents.\n\nThe length should be multiplied by the itemsize attribute to calculate\nthe buffer length in bytes."
array	ArrayType.byteswap	"Byteswap all items of the array.\n\nIf the items in the array are not 1, 2, 4, or 8 bytes in size, RuntimeError is\nraised."
array	ArrayType.clear	"Remove all items from the array."
array	ArrayType.count	"Return number of occurrences of v in the array."
array	ArrayType.extend	"Append items to the end of the array."
array	ArrayType.frombytes	"Appends items from the string, interpreting it as an array of machine values, as if it had been read from a file using the fromfile() method."
array	ArrayType.fromfile	"Read n objects from the file object f and append them to the end of the array."
array	ArrayType.fromlist	"Append items to array from list."
array	ArrayType.fromunicode	"Extends this array with data from the unicode string ustr.\n\nThe array must be a unicode type array; otherwise a ValueError is raised.\nUse array.frombytes(ustr.encode(...)) to append Unicode data to an array of\nsome other type."
array	ArrayType.index	"Return index of first occurrence of v in the array.\n\nRaise ValueError if the value is not present."
array	ArrayType.insert	"Insert a new item v into the array before position i."
array	ArrayType.itemsize	"the size, in bytes, of one array item"
array	ArrayType.pop	"Return the i-th element and delete it from the array.\n\ni defaults to -1."
array	ArrayType.remove	"Remove the first occurrence of v in the array."
array	ArrayType.reverse	"Reverse the order of the items in the array."
array	ArrayType.tobytes	"Convert the array to an array of machine values and return the bytes representation."
array	ArrayType.tofile	"Write all items (as machine values) to the file object f."
array	ArrayType.tolist	"Convert array to an ordinary list with the same items."
array	ArrayType.tounicode	"Extends this array with data from the unicode string ustr.\n\nConvert the array to a unicode string.  The array must be a unicode type array;\notherwise a ValueError is raised.  Use array.tobytes().decode() to obtain a\nunicode string from an array of some other type."
array	ArrayType.typecode	"the typecode character used to create the array"
array	_array_reconstructor	"Internal. Used for pickling support."
array	array	"array(typecode [, initializer]) -> array\n\nReturn a new array whose items are restricted by typecode, and\ninitialized from the optional initializer value, which must be a list,\nstring or iterable over elements of the appropriate type.\n\nArrays represent basic values and behave very much like lists, except\nthe type of objects stored in them is constrained. The type is specified\nat object creation time by using a type code, which is a single character.\nThe following type codes are defined:\n\n    Type code   C Type             Minimum size in bytes\n    'b'         signed integer     1\n    'B'         unsigned integer   1\n    'u'         Unicode character  2 (see note)\n    'h'         signed integer     2\n    'H'         unsigned integer   2\n    'i'         signed integer     2\n    'I'         unsigned integer   2\n    'l'         signed integer     4\n    'L'         unsigned integer   4\n    'q'         signed integer     8 (see note)\n    'Q'         unsigned integer   8 (see note)\n    'f'         floating-point     4\n    'd'         floating-point     8\n\nNOTE: The 'u' typecode corresponds to Python's unicode character. On\nnarrow builds this is 2-bytes on wide builds this is 4-bytes.\n\nNOTE: The 'q' and 'Q' type codes are only available if the platform\nC compiler used to build Python supports 'long long', or, on Windows,\n'__int64'.\n\nMethods:\n\nappend() -- append a new item to the end of the array\nbuffer_info() -- return information giving the current memory info\nbyteswap() -- byteswap all the items of the array\ncount() -- return number of occurrences of an object\nextend() -- extend array by appending multiple elements from an iterable\nfromfile() -- read items from a file object\nfromlist() -- append items from the list\nfrombytes() -- append items from the string\nindex() -- return index of first occurrence of an object\ninsert() -- insert a new item into the array at a provided position\npop() -- remove and return item (default last)\nremove() -- remove first occurrence of an object\nreverse() -- reverse the order of the items in the array\ntofile() -- write all items to a file object\ntolist() -- return the array converted to an ordinary list\ntobytes() -- return the array converted to a string\n\nAttributes:\n\ntypecode -- the typecode character used to create the array\nitemsize -- the length in bytes of one array item\n"
array	array.append	"Append new value v to the end of the array."
array	array.buffer_info	"Return a tuple (address, length) giving the current memory address and the length in items of the buffer used to hold array's contents.\n\nThe length should be multiplied by the itemsize attribute to calculate\nthe buffer length in bytes."
array	array.byteswap	"Byteswap all items of the array.\n\nIf the items in the array are not 1, 2, 4, or 8 bytes in size, RuntimeError is\nraised."
array	array.clear	"Remove all items from the array."
array	array.count	"Return number of occurrences of v in the array."
array	array.extend	"Append items to the end of the array."
array	array.frombytes	"Appends items from the string, interpreting it as an array of machine values, as if it had been read from a file using the fromfile() method."
array	array.fromfile	"Read n objects from the file object f and append them to the end of the array."
array	array.fromlist	"Append items to array from list."
array	array.fromunicode	"Extends this array with data from the unicode string ustr.\n\nThe array must be a unicode type array; otherwise a ValueError is raised.\nUse array.frombytes(ustr.encode(...)) to append Unicode data to an array of\nsome other type."
array	array.index	"Return index of first occurrence of v in the array.\n\nRaise ValueError if the value is not present."
array	array.insert	"Insert a new item v into the array before position i."
array	array.itemsize	"the size, in bytes, of one array item"
array	array.pop	"Return the i-th element and delete it from the array.\n\ni defaults to -1."
array	array.remove	"Remove the first occurrence of v in the array."
array	array.reverse	"Reverse the order of the items in the array."
array	array.tobytes	"Convert the array to an array of machine values and return the bytes representation."
array	array.tofile	"Write all items (as machine values) to the file object f."
array	array.tolist	"Convert array to an ordinary list with the same items."
array	array.tounicode	"Extends this array with data from the unicode string ustr.\n\nConvert the array to a unicode string.  The array must be a unicode type array;\notherwise a ValueError is raised.  Use array.tobytes().decode() to obtain a\nunicode string from an array of some other type."
array	array.typecode	"the typecode character used to create the array"
_ast		null
ast	AST	null
ast	Add	"Add"
ast	And	"And"
ast	AnnAssign	"AnnAssign(expr target, expr annotation, expr? value, int simple)"
ast	Assert	"Assert(expr test, expr? msg)"
ast	Assign	"Assign(expr* targets, expr value, string? type_comment)"
ast	AsyncFor	"AsyncFor(expr target, expr iter, stmt* body, stmt* orelse, string? type_comment)"
ast	AsyncFunctionDef	"AsyncFunctionDef(identifier name, arguments args, stmt* body, expr* decorator_list, expr? returns, string? type_comment, type_param* type_params)"
ast	AsyncWith	"AsyncWith(withitem* items, stmt* body, string? type_comment)"
ast	Attribute	"Attribute(expr value, identifier attr, expr_context ctx)"
ast	AugAssign	"AugAssign(expr target, operator op, expr value)"
ast	Await	"Await(expr value)"
ast	BinOp	"BinOp(expr left, operator op, expr right)"
ast	BitAnd	"BitAnd"
ast	BitOr	"BitOr"
ast	BitXor	"BitXor"
ast	BoolOp	"BoolOp(boolop op, expr* values)"
ast	Break	"Break"
ast	Call	"Call(expr func, expr* args, keyword* keywords)"
ast	ClassDef	"ClassDef(identifier name, expr* bases, keyword* keywords, stmt* body, expr* decorator_list, type_param* type_params)"
ast	Compare	"Compare(expr left, cmpop* ops, expr* comparators)"
ast	Constant	"Constant(constant value, string? kind)"
ast	Constant.n	"Deprecated. Use value instead."
ast	Constant.s	"Deprecated. Use value instead."
ast	Continue	"Continue"
ast	Del	"Del"
ast	Delete	"Delete(expr* targets)"
ast	Dict	"Dict(expr* keys, expr* values)"
ast	DictComp	"DictComp(expr key, expr value, comprehension* generators)"
ast	Div	"Div"
ast	Eq	"Eq"
ast	ExceptHandler	"ExceptHandler(expr? type, identifier? name, stmt* body)"
ast	Expr	"Expr(expr value)"
ast	Expression	"Expression(expr body)"
ast	FloorDiv	"FloorDiv"
ast	For	"For(expr target, expr iter, stmt* body, stmt* orelse, string? type_comment)"
ast	FormattedValue	"FormattedValue(expr value, int conversion, expr? format_spec)"
ast	FunctionDef	"FunctionDef(identifier name, arguments args, stmt* body, expr* decorator_list, expr? returns, string? type_comment, type_param* type_params)"
ast	FunctionType	"FunctionType(expr* argtypes, expr returns)"
ast	GeneratorExp	"GeneratorExp(expr elt, comprehension* generators)"
ast	Global	"Global(identifier* names)"
ast	Gt	"Gt"
ast	GtE	"GtE"
ast	If	"If(expr test, stmt* body, stmt* orelse)"
ast	IfExp	"IfExp(expr test, expr body, expr orelse)"
ast	Import	"Import(alias* names)"
ast	ImportFrom	"ImportFrom(identifier? module, alias* names, int? level)"
ast	In	"In"
ast	Interactive	"Interactive(stmt* body)"
ast	Invert	"Invert"
ast	Is	"Is"
ast	IsNot	"IsNot"
ast	JoinedStr	"JoinedStr(expr* values)"
ast	LShift	"LShift"
ast	Lambda	"Lambda(arguments args, expr body)"
ast	List	"List(expr* elts, expr_context ctx)"
ast	ListComp	"ListComp(expr elt, comprehension* generators)"
ast	Load	"Load"
ast	Lt	"Lt"
ast	LtE	"LtE"
ast	MatMult	"MatMult"
ast	Match	"Match(expr subject, match_case* cases)"
ast	MatchAs	"MatchAs(pattern? pattern, identifier? name)"
ast	MatchClass	"MatchClass(expr cls, pattern* patterns, identifier* kwd_attrs, pattern* kwd_patterns)"
ast	MatchMapping	"MatchMapping(expr* keys, pattern* patterns, identifier? rest)"
ast	MatchOr	"MatchOr(pattern* patterns)"
ast	MatchSequence	"MatchSequence(pattern* patterns)"
ast	MatchSingleton	"MatchSingleton(constant value)"
ast	MatchStar	"MatchStar(identifier? name)"
ast	MatchValue	"MatchValue(expr value)"
ast	Mod	"Mod"
ast	Module	"Module(stmt* body, type_ignore* type_ignores)"
ast	Mult	"Mult"
ast	Name	"Name(identifier id, expr_context ctx)"
ast	NamedExpr	"NamedExpr(expr target, expr value)"
ast	Nonlocal	"Nonlocal(identifier* names)"
ast	Not	"Not"
ast	NotEq	"NotEq"
ast	NotIn	"NotIn"
ast	Or	"Or"
ast	ParamSpec	"ParamSpec(identifier name, expr? default_value)"
ast	Pass	"Pass"
ast	Pow	"Pow"
ast	RShift	"RShift"
ast	Raise	"Raise(expr? exc, expr? cause)"
ast	Return	"Return(expr? value)"
ast	Set	"Set(expr* elts)"
ast	SetComp	"SetComp(expr elt, comprehension* generators)"
ast	Slice	"Slice(expr? lower, expr? upper, expr? step)"
ast	Starred	"Starred(expr value, expr_context ctx)"
ast	Store	"Store"
ast	Sub	"Sub"
ast	Subscript	"Subscript(expr value, expr slice, expr_context ctx)"
ast	Try	"Try(stmt* body, excepthandler* handlers, stmt* orelse, stmt* finalbody)"
ast	TryStar	"TryStar(stmt* body, excepthandler* handlers, stmt* orelse, stmt* finalbody)"
ast	Tuple	"Tuple(expr* elts, expr_context ctx)"
ast	Tuple.dims	"Deprecated. Use elts instead."
ast	TypeAlias	"TypeAlias(expr name, type_param* type_params, expr value)"
ast	TypeIgnore	"TypeIgnore(int lineno, string tag)"
ast	TypeVar	"TypeVar(identifier name, expr? bound, expr? default_value)"
ast	TypeVarTuple	"TypeVarTuple(identifier name, expr? default_value)"
ast	UAdd	"UAdd"
ast	USub	"USub"
ast	UnaryOp	"UnaryOp(unaryop op, expr operand)"
ast	While	"While(expr test, stmt* body, stmt* orelse)"
ast	With	"With(withitem* items, stmt* body, string? type_comment)"
ast	Yield	"Yield(expr? value)"
ast	YieldFrom	"YieldFrom(expr value)"
ast	_Precedence._generate_next_value_	"\nGenerate the next value when not given.\n\nname: the name of the member\nstart: the initial start value or None\ncount: the number of existing members\nlast_values: the list of values assigned\n"
ast	_Precedence._member_type_	"int([x]) -> integer\nint(x, base=10) -> integer\n\nConvert a number or string to an integer, or return 0 if no arguments\nare given.  If x is a number, return x.__int__().  For floating-point\nnumbers, this truncates towards zero.\n\nIf x is not a number or if base is given, then x must be a string,\nbytes, or bytearray instance representing an integer literal in the\ngiven base.  The literal can be preceded by '+' or '-' and be surrounded\nby whitespace.  The base defaults to 10.  Valid bases are 0 and 2-36.\nBase 0 means to interpret the base from the string as an integer literal.\n>>> int('0b100', base=0)\n4"
ast	_Precedence._new_member_	"Create and return a new object.  See help(type) for accurate signature."
ast	_Precedence._value_repr_	"Return repr(self)."
ast	_ast_Ellipsis	"Deprecated AST node class. Use ast.Constant instead"
ast	_simple_enum	"\nClass decorator that converts a normal class into an :class:`Enum`.  No\nsafety checks are done, and some advanced behavior (such as\n:func:`__init_subclass__`) is not available.  Enum creation can be faster\nusing :func:`_simple_enum`.\n\n    >>> from enum import Enum, _simple_enum\n    >>> @_simple_enum(Enum)\n    ... class Color:\n    ...     RED = auto()\n    ...     GREEN = auto()\n    ...     BLUE = auto()\n    >>> Color\n    <enum 'Color'>\n"
ast	alias	"alias(identifier name, identifier? asname)"
ast	arg	"arg(identifier arg, expr? annotation, string? type_comment)"
ast	arguments	"arguments(arg* posonlyargs, arg* args, arg? vararg, arg* kwonlyargs, expr* kw_defaults, arg? kwarg, expr* defaults)"
ast	boolop	"boolop = And | Or"
ast	cmpop	"cmpop = Eq | NotEq | Lt | LtE | Gt | GtE | Is | IsNot | In | NotIn"
ast	comprehension	"comprehension(expr target, expr iter, expr* ifs, int is_async)"
ast	contextmanager	"@contextmanager decorator.\n\nTypical usage:\n\n    @contextmanager\n    def some_generator(<arguments>):\n        <setup>\n        try:\n            yield <value>\n        finally:\n            <cleanup>\n\nThis makes this:\n\n    with some_generator(<arguments>) as <variable>:\n        <body>\n\nequivalent to this:\n\n    <setup>\n    try:\n        <variable> = <value>\n        <body>\n    finally:\n        <cleanup>\n"
ast	excepthandler	"excepthandler = ExceptHandler(expr? type, identifier? name, stmt* body)"
ast	expr	"expr = BoolOp(boolop op, expr* values)\n     | NamedExpr(expr target, expr value)\n     | BinOp(expr left, operator op, expr right)\n     | UnaryOp(unaryop op, expr operand)\n     | Lambda(arguments args, expr body)\n     | IfExp(expr test, expr body, expr orelse)\n     | Dict(expr* keys, expr* values)\n     | Set(expr* elts)\n     | ListComp(expr elt, comprehension* generators)\n     | SetComp(expr elt, comprehension* generators)\n     | DictComp(expr key, expr value, comprehension* generators)\n     | GeneratorExp(expr elt, comprehension* generators)\n     | Await(expr value)\n     | Yield(expr? value)\n     | YieldFrom(expr value)\n     | Compare(expr left, cmpop* ops, expr* comparators)\n     | Call(expr func, expr* args, keyword* keywords)\n     | FormattedValue(expr value, int conversion, expr? format_spec)\n     | JoinedStr(expr* values)\n     | Constant(constant value, string? kind)\n     | Attribute(expr value, identifier attr, expr_context ctx)\n     | Subscript(expr value, expr slice, expr_context ctx)\n     | Starred(expr value, expr_context ctx)\n     | Name(identifier id, expr_context ctx)\n     | List(expr* elts, expr_context ctx)\n     | Tuple(expr* elts, expr_context ctx)\n     | Slice(expr? lower, expr? upper, expr? step)"
ast	expr_context	"expr_context = Load | Store | Del"
ast	keyword	"keyword(identifier? arg, expr value)"
ast	match_case	"match_case(pattern pattern, expr? guard, stmt* body)"
ast	mod	"mod = Module(stmt* body, type_ignore* type_ignores)\n    | Interactive(stmt* body)\n    | Expression(expr body)\n    | FunctionType(expr* argtypes, expr returns)"
ast	operator	"operator = Add | Sub | Mult | MatMult | Div | Mod | Pow | LShift | RShift | BitOr | BitXor | BitAnd | FloorDiv"
ast	pattern	"pattern = MatchValue(expr value)\n        | MatchSingleton(constant value)\n        | MatchSequence(pattern* patterns)\n        | MatchMapping(expr* keys, pattern* patterns, identifier? rest)\n        | MatchClass(expr cls, pattern* patterns, identifier* kwd_attrs, pattern* kwd_patterns)\n        | MatchStar(identifier? name)\n        | MatchAs(pattern? pattern, identifier? name)\n        | MatchOr(pattern* patterns)"
ast	stmt	"stmt = FunctionDef(identifier name, arguments args, stmt* body, expr* decorator_list, expr? returns, string? type_comment, type_param* type_params)\n     | AsyncFunctionDef(identifier name, arguments args, stmt* body, expr* decorator_list, expr? returns, string? type_comment, type_param* type_params)\n     | ClassDef(identifier name, expr* bases, keyword* keywords, stmt* body, expr* decorator_list, type_param* type_params)\n     | Return(expr? value)\n     | Delete(expr* targets)\n     | Assign(expr* targets, expr value, string? type_comment)\n     | TypeAlias(expr name, type_param* type_params, expr value)\n     | AugAssign(expr target, operator op, expr value)\n     | AnnAssign(expr target, expr annotation, expr? value, int simple)\n     | For(expr target, expr iter, stmt* body, stmt* orelse, string? type_comment)\n     | AsyncFor(expr target, expr iter, stmt* body, stmt* orelse, string? type_comment)\n     | While(expr test, stmt* body, stmt* orelse)\n     | If(expr test, stmt* body, stmt* orelse)\n     | With(withitem* items, stmt* body, string? type_comment)\n     | AsyncWith(withitem* items, stmt* body, string? type_comment)\n     | Match(expr subject, match_case* cases)\n     | Raise(expr? exc, expr? cause)\n     | Try(stmt* body, excepthandler* handlers, stmt* orelse, stmt* finalbody)\n     | TryStar(stmt* body, excepthandler* handlers, stmt* orelse, stmt* finalbody)\n     | Assert(expr test, expr? msg)\n     | Import(alias* names)\n     | ImportFrom(identifier? module, alias* names, int? level)\n     | Global(identifier* names)\n     | Nonlocal(identifier* names)\n     | Expr(expr value)\n     | Pass\n     | Break\n     | Continue"
ast	type_ignore	"type_ignore = TypeIgnore(int lineno, string tag)"
ast	type_param	"type_param = TypeVar(identifier name, expr? bound, expr? default_value)\n           | ParamSpec(identifier name, expr? default_value)\n           | TypeVarTuple(identifier name, expr? default_value)"
ast	unaryop	"unaryop = Invert | Not | UAdd | USub"
ast	withitem	"withitem(expr context_expr, expr? optional_vars)"
asyncio	_enter_task	"Enter into task execution or resume suspended task.\n\nTask belongs to loop.\n\nReturns None."
asyncio	_get_running_loop	"Return the running event loop or None.\n\nThis is a low-level function intended to be used by event loops.\nThis function is thread-specific."
asyncio	_leave_task	"Leave task execution or suspend a task.\n\nTask belongs to loop.\n\nReturns None."
asyncio	_register_task	"Register a new task in asyncio as executed by loop.\n\nReturns None."
asyncio	_set_running_loop	"Set the running event loop.\n\nThis is a low-level function intended to be used by event loops.\nThis function is thread-specific."
asyncio	_unregister_task	"Unregister a task.\n\nReturns None."
asyncio	all_tasks	"Return a set of all tasks for the loop."
asyncio	as_completed	"Create an iterator of awaitables or their results in completion order.\n\nRun the supplied awaitables concurrently. The returned object can be\niterated to obtain the results of the awaitables as they finish.\n\nThe object returned can be iterated as an asynchronous iterator or a plain\niterator. When asynchronous iteration is used, the originally-supplied\nawaitables are yielded if they are tasks or futures. This makes it easy to\ncorrelate previously-scheduled tasks with their results:\n\n    ipv4_connect = create_task(open_connection(\"127.0.0.1\", 80))\n    ipv6_connect = create_task(open_connection(\"::1\", 80))\n    tasks = [ipv4_connect, ipv6_connect]\n\n    async for earliest_connect in as_completed(tasks):\n        # earliest_connect is done. The result can be obtained by\n        # awaiting it or calling earliest_connect.result()\n        reader, writer = await earliest_connect\n\n        if earliest_connect is ipv6_connect:\n            print(\"IPv6 connection established.\")\n        else:\n            print(\"IPv4 connection established.\")\n\nDuring asynchronous iteration, implicitly-created tasks will be yielded for\nsupplied awaitables that aren't tasks or futures.\n\nWhen used as a plain iterator, each iteration yields a new coroutine that\nreturns the result or raises the exception of the next completed awaitable.\nThis pattern is compatible with Python versions older than 3.13:\n\n    ipv4_connect = create_task(open_connection(\"127.0.0.1\", 80))\n    ipv6_connect = create_task(open_connection(\"::1\", 80))\n    tasks = [ipv4_connect, ipv6_connect]\n\n    for next_connect in as_completed(tasks):\n        # next_connect is not one of the original task objects. It must be\n        # awaited to obtain the result value or raise the exception of the\n        # awaitable that finishes next.\n        reader, writer = await next_connect\n\nA TimeoutError is raised if the timeout occurs before all awaitables are\ndone. This is raised by the async for loop during asynchronous iteration or\nby the coroutines yielded during plain iteration.\n"
asyncio	create_eager_task_factory	"Create a function suitable for use as a task factory on an event-loop.\n\nExample usage:\n\n    loop.set_task_factory(\n        asyncio.create_eager_task_factory(my_task_constructor))\n\nNow, tasks created will be started immediately (rather than being first\nscheduled to an event loop). The constructor argument can be any callable\nthat returns a Task-compatible object and has a signature compatible\nwith `Task.__init__`; it must have the `eager_start` keyword argument.\n\nMost applications will use `Task` for `custom_task_constructor` and in\nthis case there's no need to call `create_eager_task_factory()`\ndirectly. Instead the  global `eager_task_factory` instance can be\nused. E.g. `loop.set_task_factory(asyncio.eager_task_factory)`.\n"
asyncio	create_subprocess_exec	null
asyncio	create_subprocess_shell	null
asyncio	create_task	"Schedule the execution of a coroutine object in a spawn task.\n\nReturn a Task object.\n"
asyncio	current_task	"Return a currently executed task."
asyncio	eager_task_factory	null
asyncio	ensure_future	"Wrap a coroutine or an awaitable in a future.\n\nIf the argument is a Future, it is returned directly.\n"
asyncio	gather	"Return a future aggregating results from the given coroutines/futures.\n\nCoroutines will be wrapped in a future and scheduled in the event\nloop. They will not necessarily be scheduled in the same order as\npassed in.\n\nAll futures must share the same event loop.  If all the tasks are\ndone successfully, the returned future's result is the list of\nresults (in the order of the original sequence, not necessarily\nthe order of results arrival).  If *return_exceptions* is True,\nexceptions in the tasks are treated the same as successful\nresults, and gathered in the result list; otherwise, the first\nraised exception will be immediately propagated to the returned\nfuture.\n\nCancellation: if the outer Future is cancelled, all children (that\nhave not completed yet) are also cancelled.  If any child is\ncancelled, this is treated as if it raised CancelledError --\nthe outer Future is *not* cancelled in this case.  (This is to\nprevent the cancellation of one child to cause other children to\nbe cancelled.)\n\nIf *return_exceptions* is False, cancelling gather() after it\nhas been marked done won't cancel any submitted awaitables.\nFor instance, gather can be marked done after propagating an\nexception to the caller, therefore, calling ``gather.cancel()``\nafter catching an exception (raised by one of the awaitables) from\ngather won't cancel any other awaitables.\n"
asyncio	get_child_watcher	"Equivalent to calling get_event_loop_policy().get_child_watcher()."
asyncio	get_event_loop	"Return an asyncio event loop.\n\nWhen called from a coroutine or a callback (e.g. scheduled with\ncall_soon or similar API), this function will always return the\nrunning event loop.\n\nIf there is no running event loop set, the function will return\nthe result of `get_event_loop_policy().get_event_loop()` call."
asyncio	get_event_loop_policy	"Get the current event loop policy."
asyncio	get_running_loop	"Return the running event loop.  Raise a RuntimeError if there is none.\n\nThis function is thread-specific."
asyncio	iscoroutine	"Return True if obj is a coroutine object."
asyncio	iscoroutinefunction	"Return True if func is a decorated coroutine function."
asyncio	isfuture	"Check for a Future.\n\nThis returns True when obj is a Future instance or is advertising\nitself as duck-type compatible by setting _asyncio_future_blocking.\nSee comment in Future for more details.\n"
asyncio	new_event_loop	"Equivalent to calling get_event_loop_policy().new_event_loop()."
asyncio	open_connection	"A wrapper for create_connection() returning a (reader, writer) pair.\n\nThe reader returned is a StreamReader instance; the writer is a\nStreamWriter instance.\n\nThe arguments are all the usual arguments to create_connection()\nexcept protocol_factory; most common are positional host and port,\nwith various optional keyword arguments following.\n\nAdditional optional keyword arguments are loop (to set the event loop\ninstance to use) and limit (to set the buffer limit passed to the\nStreamReader).\n\n(If you want to customize the StreamReader and/or\nStreamReaderProtocol classes, just copy the code -- there's\nreally nothing special here except some convenience.)\n"
asyncio	open_unix_connection	"Similar to `open_connection` but works with UNIX Domain Sockets."
asyncio	run	"Execute the coroutine and return the result.\n\nThis function runs the passed coroutine, taking care of\nmanaging the asyncio event loop, finalizing asynchronous\ngenerators and closing the default executor.\n\nThis function cannot be called when another asyncio event loop is\nrunning in the same thread.\n\nIf debug is True, the event loop will be run in debug mode.\nIf loop_factory is passed, it is used for new event loop creation.\n\nThis function always creates a new event loop and closes it at the end.\nIt should be used as a main entry point for asyncio programs, and should\nideally only be called once.\n\nThe executor is given a timeout duration of 5 minutes to shutdown.\nIf the executor hasn't finished within that duration, a warning is\nemitted and the executor is closed.\n\nExample:\n\n    async def main():\n        await asyncio.sleep(1)\n        print('hello')\n\n    asyncio.run(main())\n"
asyncio	run_coroutine_threadsafe	"Submit a coroutine object to a given event loop.\n\nReturn a concurrent.futures.Future to access the result.\n"
asyncio	set_child_watcher	"Equivalent to calling\nget_event_loop_policy().set_child_watcher(watcher)."
asyncio	set_event_loop	"Equivalent to calling get_event_loop_policy().set_event_loop(loop)."
asyncio	set_event_loop_policy	"Set the current event loop policy.\n\nIf policy is None, the default policy is restored."
asyncio	shield	"Wait for a future, shielding it from cancellation.\n\nThe statement\n\n    task = asyncio.create_task(something())\n    res = await shield(task)\n\nis exactly equivalent to the statement\n\n    res = await something()\n\n*except* that if the coroutine containing it is cancelled, the\ntask running in something() is not cancelled.  From the POV of\nsomething(), the cancellation did not happen.  But its caller is\nstill cancelled, so the yield-from expression still raises\nCancelledError.  Note: If something() is cancelled by other means\nthis will still cancel shield().\n\nIf you want to completely ignore cancellation (not recommended)\nyou can combine shield() with a try/except clause, as follows:\n\n    task = asyncio.create_task(something())\n    try:\n        res = await shield(task)\n    except CancelledError:\n        res = None\n\nSave a reference to tasks passed to this function, to avoid\na task disappearing mid-execution. The event loop only keeps\nweak references to tasks. A task that isn't referenced elsewhere\nmay get garbage collected at any time, even before it's done.\n"
asyncio	sleep	"Coroutine that completes after a given time (in seconds)."
asyncio	start_server	"Start a socket server, call back for each client connected.\n\nThe first parameter, `client_connected_cb`, takes two parameters:\nclient_reader, client_writer.  client_reader is a StreamReader\nobject, while client_writer is a StreamWriter object.  This\nparameter can either be a plain callback function or a coroutine;\nif it is a coroutine, it will be automatically converted into a\nTask.\n\nThe rest of the arguments are all the usual arguments to\nloop.create_server() except protocol_factory; most common are\npositional host and port, with various optional keyword arguments\nfollowing.  The return value is the same as loop.create_server().\n\nAdditional optional keyword argument is limit (to set the buffer\nlimit passed to the StreamReader).\n\nThe return value is the same as loop.create_server(), i.e. a\nServer object which can be used to stop the service.\n"
asyncio	start_unix_server	"Similar to `start_server` but works with UNIX Domain Sockets."
asyncio	timeout	"Timeout async context manager.\n\nUseful in cases when you want to apply timeout logic around block\nof code or in cases when asyncio.wait_for is not suitable. For example:\n\n>>> async with asyncio.timeout(10):  # 10 seconds timeout\n...     await long_running_task()\n\n\ndelay - value in seconds or None to disable timeout logic\n\nlong_running_task() is interrupted by raising asyncio.CancelledError,\nthe top-most affected timeout() context manager converts CancelledError\ninto TimeoutError.\n"
asyncio	timeout_at	"Schedule the timeout at absolute time.\n\nLike timeout() but argument gives absolute time in the same clock system\nas loop.time().\n\nPlease note: it is not POSIX time but a time with\nundefined starting base, e.g. the time of the system power on.\n\n>>> async with asyncio.timeout_at(loop.time() + 10):\n...     await long_running_task()\n\n\nwhen - a deadline when timeout occurs or None to disable timeout logic\n\nlong_running_task() is interrupted by raising asyncio.CancelledError,\nthe top-most affected timeout() context manager converts CancelledError\ninto TimeoutError.\n"
asyncio	to_thread	"Asynchronously run function *func* in a separate thread.\n\nAny *args and **kwargs supplied for this function are directly passed\nto *func*. Also, the current :class:`contextvars.Context` is propagated,\nallowing context variables from the main thread to be accessed in the\nseparate thread.\n\nReturn a coroutine that can be awaited to get the eventual result of *func*.\n"
asyncio	wait	"Wait for the Futures or Tasks given by fs to complete.\n\nThe fs iterable must not be empty.\n\nReturns two sets of Future: (done, pending).\n\nUsage:\n\n    done, pending = await asyncio.wait(fs)\n\nNote: This does not raise TimeoutError! Futures that aren't done\nwhen the timeout occurs are returned in the second set.\n"
asyncio	wait_for	"Wait for the single Future or coroutine to complete, with timeout.\n\nCoroutine will be wrapped in Task.\n\nReturns result of the Future or coroutine.  When a timeout occurs,\nit cancels the task and raises TimeoutError.  To avoid the task\ncancellation, wrap it in shield().\n\nIf the wait is cancelled, the task is also cancelled.\n\nIf the task suppresses the cancellation and returns a value instead,\nthat value is returned.\n\nThis function is a coroutine.\n"
asyncio	wrap_future	"Wrap concurrent.futures.Future object."
asyncio.constants	_SendfileMode._generate_next_value_	"\nGenerate the next value when not given.\n\nname: the name of the member\nstart: the initial start value or None\ncount: the number of existing members\nlast_values: the list of values assigned\n"
asyncio.constants	_SendfileMode._member_type_	"The base class of the class hierarchy.\n\nWhen called, it accepts no arguments and returns a new featureless\ninstance that has no instance attributes and cannot be given any.\n"
asyncio.constants	_SendfileMode._new_member_	"Create and return a new object.  See help(type) for accurate signature."
asyncio.events	Handle._args	null
asyncio.events	Handle._callback	null
asyncio.events	Handle._cancelled	null
asyncio.events	Handle._context	null
asyncio.events	Handle._loop	null
asyncio.events	Handle._repr	null
asyncio.events	Handle._source_traceback	null
asyncio.events	TimerHandle._scheduled	null
asyncio.events	TimerHandle._when	null
asyncio.events	_c__get_running_loop	"Return the running event loop or None.\n\nThis is a low-level function intended to be used by event loops.\nThis function is thread-specific."
asyncio.events	_c__set_running_loop	"Set the running event loop.\n\nThis is a low-level function intended to be used by event loops.\nThis function is thread-specific."
asyncio.events	_c_get_event_loop	"Return an asyncio event loop.\n\nWhen called from a coroutine or a callback (e.g. scheduled with\ncall_soon or similar API), this function will always return the\nrunning event loop.\n\nIf there is no running event loop set, the function will return\nthe result of `get_event_loop_policy().get_event_loop()` call."
asyncio.events	_c_get_running_loop	"Return the running event loop.  Raise a RuntimeError if there is none.\n\nThis function is thread-specific."
asyncio.events	_get_running_loop	"Return the running event loop or None.\n\nThis is a low-level function intended to be used by event loops.\nThis function is thread-specific."
asyncio.events	_py__get_running_loop	"Return the running event loop or None.\n\nThis is a low-level function intended to be used by event loops.\nThis function is thread-specific.\n"
asyncio.events	_py__set_running_loop	"Set the running event loop.\n\nThis is a low-level function intended to be used by event loops.\nThis function is thread-specific.\n"
asyncio.events	_py_get_event_loop	"Return an asyncio event loop.\n\nWhen called from a coroutine or a callback (e.g. scheduled with call_soon\nor similar API), this function will always return the running event loop.\n\nIf there is no running event loop set, the function will return\nthe result of `get_event_loop_policy().get_event_loop()` call.\n"
asyncio.events	_py_get_running_loop	"Return the running event loop.  Raise a RuntimeError if there is none.\n\nThis function is thread-specific.\n"
asyncio.events	_set_running_loop	"Set the running event loop.\n\nThis is a low-level function intended to be used by event loops.\nThis function is thread-specific."
asyncio.events	get_event_loop	"Return an asyncio event loop.\n\nWhen called from a coroutine or a callback (e.g. scheduled with\ncall_soon or similar API), this function will always return the\nrunning event loop.\n\nIf there is no running event loop set, the function will return\nthe result of `get_event_loop_policy().get_event_loop()` call."
asyncio.events	get_running_loop	"Return the running event loop.  Raise a RuntimeError if there is none.\n\nThis function is thread-specific."
asyncio.futures	_PyFuture	"This class is *almost* compatible with concurrent.futures.Future.\n\nDifferences:\n\n- This class is not thread-safe.\n\n- result() and exception() do not take a timeout argument and\n  raise an exception when the future isn't done yet.\n\n- Callbacks registered with add_done_callback() are always called\n  via the event loop's call_soon().\n\n- This class is not compatible with the wait() and as_completed()\n  methods in the concurrent.futures package.\n\n(In Python 3.4 or later we may be able to unify the implementations.)\n"
asyncio.futures	_PyFuture._Future__schedule_callbacks	"Internal: Ask the event loop to call all callbacks.\n\nThe callbacks are scheduled to be called as soon as possible. Also\nclears the callback list.\n"
asyncio.futures	_PyFuture._log_traceback	null
asyncio.futures	_PyFuture._make_cancelled_error	"Create the CancelledError to raise if the Future is cancelled.\n\nThis should only be called once when handling a cancellation since\nit erases the saved context exception value.\n"
asyncio.futures	_PyFuture.add_done_callback	"Add a callback to be run when the future becomes done.\n\nThe callback is called with a single argument - the future object. If\nthe future is already done when this is called, the callback is\nscheduled with call_soon.\n"
asyncio.futures	_PyFuture.cancel	"Cancel the future and schedule callbacks.\n\nIf the future is already done or cancelled, return False.  Otherwise,\nchange the future's state to cancelled, schedule the callbacks and\nreturn True.\n"
asyncio.futures	_PyFuture.cancelled	"Return True if the future was cancelled."
asyncio.futures	_PyFuture.done	"Return True if the future is done.\n\nDone means either that a result / exception are available, or that the\nfuture was cancelled.\n"
asyncio.futures	_PyFuture.exception	"Return the exception that was set on this future.\n\nThe exception (or None if no exception was set) is returned only if\nthe future is done.  If the future has been cancelled, raises\nCancelledError.  If the future isn't done yet, raises\nInvalidStateError.\n"
asyncio.futures	_PyFuture.get_loop	"Return the event loop the Future is bound to."
asyncio.futures	_PyFuture.remove_done_callback	"Remove all instances of a callback from the \"call when done\" list.\n\nReturns the number of callbacks removed.\n"
asyncio.futures	_PyFuture.result	"Return the result this future represents.\n\nIf the future has been cancelled, raises CancelledError.  If the\nfuture's result isn't yet available, raises InvalidStateError.  If\nthe future is done and has an exception set, this exception is raised.\n"
asyncio.futures	_PyFuture.set_exception	"Mark the future done and set an exception.\n\nIf the future is already done when this method is called, raises\nInvalidStateError.\n"
asyncio.futures	_PyFuture.set_result	"Mark the future done and set its result.\n\nIf the future is already done when this method is called, raises\nInvalidStateError.\n"
asyncio.futures	isfuture	"Check for a Future.\n\nThis returns True when obj is a Future instance or is advertising\nitself as duck-type compatible by setting _asyncio_future_blocking.\nSee comment in Future for more details.\n"
asyncio.locks	_BarrierState._generate_next_value_	"\nGenerate the next value when not given.\n\nname: the name of the member\nstart: the initial start value or None\ncount: the number of existing members\nlast_values: the list of values assigned\n"
asyncio.locks	_BarrierState._member_type_	"The base class of the class hierarchy.\n\nWhen called, it accepts no arguments and returns a new featureless\ninstance that has no instance attributes and cannot be given any.\n"
asyncio.locks	_BarrierState._new_member_	"Create and return a new object.  See help(type) for accurate signature."
asyncio.runners	_State._generate_next_value_	"\nGenerate the next value when not given.\n\nname: the name of the member\nstart: the initial start value or None\ncount: the number of existing members\nlast_values: the list of values assigned\n"
asyncio.runners	_State._member_type_	"The base class of the class hierarchy.\n\nWhen called, it accepts no arguments and returns a new featureless\ninstance that has no instance attributes and cannot be given any.\n"
asyncio.runners	_State._new_member_	"Create and return a new object.  See help(type) for accurate signature."
asyncio.streams	sleep	"Coroutine that completes after a given time (in seconds)."
asyncio.tasks	_PyTask	"A coroutine wrapped in a Future."
asyncio.tasks	_PyTask._Task__eager_start	null
asyncio.tasks	_PyTask._Task__step	null
asyncio.tasks	_PyTask._Task__step_run_and_handle_result	null
asyncio.tasks	_PyTask._Task__wakeup	null
asyncio.tasks	_PyTask.cancel	"Request that this task cancel itself.\n\nThis arranges for a CancelledError to be thrown into the\nwrapped coroutine on the next cycle through the event loop.\nThe coroutine then has a chance to clean up or even deny\nthe request using try/except/finally.\n\nUnlike Future.cancel, this does not guarantee that the\ntask will be cancelled: the exception might be caught and\nacted upon, delaying cancellation of the task or preventing\ncancellation completely.  The task may also return a value or\nraise a different exception.\n\nImmediately after this method is called, Task.cancelled() will\nnot return True (unless the task was already cancelled).  A\ntask will be marked as cancelled when the wrapped coroutine\nterminates with a CancelledError exception (even if cancel()\nwas not called).\n\nThis also increases the task's count of cancellation requests.\n"
asyncio.tasks	_PyTask.cancelling	"Return the count of the task's cancellation requests.\n\nThis count is incremented when .cancel() is called\nand may be decremented using .uncancel().\n"
asyncio.tasks	_PyTask.get_context	null
asyncio.tasks	_PyTask.get_coro	null
asyncio.tasks	_PyTask.get_name	null
asyncio.tasks	_PyTask.get_stack	"Return the list of stack frames for this task's coroutine.\n\nIf the coroutine is not done, this returns the stack where it is\nsuspended.  If the coroutine has completed successfully or was\ncancelled, this returns an empty list.  If the coroutine was\nterminated by an exception, this returns the list of traceback\nframes.\n\nThe frames are always ordered from oldest to newest.\n\nThe optional limit gives the maximum number of frames to\nreturn; by default all available frames are returned.  Its\nmeaning differs depending on whether a stack or a traceback is\nreturned: the newest frames of a stack are returned, but the\noldest frames of a traceback are returned.  (This matches the\nbehavior of the traceback module.)\n\nFor reasons beyond our control, only one stack frame is\nreturned for a suspended coroutine.\n"
asyncio.tasks	_PyTask.print_stack	"Print the stack or traceback for this task's coroutine.\n\nThis produces output similar to that of the traceback module,\nfor the frames retrieved by get_stack().  The limit argument\nis passed to get_stack().  The file argument is an I/O stream\nto which the output is written; by default output is written\nto sys.stderr.\n"
asyncio.tasks	_PyTask.set_exception	null
asyncio.tasks	_PyTask.set_name	null
asyncio.tasks	_PyTask.set_result	null
asyncio.tasks	_PyTask.uncancel	"Decrement the task's count of cancellation requests.\n\nThis should be called by the party that called `cancel()` on the task\nbeforehand.\n\nReturns the remaining number of cancellation requests.\n"
asyncio.tasks	_c_current_task	"Return a currently executed task."
asyncio.tasks	_c_enter_task	"Enter into task execution or resume suspended task.\n\nTask belongs to loop.\n\nReturns None."
asyncio.tasks	_c_leave_task	"Leave task execution or suspend a task.\n\nTask belongs to loop.\n\nReturns None."
asyncio.tasks	_c_register_eager_task	"Register a new task in asyncio as executed by loop.\n\nReturns None."
asyncio.tasks	_c_register_task	"Register a new task in asyncio as executed by loop.\n\nReturns None."
asyncio.tasks	_c_swap_current_task	"Temporarily swap in the supplied task and return the original one (or None).\n\nThis is intended for use during eager coroutine execution."
asyncio.tasks	_c_unregister_eager_task	"Unregister a task.\n\nReturns None."
asyncio.tasks	_c_unregister_task	"Unregister a task.\n\nReturns None."
asyncio.tasks	_enter_task	"Enter into task execution or resume suspended task.\n\nTask belongs to loop.\n\nReturns None."
asyncio.tasks	_leave_task	"Leave task execution or suspend a task.\n\nTask belongs to loop.\n\nReturns None."
asyncio.tasks	_py_current_task	"Return a currently executed task."
asyncio.tasks	_py_enter_task	null
asyncio.tasks	_py_leave_task	null
asyncio.tasks	_py_register_eager_task	"Register an asyncio Task about to be eagerly executed."
asyncio.tasks	_py_register_task	"Register an asyncio Task scheduled to run on an event loop."
asyncio.tasks	_py_swap_current_task	null
asyncio.tasks	_py_unregister_eager_task	"Unregister a task which finished its first eager step."
asyncio.tasks	_py_unregister_task	"Unregister a completed, scheduled Task."
asyncio.tasks	_register_eager_task	"Register a new task in asyncio as executed by loop.\n\nReturns None."
asyncio.tasks	_register_task	"Register a new task in asyncio as executed by loop.\n\nReturns None."
asyncio.tasks	_swap_current_task	"Temporarily swap in the supplied task and return the original one (or None).\n\nThis is intended for use during eager coroutine execution."
asyncio.tasks	_unregister_eager_task	"Unregister a task.\n\nReturns None."
asyncio.tasks	_unregister_task	"Unregister a task.\n\nReturns None."
asyncio.tasks	eager_task_factory	null
asyncio.timeouts	_State._generate_next_value_	"\nGenerate the next value when not given.\n\nname: the name of the member\nstart: the initial start value or None\ncount: the number of existing members\nlast_values: the list of values assigned\n"
asyncio.timeouts	_State._member_type_	"The base class of the class hierarchy.\n\nWhen called, it accepts no arguments and returns a new featureless\ninstance that has no instance attributes and cannot be given any.\n"
asyncio.timeouts	_State._new_member_	"Create and return a new object.  See help(type) for accurate signature."
asyncio.timeouts	final	"Decorator to indicate final methods and final classes.\n\nUse this decorator to indicate to type checkers that the decorated\nmethod cannot be overridden, and decorated class cannot be subclassed.\n\nFor example::\n\n    class Base:\n        @final\n        def done(self) -> None:\n            ...\n    class Sub(Base):\n        def done(self) -> None:  # Error reported by type checker\n            ...\n\n    @final\n    class Leaf:\n        ...\n    class Other(Leaf):  # Error reported by type checker\n        ...\n\nThere is no runtime checking of these properties. The decorator\nattempts to set the ``__final__`` attribute to ``True`` on the decorated\nobject to allow runtime introspection.\n"
asyncio.transports	BaseTransport._extra	null
asyncio.transports	_FlowControlMixin._high_water	null
asyncio.transports	_FlowControlMixin._loop	null
asyncio.transports	_FlowControlMixin._low_water	null
asyncio.transports	_FlowControlMixin._protocol_paused	null
asyncio.trsock	TransportSocket._sock	null
asyncio.unix_events	DefaultEventLoopPolicy	"UNIX event loop policy with a watcher for child processes."
asyncio.unix_events	DefaultEventLoopPolicy._init_watcher	null
asyncio.unix_events	DefaultEventLoopPolicy._loop_factory	"Unix event loop.\n\nAdds signal handling and UNIX Domain Socket support to SelectorEventLoop.\n"
asyncio.unix_events	DefaultEventLoopPolicy.get_child_watcher	"Get the watcher for child processes.\n\nIf not yet set, a ThreadedChildWatcher object is automatically created.\n"
asyncio.unix_events	DefaultEventLoopPolicy.set_child_watcher	"Set the watcher for child processes."
asyncio.unix_events	DefaultEventLoopPolicy.set_event_loop	"Set the event loop.\n\nAs a side effect, if a child watcher was set before, then calling\n.set_event_loop() from the main thread will call .attach_loop(loop) on\nthe child watcher.\n"
asyncio.unix_events	EventLoop	"Unix event loop.\n\nAdds signal handling and UNIX Domain Socket support to SelectorEventLoop.\n"
asyncio.unix_events	EventLoop._check_signal	"Internal helper to validate a signal.\n\nRaise ValueError if the signal number is invalid or uncatchable.\nRaise RuntimeError if there is a problem setting up the handler.\n"
asyncio.unix_events	EventLoop._child_watcher_callback	null
asyncio.unix_events	EventLoop._handle_signal	"Internal helper that is the actual signal handler."
asyncio.unix_events	EventLoop._make_read_pipe_transport	null
asyncio.unix_events	EventLoop._make_subprocess_transport	null
asyncio.unix_events	EventLoop._make_write_pipe_transport	null
asyncio.unix_events	EventLoop._process_self_data	null
asyncio.unix_events	EventLoop._sock_add_cancellation_callback	null
asyncio.unix_events	EventLoop._sock_sendfile_native	null
asyncio.unix_events	EventLoop._sock_sendfile_native_impl	null
asyncio.unix_events	EventLoop._sock_sendfile_update_filepos	null
asyncio.unix_events	EventLoop._stop_serving	null
asyncio.unix_events	EventLoop.add_signal_handler	"Add a handler for a signal.  UNIX only.\n\nRaise ValueError if the signal number is invalid or uncatchable.\nRaise RuntimeError if there is a problem setting up the handler.\n"
asyncio.unix_events	EventLoop.close	null
asyncio.unix_events	EventLoop.create_unix_connection	null
asyncio.unix_events	EventLoop.create_unix_server	null
asyncio.unix_events	EventLoop.remove_signal_handler	"Remove a handler for a signal.  UNIX only.\n\nReturn True if a signal handler was removed, False if not.\n"
asyncio.unix_events	SelectorEventLoop	"Unix event loop.\n\nAdds signal handling and UNIX Domain Socket support to SelectorEventLoop.\n"
asyncio.unix_events	SelectorEventLoop._check_signal	"Internal helper to validate a signal.\n\nRaise ValueError if the signal number is invalid or uncatchable.\nRaise RuntimeError if there is a problem setting up the handler.\n"
asyncio.unix_events	SelectorEventLoop._child_watcher_callback	null
asyncio.unix_events	SelectorEventLoop._handle_signal	"Internal helper that is the actual signal handler."
asyncio.unix_events	SelectorEventLoop._make_read_pipe_transport	null
asyncio.unix_events	SelectorEventLoop._make_subprocess_transport	null
asyncio.unix_events	SelectorEventLoop._make_write_pipe_transport	null
asyncio.unix_events	SelectorEventLoop._process_self_data	null
asyncio.unix_events	SelectorEventLoop._sock_add_cancellation_callback	null
asyncio.unix_events	SelectorEventLoop._sock_sendfile_native	null
asyncio.unix_events	SelectorEventLoop._sock_sendfile_native_impl	null
asyncio.unix_events	SelectorEventLoop._sock_sendfile_update_filepos	null
asyncio.unix_events	SelectorEventLoop._stop_serving	null
asyncio.unix_events	SelectorEventLoop.add_signal_handler	"Add a handler for a signal.  UNIX only.\n\nRaise ValueError if the signal number is invalid or uncatchable.\nRaise RuntimeError if there is a problem setting up the handler.\n"
asyncio.unix_events	SelectorEventLoop.close	null
asyncio.unix_events	SelectorEventLoop.create_unix_connection	null
asyncio.unix_events	SelectorEventLoop.create_unix_server	null
asyncio.unix_events	SelectorEventLoop.remove_signal_handler	"Remove a handler for a signal.  UNIX only.\n\nReturn True if a signal handler was removed, False if not.\n"
asyncio.unix_events	_UnixDefaultEventLoopPolicy._loop_factory	"Unix event loop.\n\nAdds signal handling and UNIX Domain Socket support to SelectorEventLoop.\n"
atexit		"allow programmer to define multiple exit functions to be executed\nupon normal program termination.\n\nTwo public functions, register and unregister, are defined.\n"
atexit	_clear	"Clear the list of previously registered exit functions."
atexit	_ncallbacks	"Return the number of registered exit functions."
atexit	_run_exitfuncs	"Run all registered exit functions.\n\nIf a callback raises an exception, it is logged with sys.unraisablehook."
atexit	register	"Register a function to be executed upon normal program termination\n\n    func - function to be called at exit\n    args - optional arguments to pass to func\n    kwargs - optional keyword arguments to pass to func\n\n    func is returned to facilitate usage as a decorator."
atexit	unregister	"Unregister an exit function which was previously registered using\natexit.register\n\n    func - function to be unregistered"
base64	b32decode	"\nDecode the base32 encoded bytes-like object or ASCII string s.\n\nOptional casefold is a flag specifying whether a lowercase alphabet is\nacceptable as input.  For security purposes, the default is False.\n\nRFC 3548 allows for optional mapping of the digit 0 (zero) to the\nletter O (oh), and for optional mapping of the digit 1 (one) to\neither the letter I (eye) or letter L (el).  The optional argument\nmap01 when not None, specifies which letter the digit 1 should be\nmapped to (when map01 is not None, the digit 0 is always mapped to\nthe letter O).  For security purposes the default is None, so that\n0 and 1 are not allowed in the input.\n\nThe result is returned as a bytes object.  A binascii.Error is raised if\nthe input is incorrectly padded or if there are non-alphabet\ncharacters present in the input.\n"
base64	b32encode	"\nEncode the bytes-like objects using base32 and return a bytes object.\n"
base64	b32hexdecode	"\nDecode the base32hex encoded bytes-like object or ASCII string s.\n\nOptional casefold is a flag specifying whether a lowercase alphabet is\nacceptable as input.  For security purposes, the default is False.\n\nThe result is returned as a bytes object.  A binascii.Error is raised if\nthe input is incorrectly padded or if there are non-alphabet\ncharacters present in the input.\n"
base64	b32hexencode	"\nEncode the bytes-like objects using base32hex and return a bytes object.\n"
bdb	contextmanager	"@contextmanager decorator.\n\nTypical usage:\n\n    @contextmanager\n    def some_generator(<arguments>):\n        <setup>\n        try:\n            yield <value>\n        finally:\n            <cleanup>\n\nThis makes this:\n\n    with some_generator(<arguments>) as <variable>:\n        <body>\n\nequivalent to this:\n\n    <setup>\n    try:\n        <variable> = <value>\n        <body>\n    finally:\n        <cleanup>\n"
binascii		"Conversion between binary data and ASCII"
binascii	Error	null
binascii	Incomplete	null
binascii	a2b_base64	"Decode a line of base64 data.\n\n  strict_mode\n    When set to True, bytes that are not part of the base64 standard are not allowed.\n    The same applies to excess data after padding (= / ==)."
binascii	a2b_hex	"Binary data of hexadecimal representation.\n\nhexstr must contain an even number of hex digits (upper or lower case).\nThis function is also available as \"unhexlify()\"."
binascii	a2b_qp	"Decode a string of qp-encoded data."
binascii	a2b_uu	"Decode a line of uuencoded data."
binascii	b2a_base64	"Base64-code line of data."
binascii	b2a_hex	"Hexadecimal representation of binary data.\n\n  sep\n    An optional single character or byte to separate hex bytes.\n  bytes_per_sep\n    How many bytes between separators.  Positive values count from the\n    right, negative values count from the left.\n\nThe return value is a bytes object.  This function is also\navailable as \"hexlify()\".\n\nExample:\n>>> binascii.b2a_hex(b'\\xb9\\x01\\xef')\nb'b901ef'\n>>> binascii.hexlify(b'\\xb9\\x01\\xef', ':')\nb'b9:01:ef'\n>>> binascii.b2a_hex(b'\\xb9\\x01\\xef', b'_', 2)\nb'b9_01ef'"
binascii	b2a_qp	"Encode a string using quoted-printable encoding.\n\nOn encoding, when istext is set, newlines are not encoded, and white\nspace at end of lines is.  When istext is not set, \\r and \\n (CR/LF)\nare both encoded.  When quotetabs is set, space and tabs are encoded."
binascii	b2a_uu	"Uuencode line of data."
binascii	crc32	"Compute CRC-32 incrementally."
binascii	crc_hqx	"Compute CRC-CCITT incrementally."
binascii	hexlify	"Hexadecimal representation of binary data.\n\n  sep\n    An optional single character or byte to separate hex bytes.\n  bytes_per_sep\n    How many bytes between separators.  Positive values count from the\n    right, negative values count from the left.\n\nThe return value is a bytes object.  This function is also\navailable as \"b2a_hex()\"."
binascii	unhexlify	"Binary data of hexadecimal representation.\n\nhexstr must contain an even number of hex digits (upper or lower case)."
bisect	bisect	"Return the index where to insert item x in list a, assuming a is sorted.\n\nThe return value i is such that all e in a[:i] have e <= x, and all e in\na[i:] have e > x.  So if x already appears in the list, a.insert(i, x) will\ninsert just after the rightmost x already there.\n\nOptional args lo (default 0) and hi (default len(a)) bound the\nslice of a to be searched.\n\nA custom key function can be supplied to customize the sort order."
bisect	bisect_left	"Return the index where to insert item x in list a, assuming a is sorted.\n\nThe return value i is such that all e in a[:i] have e < x, and all e in\na[i:] have e >= x.  So if x already appears in the list, a.insert(i, x) will\ninsert just before the leftmost x already there.\n\nOptional args lo (default 0) and hi (default len(a)) bound the\nslice of a to be searched.\n\nA custom key function can be supplied to customize the sort order."
bisect	bisect_right	"Return the index where to insert item x in list a, assuming a is sorted.\n\nThe return value i is such that all e in a[:i] have e <= x, and all e in\na[i:] have e > x.  So if x already appears in the list, a.insert(i, x) will\ninsert just after the rightmost x already there.\n\nOptional args lo (default 0) and hi (default len(a)) bound the\nslice of a to be searched.\n\nA custom key function can be supplied to customize the sort order."
bisect	insort	"Insert item x in list a, and keep it sorted assuming a is sorted.\n\nIf x is already in a, insert it to the right of the rightmost x.\n\nOptional args lo (default 0) and hi (default len(a)) bound the\nslice of a to be searched.\n\nA custom key function can be supplied to customize the sort order."
bisect	insort_left	"Insert item x in list a, and keep it sorted assuming a is sorted.\n\nIf x is already in a, insert it to the left of the leftmost x.\n\nOptional args lo (default 0) and hi (default len(a)) bound the\nslice of a to be searched.\n\nA custom key function can be supplied to customize the sort order."
bisect	insort_right	"Insert item x in list a, and keep it sorted assuming a is sorted.\n\nIf x is already in a, insert it to the right of the rightmost x.\n\nOptional args lo (default 0) and hi (default len(a)) bound the\nslice of a to be searched.\n\nA custom key function can be supplied to customize the sort order."
_bisect		"Bisection algorithms.\n\nThis module provides support for maintaining a list in sorted order without\nhaving to sort the list after each insertion. For long lists of items with\nexpensive comparison operations, this can be an improvement over the more\ncommon approach.\n"
_bisect	bisect_left	"Return the index where to insert item x in list a, assuming a is sorted.\n\nThe return value i is such that all e in a[:i] have e < x, and all e in\na[i:] have e >= x.  So if x already appears in the list, a.insert(i, x) will\ninsert just before the leftmost x already there.\n\nOptional args lo (default 0) and hi (default len(a)) bound the\nslice of a to be searched.\n\nA custom key function can be supplied to customize the sort order."
_bisect	bisect_right	"Return the index where to insert item x in list a, assuming a is sorted.\n\nThe return value i is such that all e in a[:i] have e <= x, and all e in\na[i:] have e > x.  So if x already appears in the list, a.insert(i, x) will\ninsert just after the rightmost x already there.\n\nOptional args lo (default 0) and hi (default len(a)) bound the\nslice of a to be searched.\n\nA custom key function can be supplied to customize the sort order."
_bisect	insort_left	"Insert item x in list a, and keep it sorted assuming a is sorted.\n\nIf x is already in a, insert it to the left of the leftmost x.\n\nOptional args lo (default 0) and hi (default len(a)) bound the\nslice of a to be searched.\n\nA custom key function can be supplied to customize the sort order."
_bisect	insort_right	"Insert item x in list a, and keep it sorted assuming a is sorted.\n\nIf x is already in a, insert it to the right of the rightmost x.\n\nOptional args lo (default 0) and hi (default len(a)) bound the\nslice of a to be searched.\n\nA custom key function can be supplied to customize the sort order."
builtins		"Built-in functions, types, exceptions, and other objects.\n\nThis module provides direct access to all 'built-in'\nidentifiers of Python; for example, builtins.len is\nthe full name for the built-in function len().\n\nThis module is not normally accessed explicitly by most\napplications, but can be useful in modules that provide\nobjects with the same name as a built-in value, but in\nwhich the built-in of that name is also needed."
builtins	ArithmeticError	"Base class for arithmetic errors."
builtins	ArithmeticError.__init__	"Initialize self.  See help(type(self)) for accurate signature."
builtins	ArithmeticError.__new__	"Create and return a new object.  See help(type) for accurate signature."
builtins	AssertionError	"Assertion failed."
builtins	AssertionError.__init__	"Initialize self.  See help(type(self)) for accurate signature."
builtins	AssertionError.__new__	"Create and return a new object.  See help(type) for accurate signature."
builtins	AttributeError	"Attribute not found."
builtins	AttributeError.__getstate__	null
builtins	AttributeError.__init__	"Initialize self.  See help(type(self)) for accurate signature."
builtins	AttributeError.__reduce__	null
builtins	AttributeError.__str__	"Return str(self)."
builtins	AttributeError.name	"attribute name"
builtins	AttributeError.obj	"object"
builtins	BaseException	"Common base class for all exceptions"
builtins	BaseException.__cause__	"exception cause"
builtins	BaseException.__context__	"exception context"
builtins	BaseException.__dict__	null
builtins	BaseException.__getattribute__	"Return getattr(self, name)."
builtins	BaseException.__init__	"Initialize self.  See help(type(self)) for accurate signature."
builtins	BaseException.__new__	"Create and return a new object.  See help(type) for accurate signature."
builtins	BaseException.__reduce__	null
builtins	BaseException.__repr__	"Return repr(self)."
builtins	BaseException.__setstate__	null
builtins	BaseException.__str__	"Return str(self)."
builtins	BaseException.__suppress_context__	null
builtins	BaseException.__traceback__	null
builtins	BaseException.add_note	"Exception.add_note(note) --\n    add a note to the exception"
builtins	BaseException.args	null
builtins	BaseException.with_traceback	"Exception.with_traceback(tb) --\n    set self.__traceback__ to tb and return self."
builtins	BaseExceptionGroup	"A combination of multiple unrelated exceptions."
builtins	BaseExceptionGroup.__class_getitem__	"See PEP 585"
builtins	BaseExceptionGroup.__init__	"Initialize self.  See help(type(self)) for accurate signature."
builtins	BaseExceptionGroup.__new__	"Create and return a new object.  See help(type) for accurate signature."
builtins	BaseExceptionGroup.__str__	"Return str(self)."
builtins	BaseExceptionGroup.derive	null
builtins	BaseExceptionGroup.exceptions	"nested exceptions"
builtins	BaseExceptionGroup.message	"exception message"
builtins	BaseExceptionGroup.split	null
builtins	BaseExceptionGroup.subgroup	null
builtins	BlockingIOError	"I/O operation would block."
builtins	BlockingIOError.__init__	"Initialize self.  See help(type(self)) for accurate signature."
builtins	BrokenPipeError	"Broken pipe."
builtins	BrokenPipeError.__init__	"Initialize self.  See help(type(self)) for accurate signature."
builtins	BufferError	"Buffer error."
builtins	BufferError.__init__	"Initialize self.  See help(type(self)) for accurate signature."
builtins	BufferError.__new__	"Create and return a new object.  See help(type) for accurate signature."
builtins	BytesWarning	"Base class for warnings about bytes and buffer related problems, mostly\nrelated to conversion from str or comparing to str."
builtins	BytesWarning.__init__	"Initialize self.  See help(type(self)) for accurate signature."
builtins	BytesWarning.__new__	"Create and return a new object.  See help(type) for accurate signature."
builtins	ChildProcessError	"Child process error."
builtins	ChildProcessError.__init__	"Initialize self.  See help(type(self)) for accurate signature."
builtins	ConnectionAbortedError	"Connection aborted."
builtins	ConnectionAbortedError.__init__	"Initialize self.  See help(type(self)) for accurate signature."
builtins	ConnectionError	"Connection error."
builtins	ConnectionError.__init__	"Initialize self.  See help(type(self)) for accurate signature."
builtins	ConnectionRefusedError	"Connection refused."
builtins	ConnectionRefusedError.__init__	"Initialize self.  See help(type(self)) for accurate signature."
builtins	ConnectionResetError	"Connection reset."
builtins	ConnectionResetError.__init__	"Initialize self.  See help(type(self)) for accurate signature."
builtins	DeprecationWarning	"Base class for warnings about deprecated features."
builtins	DeprecationWarning.__init__	"Initialize self.  See help(type(self)) for accurate signature."
builtins	DeprecationWarning.__new__	"Create and return a new object.  See help(type) for accurate signature."
builtins	EOFError	"Read beyond end of file."
builtins	EOFError.__init__	"Initialize self.  See help(type(self)) for accurate signature."
builtins	EOFError.__new__	"Create and return a new object.  See help(type) for accurate signature."
builtins	EncodingWarning	"Base class for warnings about encodings."
builtins	EncodingWarning.__init__	"Initialize self.  See help(type(self)) for accurate signature."
builtins	EncodingWarning.__new__	"Create and return a new object.  See help(type) for accurate signature."
builtins	EnvironmentError	"Base class for I/O related errors."
builtins	EnvironmentError.__init__	"Initialize self.  See help(type(self)) for accurate signature."
builtins	EnvironmentError.__new__	"Create and return a new object.  See help(type) for accurate signature."
builtins	EnvironmentError.__reduce__	null
builtins	EnvironmentError.__str__	"Return str(self)."
builtins	EnvironmentError.characters_written	null
builtins	EnvironmentError.errno	"POSIX exception code"
builtins	EnvironmentError.filename	"exception filename"
builtins	EnvironmentError.filename2	"second exception filename"
builtins	EnvironmentError.strerror	"exception strerror"
builtins	Exception	"Common base class for all non-exit exceptions."
builtins	Exception.__init__	"Initialize self.  See help(type(self)) for accurate signature."
builtins	Exception.__new__	"Create and return a new object.  See help(type) for accurate signature."
builtins	ExceptionGroup	null
builtins	ExceptionGroup.__weakref__	"list of weak references to the object"
builtins	FileExistsError	"File already exists."
builtins	FileExistsError.__init__	"Initialize self.  See help(type(self)) for accurate signature."
builtins	FileNotFoundError	"File not found."
builtins	FileNotFoundError.__init__	"Initialize self.  See help(type(self)) for accurate signature."
builtins	FloatingPointError	"Floating-point operation failed."
builtins	FloatingPointError.__init__	"Initialize self.  See help(type(self)) for accurate signature."
builtins	FloatingPointError.__new__	"Create and return a new object.  See help(type) for accurate signature."
builtins	FutureWarning	"Base class for warnings about constructs that will change semantically\nin the future."
builtins	FutureWarning.__init__	"Initialize self.  See help(type(self)) for accurate signature."
builtins	FutureWarning.__new__	"Create and return a new object.  See help(type) for accurate signature."
builtins	GeneratorExit	"Request that a generator exit."
builtins	GeneratorExit.__init__	"Initialize self.  See help(type(self)) for accurate signature."
builtins	GeneratorExit.__new__	"Create and return a new object.  See help(type) for accurate signature."
builtins	IOError	"Base class for I/O related errors."
builtins	IOError.__init__	"Initialize self.  See help(type(self)) for accurate signature."
builtins	IOError.__new__	"Create and return a new object.  See help(type) for accurate signature."
builtins	IOError.__reduce__	null
builtins	IOError.__str__	"Return str(self)."
builtins	IOError.characters_written	null
builtins	IOError.errno	"POSIX exception code"
builtins	IOError.filename	"exception filename"
builtins	IOError.filename2	"second exception filename"
builtins	IOError.strerror	"exception strerror"
builtins	ImportError	"Import can't find module, or can't find name in module."
builtins	ImportError.__init__	"Initialize self.  See help(type(self)) for accurate signature."
builtins	ImportError.__reduce__	null
builtins	ImportError.__str__	"Return str(self)."
builtins	ImportError.msg	"exception message"
builtins	ImportError.name	"module name"
builtins	ImportError.name_from	"name imported from module"
builtins	ImportError.path	"module path"
builtins	ImportWarning	"Base class for warnings about probable mistakes in module imports"
builtins	ImportWarning.__init__	"Initialize self.  See help(type(self)) for accurate signature."
builtins	ImportWarning.__new__	"Create and return a new object.  See help(type) for accurate signature."
builtins	IndentationError	"Improper indentation."
builtins	IndentationError.__init__	"Initialize self.  See help(type(self)) for accurate signature."
builtins	IndexError	"Sequence index out of range."
builtins	IndexError.__init__	"Initialize self.  See help(type(self)) for accurate signature."
builtins	IndexError.__new__	"Create and return a new object.  See help(type) for accurate signature."
builtins	InterruptedError	"Interrupted by signal."
builtins	InterruptedError.__init__	"Initialize self.  See help(type(self)) for accurate signature."
builtins	IsADirectoryError	"Operation doesn't work on directories."
builtins	IsADirectoryError.__init__	"Initialize self.  See help(type(self)) for accurate signature."
builtins	KeyError	"Mapping key not found."
builtins	KeyError.__init__	"Initialize self.  See help(type(self)) for accurate signature."
builtins	KeyError.__str__	"Return str(self)."
builtins	KeyboardInterrupt	"Program interrupted by user."
builtins	KeyboardInterrupt.__init__	"Initialize self.  See help(type(self)) for accurate signature."
builtins	KeyboardInterrupt.__new__	"Create and return a new object.  See help(type) for accurate signature."
builtins	LookupError	"Base class for lookup errors."
builtins	LookupError.__init__	"Initialize self.  See help(type(self)) for accurate signature."
builtins	LookupError.__new__	"Create and return a new object.  See help(type) for accurate signature."
builtins	MemoryError	"Out of memory."
builtins	MemoryError.__init__	"Initialize self.  See help(type(self)) for accurate signature."
builtins	MemoryError.__new__	"Create and return a new object.  See help(type) for accurate signature."
builtins	ModuleNotFoundError	"Module not found."
builtins	ModuleNotFoundError.__init__	"Initialize self.  See help(type(self)) for accurate signature."
builtins	NameError	"Name not found globally."
builtins	NameError.__init__	"Initialize self.  See help(type(self)) for accurate signature."
builtins	NameError.__str__	"Return str(self)."
builtins	NameError.name	"name"
builtins	NotADirectoryError	"Operation only works on directories."
builtins	NotADirectoryError.__init__	"Initialize self.  See help(type(self)) for accurate signature."
builtins	NotImplementedError	"Method or function hasn't been implemented yet."
builtins	NotImplementedError.__init__	"Initialize self.  See help(type(self)) for accurate signature."
builtins	NotImplementedError.__new__	"Create and return a new object.  See help(type) for accurate signature."
builtins	OSError	"Base class for I/O related errors."
builtins	OSError.__init__	"Initialize self.  See help(type(self)) for accurate signature."
builtins	OSError.__new__	"Create and return a new object.  See help(type) for accurate signature."
builtins	OSError.__reduce__	null
builtins	OSError.__str__	"Return str(self)."
builtins	OSError.characters_written	null
builtins	OSError.errno	"POSIX exception code"
builtins	OSError.filename	"exception filename"
builtins	OSError.filename2	"second exception filename"
builtins	OSError.strerror	"exception strerror"
builtins	OverflowError	"Result too large to be represented."
builtins	OverflowError.__init__	"Initialize self.  See help(type(self)) for accurate signature."
builtins	OverflowError.__new__	"Create and return a new object.  See help(type) for accurate signature."
builtins	PendingDeprecationWarning	"Base class for warnings about features which will be deprecated\nin the future."
builtins	PendingDeprecationWarning.__init__	"Initialize self.  See help(type(self)) for accurate signature."
builtins	PendingDeprecationWarning.__new__	"Create and return a new object.  See help(type) for accurate signature."
builtins	PermissionError	"Not enough permissions."
builtins	PermissionError.__init__	"Initialize self.  See help(type(self)) for accurate signature."
builtins	ProcessLookupError	"Process not found."
builtins	ProcessLookupError.__init__	"Initialize self.  See help(type(self)) for accurate signature."
builtins	PythonFinalizationError	"Operation blocked during Python finalization."
builtins	PythonFinalizationError.__init__	"Initialize self.  See help(type(self)) for accurate signature."
builtins	PythonFinalizationError.__new__	"Create and return a new object.  See help(type) for accurate signature."
builtins	RecursionError	"Recursion limit exceeded."
builtins	RecursionError.__init__	"Initialize self.  See help(type(self)) for accurate signature."
builtins	RecursionError.__new__	"Create and return a new object.  See help(type) for accurate signature."
builtins	ReferenceError	"Weak ref proxy used after referent went away."
builtins	ReferenceError.__init__	"Initialize self.  See help(type(self)) for accurate signature."
builtins	ReferenceError.__new__	"Create and return a new object.  See help(type) for accurate signature."
builtins	ResourceWarning	"Base class for warnings about resource usage."
builtins	ResourceWarning.__init__	"Initialize self.  See help(type(self)) for accurate signature."
builtins	ResourceWarning.__new__	"Create and return a new object.  See help(type) for accurate signature."
builtins	RuntimeError	"Unspecified run-time error."
builtins	RuntimeError.__init__	"Initialize self.  See help(type(self)) for accurate signature."
builtins	RuntimeError.__new__	"Create and return a new object.  See help(type) for accurate signature."
builtins	RuntimeWarning	"Base class for warnings about dubious runtime behavior."
builtins	RuntimeWarning.__init__	"Initialize self.  See help(type(self)) for accurate signature."
builtins	RuntimeWarning.__new__	"Create and return a new object.  See help(type) for accurate signature."
builtins	StopAsyncIteration	"Signal the end from iterator.__anext__()."
builtins	StopAsyncIteration.__init__	"Initialize self.  See help(type(self)) for accurate signature."
builtins	StopAsyncIteration.__new__	"Create and return a new object.  See help(type) for accurate signature."
builtins	StopIteration	"Signal the end from iterator.__next__()."
builtins	StopIteration.__init__	"Initialize self.  See help(type(self)) for accurate signature."
builtins	StopIteration.value	"generator return value"
builtins	SyntaxError	"Invalid syntax."
builtins	SyntaxError.__init__	"Initialize self.  See help(type(self)) for accurate signature."
builtins	SyntaxError.__str__	"Return str(self)."
builtins	SyntaxError.end_lineno	"exception end lineno"
builtins	SyntaxError.end_offset	"exception end offset"
builtins	SyntaxError.filename	"exception filename"
builtins	SyntaxError.lineno	"exception lineno"
builtins	SyntaxError.msg	"exception msg"
builtins	SyntaxError.offset	"exception offset"
builtins	SyntaxError.print_file_and_line	"exception print_file_and_line"
builtins	SyntaxError.text	"exception text"
builtins	SyntaxWarning	"Base class for warnings about dubious syntax."
builtins	SyntaxWarning.__init__	"Initialize self.  See help(type(self)) for accurate signature."
builtins	SyntaxWarning.__new__	"Create and return a new object.  See help(type) for accurate signature."
builtins	SystemError	"Internal error in the Python interpreter.\n\nPlease report this to the Python maintainer, along with the traceback,\nthe Python version, and the hardware/OS platform and version."
builtins	SystemError.__init__	"Initialize self.  See help(type(self)) for accurate signature."
builtins	SystemError.__new__	"Create and return a new object.  See help(type) for accurate signature."
builtins	SystemExit	"Request to exit from the interpreter."
builtins	SystemExit.__init__	"Initialize self.  See help(type(self)) for accurate signature."
builtins	SystemExit.code	"exception code"
builtins	TabError	"Improper mixture of spaces and tabs."
builtins	TabError.__init__	"Initialize self.  See help(type(self)) for accurate signature."
builtins	TimeoutError	"Timeout expired."
builtins	TimeoutError.__init__	"Initialize self.  See help(type(self)) for accurate signature."
builtins	TypeError	"Inappropriate argument type."
builtins	TypeError.__init__	"Initialize self.  See help(type(self)) for accurate signature."
builtins	TypeError.__new__	"Create and return a new object.  See help(type) for accurate signature."
builtins	UnboundLocalError	"Local name referenced but not bound to a value."
builtins	UnboundLocalError.__init__	"Initialize self.  See help(type(self)) for accurate signature."
builtins	UnicodeDecodeError	"Unicode decoding error."
builtins	UnicodeDecodeError.__init__	"Initialize self.  See help(type(self)) for accurate signature."
builtins	UnicodeDecodeError.__new__	"Create and return a new object.  See help(type) for accurate signature."
builtins	UnicodeDecodeError.__str__	"Return str(self)."
builtins	UnicodeDecodeError.encoding	"exception encoding"
builtins	UnicodeDecodeError.end	"exception end"
builtins	UnicodeDecodeError.object	"exception object"
builtins	UnicodeDecodeError.reason	"exception reason"
builtins	UnicodeDecodeError.start	"exception start"
builtins	UnicodeEncodeError	"Unicode encoding error."
builtins	UnicodeEncodeError.__init__	"Initialize self.  See help(type(self)) for accurate signature."
builtins	UnicodeEncodeError.__new__	"Create and return a new object.  See help(type) for accurate signature."
builtins	UnicodeEncodeError.__str__	"Return str(self)."
builtins	UnicodeEncodeError.encoding	"exception encoding"
builtins	UnicodeEncodeError.end	"exception end"
builtins	UnicodeEncodeError.object	"exception object"
builtins	UnicodeEncodeError.reason	"exception reason"
builtins	UnicodeEncodeError.start	"exception start"
builtins	UnicodeError	"Unicode related error."
builtins	UnicodeError.__init__	"Initialize self.  See help(type(self)) for accurate signature."
builtins	UnicodeError.__new__	"Create and return a new object.  See help(type) for accurate signature."
builtins	UnicodeTranslateError	"Unicode translation error."
builtins	UnicodeTranslateError.__init__	"Initialize self.  See help(type(self)) for accurate signature."
builtins	UnicodeTranslateError.__new__	"Create and return a new object.  See help(type) for accurate signature."
builtins	UnicodeTranslateError.__str__	"Return str(self)."
builtins	UnicodeTranslateError.encoding	"exception encoding"
builtins	UnicodeTranslateError.end	"exception end"
builtins	UnicodeTranslateError.object	"exception object"
builtins	UnicodeTranslateError.reason	"exception reason"
builtins	UnicodeTranslateError.start	"exception start"
builtins	UnicodeWarning	"Base class for warnings about Unicode related problems, mostly\nrelated to conversion problems."
builtins	UnicodeWarning.__init__	"Initialize self.  See help(type(self)) for accurate signature."
builtins	UnicodeWarning.__new__	"Create and return a new object.  See help(type) for accurate signature."
builtins	UserWarning	"Base class for warnings generated by user code."
builtins	UserWarning.__init__	"Initialize self.  See help(type(self)) for accurate signature."
builtins	UserWarning.__new__	"Create and return a new object.  See help(type) for accurate signature."
builtins	ValueError	"Inappropriate argument value (of correct type)."
builtins	ValueError.__init__	"Initialize self.  See help(type(self)) for accurate signature."
builtins	ValueError.__new__	"Create and return a new object.  See help(type) for accurate signature."
builtins	Warning	"Base class for warning categories."
builtins	Warning.__init__	"Initialize self.  See help(type(self)) for accurate signature."
builtins	Warning.__new__	"Create and return a new object.  See help(type) for accurate signature."
builtins	ZeroDivisionError	"Second argument to a division or modulo operation was zero."
builtins	ZeroDivisionError.__init__	"Initialize self.  See help(type(self)) for accurate signature."
builtins	ZeroDivisionError.__new__	"Create and return a new object.  See help(type) for accurate signature."
builtins	_IncompleteInputError	"incomplete input."
builtins	_IncompleteInputError.__init__	"Initialize self.  See help(type(self)) for accurate signature."
builtins	__build_class__	"__build_class__(func, name, /, *bases, [metaclass], **kwds) -> class\n\nInternal helper function used by the class statement."
builtins	__import__	"Import a module.\n\nBecause this function is meant for use by the Python\ninterpreter and not for general use, it is better to use\nimportlib.import_module() to programmatically import a module.\n\nThe globals argument is only used to determine the context;\nthey are not modified.  The locals argument is unused.  The fromlist\nshould be a list of names to emulate ``from name import ...``, or an\nempty list to emulate ``import name``.\nWhen importing a module from a package, note that __import__('A.B', ...)\nreturns package A when fromlist is empty, but its submodule B when\nfromlist is not empty.  The level argument is used to determine whether to\nperform absolute or relative imports: 0 is absolute, while a positive number\nis the number of parent directories to search relative to the current module."
builtins	abs	"Return the absolute value of the argument."
builtins	aiter	"Return an AsyncIterator for an AsyncIterable object."
builtins	all	"Return True if bool(x) is True for all values x in the iterable.\n\nIf the iterable is empty, return True."
builtins	anext	"Return the next item from the async iterator.\n\nIf default is given and the async iterator is exhausted,\nit is returned instead of raising StopAsyncIteration."
builtins	any	"Return True if bool(x) is True for any x in the iterable.\n\nIf the iterable is empty, return False."
builtins	ascii	"Return an ASCII-only representation of an object.\n\nAs repr(), return a string containing a printable representation of an\nobject, but escape the non-ASCII characters in the string returned by\nrepr() using \\\\x, \\\\u or \\\\U escapes. This generates a string similar\nto that returned by repr() in Python 2."
builtins	bin	"Return the binary representation of an integer.\n\n   >>> bin(2796202)\n   '0b1010101010101010101010'"
builtins	bool	"Returns True when the argument is true, False otherwise.\nThe builtins True and False are the only two instances of the class bool.\nThe class bool is a subclass of the class int, and cannot be subclassed."
builtins	bool.__and__	"Return self&value."
builtins	bool.__invert__	"~self"
builtins	bool.__new__	"Create and return a new object.  See help(type) for accurate signature."
builtins	bool.__or__	"Return self|value."
builtins	bool.__rand__	"Return value&self."
builtins	bool.__repr__	"Return repr(self)."
builtins	bool.__ror__	"Return value|self."
builtins	bool.__rxor__	"Return value^self."
builtins	bool.__xor__	"Return self^value."
builtins	breakpoint	"Call sys.breakpointhook(*args, **kws).  sys.breakpointhook() must accept\nwhatever arguments are passed.\n\nBy default, this drops you into the pdb debugger."
builtins	bytearray	"bytearray(iterable_of_ints) -> bytearray\nbytearray(string, encoding[, errors]) -> bytearray\nbytearray(bytes_or_buffer) -> mutable copy of bytes_or_buffer\nbytearray(int) -> bytes array of size given by the parameter initialized with null bytes\nbytearray() -> empty bytes array\n\nConstruct a mutable bytearray object from:\n  - an iterable yielding integers in range(256)\n  - a text string encoded using the specified encoding\n  - a bytes or a buffer object\n  - any object implementing the buffer API.\n  - an integer"
builtins	bytearray.__add__	"Return self+value."
builtins	bytearray.__alloc__	"B.__alloc__() -> int\n\nReturn the number of bytes actually allocated."
builtins	bytearray.__buffer__	"Return a buffer object that exposes the underlying memory of the object."
builtins	bytearray.__contains__	"Return bool(key in self)."
builtins	bytearray.__delitem__	"Delete self[key]."
builtins	bytearray.__eq__	"Return self==value."
builtins	bytearray.__ge__	"Return self>=value."
builtins	bytearray.__getattribute__	"Return getattr(self, name)."
builtins	bytearray.__getitem__	"Return self[key]."
builtins	bytearray.__gt__	"Return self>value."
builtins	bytearray.__iadd__	"Implement self+=value."
builtins	bytearray.__imul__	"Implement self*=value."
builtins	bytearray.__init__	"Initialize self.  See help(type(self)) for accurate signature."
builtins	bytearray.__iter__	"Implement iter(self)."
builtins	bytearray.__le__	"Return self<=value."
builtins	bytearray.__len__	"Return len(self)."
builtins	bytearray.__lt__	"Return self<value."
builtins	bytearray.__mod__	"Return self%value."
builtins	bytearray.__mul__	"Return self*value."
builtins	bytearray.__ne__	"Return self!=value."
builtins	bytearray.__new__	"Create and return a new object.  See help(type) for accurate signature."
builtins	bytearray.__reduce__	"Return state information for pickling."
builtins	bytearray.__reduce_ex__	"Return state information for pickling."
builtins	bytearray.__release_buffer__	"Release the buffer object that exposes the underlying memory of the object."
builtins	bytearray.__repr__	"Return repr(self)."
builtins	bytearray.__rmod__	"Return value%self."
builtins	bytearray.__rmul__	"Return value*self."
builtins	bytearray.__setitem__	"Set self[key] to value."
builtins	bytearray.__sizeof__	"Returns the size of the bytearray object in memory, in bytes."
builtins	bytearray.__str__	"Return str(self)."
builtins	bytearray.append	"Append a single item to the end of the bytearray.\n\n  item\n    The item to be appended."
builtins	bytearray.capitalize	"B.capitalize() -> copy of B\n\nReturn a copy of B with only its first character capitalized (ASCII)\nand the rest lower-cased."
builtins	bytearray.center	"Return a centered string of length width.\n\nPadding is done using the specified fill character."
builtins	bytearray.clear	"Remove all items from the bytearray."
builtins	bytearray.copy	"Return a copy of B."
builtins	bytearray.count	"Return the number of non-overlapping occurrences of subsection 'sub' in bytes B[start:end].\n\n  start\n    Optional start position. Default: start of the bytes.\n  end\n    Optional stop position. Default: end of the bytes."
builtins	bytearray.decode	"Decode the bytearray using the codec registered for encoding.\n\n  encoding\n    The encoding with which to decode the bytearray.\n  errors\n    The error handling scheme to use for the handling of decoding errors.\n    The default is 'strict' meaning that decoding errors raise a\n    UnicodeDecodeError. Other possible values are 'ignore' and 'replace'\n    as well as any other name registered with codecs.register_error that\n    can handle UnicodeDecodeErrors."
builtins	bytearray.endswith	"Return True if the bytearray ends with the specified suffix, False otherwise.\n\n  suffix\n    A bytes or a tuple of bytes to try.\n  start\n    Optional start position. Default: start of the bytearray.\n  end\n    Optional stop position. Default: end of the bytearray."
builtins	bytearray.expandtabs	"Return a copy where all tab characters are expanded using spaces.\n\nIf tabsize is not given, a tab size of 8 characters is assumed."
builtins	bytearray.extend	"Append all the items from the iterator or sequence to the end of the bytearray.\n\n  iterable_of_ints\n    The iterable of items to append."
builtins	bytearray.find	"Return the lowest index in B where subsection 'sub' is found, such that 'sub' is contained within B[start:end].\n\n  start\n    Optional start position. Default: start of the bytes.\n  end\n    Optional stop position. Default: end of the bytes.\n\nReturn -1 on failure."
builtins	bytearray.fromhex	"Create a bytearray object from a string of hexadecimal numbers.\n\nSpaces between two numbers are accepted.\nExample: bytearray.fromhex('B9 01EF') -> bytearray(b'\\\\xb9\\\\x01\\\\xef')"
builtins	bytearray.hex	"Create a string of hexadecimal numbers from a bytearray object.\n\n  sep\n    An optional single character or byte to separate hex bytes.\n  bytes_per_sep\n    How many bytes between separators.  Positive values count from the\n    right, negative values count from the left.\n\nExample:\n>>> value = bytearray([0xb9, 0x01, 0xef])\n>>> value.hex()\n'b901ef'\n>>> value.hex(':')\n'b9:01:ef'\n>>> value.hex(':', 2)\n'b9:01ef'\n>>> value.hex(':', -2)\n'b901:ef'"
builtins	bytearray.index	"Return the lowest index in B where subsection 'sub' is found, such that 'sub' is contained within B[start:end].\n\n  start\n    Optional start position. Default: start of the bytes.\n  end\n    Optional stop position. Default: end of the bytes.\n\nRaise ValueError if the subsection is not found."
builtins	bytearray.insert	"Insert a single item into the bytearray before the given index.\n\n  index\n    The index where the value is to be inserted.\n  item\n    The item to be inserted."
builtins	bytearray.isalnum	"B.isalnum() -> bool\n\nReturn True if all characters in B are alphanumeric\nand there is at least one character in B, False otherwise."
builtins	bytearray.isalpha	"B.isalpha() -> bool\n\nReturn True if all characters in B are alphabetic\nand there is at least one character in B, False otherwise."
builtins	bytearray.isascii	"B.isascii() -> bool\n\nReturn True if B is empty or all characters in B are ASCII,\nFalse otherwise."
builtins	bytearray.isdigit	"B.isdigit() -> bool\n\nReturn True if all characters in B are digits\nand there is at least one character in B, False otherwise."
builtins	bytearray.islower	"B.islower() -> bool\n\nReturn True if all cased characters in B are lowercase and there is\nat least one cased character in B, False otherwise."
builtins	bytearray.isspace	"B.isspace() -> bool\n\nReturn True if all characters in B are whitespace\nand there is at least one character in B, False otherwise."
builtins	bytearray.istitle	"B.istitle() -> bool\n\nReturn True if B is a titlecased string and there is at least one\ncharacter in B, i.e. uppercase characters may only follow uncased\ncharacters and lowercase characters only cased ones. Return False\notherwise."
builtins	bytearray.isupper	"B.isupper() -> bool\n\nReturn True if all cased characters in B are uppercase and there is\nat least one cased character in B, False otherwise."
builtins	bytearray.join	"Concatenate any number of bytes/bytearray objects.\n\nThe bytearray whose method is called is inserted in between each pair.\n\nThe result is returned as a new bytearray object."
builtins	bytearray.ljust	"Return a left-justified string of length width.\n\nPadding is done using the specified fill character."
builtins	bytearray.lower	"B.lower() -> copy of B\n\nReturn a copy of B with all ASCII characters converted to lowercase."
builtins	bytearray.lstrip	"Strip leading bytes contained in the argument.\n\nIf the argument is omitted or None, strip leading ASCII whitespace."
builtins	bytearray.maketrans	"Convert a function to be a static method.\n\nA static method does not receive an implicit first argument.\nTo declare a static method, use this idiom:\n\n     class C:\n         @staticmethod\n         def f(arg1, arg2, argN):\n             ...\n\nIt can be called either on the class (e.g. C.f()) or on an instance\n(e.g. C().f()). Both the class and the instance are ignored, and\nneither is passed implicitly as the first argument to the method.\n\nStatic methods in Python are similar to those found in Java or C++.\nFor a more advanced concept, see the classmethod builtin."
builtins	bytearray.partition	"Partition the bytearray into three parts using the given separator.\n\nThis will search for the separator sep in the bytearray. If the separator is\nfound, returns a 3-tuple containing the part before the separator, the\nseparator itself, and the part after it as new bytearray objects.\n\nIf the separator is not found, returns a 3-tuple containing the copy of the\noriginal bytearray object and two empty bytearray objects."
builtins	bytearray.pop	"Remove and return a single item from B.\n\n  index\n    The index from where to remove the item.\n    -1 (the default value) means remove the last item.\n\nIf no index argument is given, will pop the last item."
builtins	bytearray.remove	"Remove the first occurrence of a value in the bytearray.\n\n  value\n    The value to remove."
builtins	bytearray.removeprefix	"Return a bytearray with the given prefix string removed if present.\n\nIf the bytearray starts with the prefix string, return\nbytearray[len(prefix):].  Otherwise, return a copy of the original\nbytearray."
builtins	bytearray.removesuffix	"Return a bytearray with the given suffix string removed if present.\n\nIf the bytearray ends with the suffix string and that suffix is not\nempty, return bytearray[:-len(suffix)].  Otherwise, return a copy of\nthe original bytearray."
builtins	bytearray.replace	"Return a copy with all occurrences of substring old replaced by new.\n\n  count\n    Maximum number of occurrences to replace.\n    -1 (the default value) means replace all occurrences.\n\nIf the optional argument count is given, only the first count occurrences are\nreplaced."
builtins	bytearray.reverse	"Reverse the order of the values in B in place."
builtins	bytearray.rfind	"Return the highest index in B where subsection 'sub' is found, such that 'sub' is contained within B[start:end].\n\n  start\n    Optional start position. Default: start of the bytes.\n  end\n    Optional stop position. Default: end of the bytes.\n\nReturn -1 on failure."
builtins	bytearray.rindex	"Return the highest index in B where subsection 'sub' is found, such that 'sub' is contained within B[start:end].\n\n  start\n    Optional start position. Default: start of the bytes.\n  end\n    Optional stop position. Default: end of the bytes.\n\nRaise ValueError if the subsection is not found."
builtins	bytearray.rjust	"Return a right-justified string of length width.\n\nPadding is done using the specified fill character."
builtins	bytearray.rpartition	"Partition the bytearray into three parts using the given separator.\n\nThis will search for the separator sep in the bytearray, starting at the end.\nIf the separator is found, returns a 3-tuple containing the part before the\nseparator, the separator itself, and the part after it as new bytearray\nobjects.\n\nIf the separator is not found, returns a 3-tuple containing two empty bytearray\nobjects and the copy of the original bytearray object."
builtins	bytearray.rsplit	"Return a list of the sections in the bytearray, using sep as the delimiter.\n\n  sep\n    The delimiter according which to split the bytearray.\n    None (the default value) means split on ASCII whitespace characters\n    (space, tab, return, newline, formfeed, vertical tab).\n  maxsplit\n    Maximum number of splits to do.\n    -1 (the default value) means no limit.\n\nSplitting is done starting at the end of the bytearray and working to the front."
builtins	bytearray.rstrip	"Strip trailing bytes contained in the argument.\n\nIf the argument is omitted or None, strip trailing ASCII whitespace."
builtins	bytearray.split	"Return a list of the sections in the bytearray, using sep as the delimiter.\n\n  sep\n    The delimiter according which to split the bytearray.\n    None (the default value) means split on ASCII whitespace characters\n    (space, tab, return, newline, formfeed, vertical tab).\n  maxsplit\n    Maximum number of splits to do.\n    -1 (the default value) means no limit."
builtins	bytearray.splitlines	"Return a list of the lines in the bytearray, breaking at line boundaries.\n\nLine breaks are not included in the resulting list unless keepends is given and\ntrue."
builtins	bytearray.startswith	"Return True if the bytearray starts with the specified prefix, False otherwise.\n\n  prefix\n    A bytes or a tuple of bytes to try.\n  start\n    Optional start position. Default: start of the bytearray.\n  end\n    Optional stop position. Default: end of the bytearray."
builtins	bytearray.strip	"Strip leading and trailing bytes contained in the argument.\n\nIf the argument is omitted or None, strip leading and trailing ASCII whitespace."
builtins	bytearray.swapcase	"B.swapcase() -> copy of B\n\nReturn a copy of B with uppercase ASCII characters converted\nto lowercase ASCII and vice versa."
builtins	bytearray.title	"B.title() -> copy of B\n\nReturn a titlecased version of B, i.e. ASCII words start with uppercase\ncharacters, all remaining cased characters have lowercase."
builtins	bytearray.translate	"Return a copy with each character mapped by the given translation table.\n\n  table\n    Translation table, which must be a bytes object of length 256.\n\nAll characters occurring in the optional argument delete are removed.\nThe remaining characters are mapped through the given translation table."
builtins	bytearray.upper	"B.upper() -> copy of B\n\nReturn a copy of B with all ASCII characters converted to uppercase."
builtins	bytearray.zfill	"Pad a numeric string with zeros on the left, to fill a field of the given width.\n\nThe original string is never truncated."
builtins	bytes	"bytes(iterable_of_ints) -> bytes\nbytes(string, encoding[, errors]) -> bytes\nbytes(bytes_or_buffer) -> immutable copy of bytes_or_buffer\nbytes(int) -> bytes object of size given by the parameter initialized with null bytes\nbytes() -> empty bytes object\n\nConstruct an immutable array of bytes from:\n  - an iterable yielding integers in range(256)\n  - a text string encoded using the specified encoding\n  - any object implementing the buffer API.\n  - an integer"
builtins	bytes.__add__	"Return self+value."
builtins	bytes.__buffer__	"Return a buffer object that exposes the underlying memory of the object."
builtins	bytes.__bytes__	"Convert this value to exact type bytes."
builtins	bytes.__contains__	"Return bool(key in self)."
builtins	bytes.__eq__	"Return self==value."
builtins	bytes.__ge__	"Return self>=value."
builtins	bytes.__getattribute__	"Return getattr(self, name)."
builtins	bytes.__getitem__	"Return self[key]."
builtins	bytes.__getnewargs__	null
builtins	bytes.__gt__	"Return self>value."
builtins	bytes.__hash__	"Return hash(self)."
builtins	bytes.__iter__	"Implement iter(self)."
builtins	bytes.__le__	"Return self<=value."
builtins	bytes.__len__	"Return len(self)."
builtins	bytes.__lt__	"Return self<value."
builtins	bytes.__mod__	"Return self%value."
builtins	bytes.__mul__	"Return self*value."
builtins	bytes.__ne__	"Return self!=value."
builtins	bytes.__new__	"Create and return a new object.  See help(type) for accurate signature."
builtins	bytes.__repr__	"Return repr(self)."
builtins	bytes.__rmod__	"Return value%self."
builtins	bytes.__rmul__	"Return value*self."
builtins	bytes.__str__	"Return str(self)."
builtins	bytes.capitalize	"B.capitalize() -> copy of B\n\nReturn a copy of B with only its first character capitalized (ASCII)\nand the rest lower-cased."
builtins	bytes.center	"Return a centered string of length width.\n\nPadding is done using the specified fill character."
builtins	bytes.count	"Return the number of non-overlapping occurrences of subsection 'sub' in bytes B[start:end].\n\n  start\n    Optional start position. Default: start of the bytes.\n  end\n    Optional stop position. Default: end of the bytes."
builtins	bytes.decode	"Decode the bytes using the codec registered for encoding.\n\n  encoding\n    The encoding with which to decode the bytes.\n  errors\n    The error handling scheme to use for the handling of decoding errors.\n    The default is 'strict' meaning that decoding errors raise a\n    UnicodeDecodeError. Other possible values are 'ignore' and 'replace'\n    as well as any other name registered with codecs.register_error that\n    can handle UnicodeDecodeErrors."
builtins	bytes.endswith	"Return True if the bytes ends with the specified suffix, False otherwise.\n\n  suffix\n    A bytes or a tuple of bytes to try.\n  start\n    Optional start position. Default: start of the bytes.\n  end\n    Optional stop position. Default: end of the bytes."
builtins	bytes.expandtabs	"Return a copy where all tab characters are expanded using spaces.\n\nIf tabsize is not given, a tab size of 8 characters is assumed."
builtins	bytes.find	"Return the lowest index in B where subsection 'sub' is found, such that 'sub' is contained within B[start,end].\n\n  start\n    Optional start position. Default: start of the bytes.\n  end\n    Optional stop position. Default: end of the bytes.\n\nReturn -1 on failure."
builtins	bytes.fromhex	"Create a bytes object from a string of hexadecimal numbers.\n\nSpaces between two numbers are accepted.\nExample: bytes.fromhex('B9 01EF') -> b'\\\\xb9\\\\x01\\\\xef'."
builtins	bytes.hex	"Create a string of hexadecimal numbers from a bytes object.\n\n  sep\n    An optional single character or byte to separate hex bytes.\n  bytes_per_sep\n    How many bytes between separators.  Positive values count from the\n    right, negative values count from the left.\n\nExample:\n>>> value = b'\\xb9\\x01\\xef'\n>>> value.hex()\n'b901ef'\n>>> value.hex(':')\n'b9:01:ef'\n>>> value.hex(':', 2)\n'b9:01ef'\n>>> value.hex(':', -2)\n'b901:ef'"
builtins	bytes.index	"Return the lowest index in B where subsection 'sub' is found, such that 'sub' is contained within B[start,end].\n\n  start\n    Optional start position. Default: start of the bytes.\n  end\n    Optional stop position. Default: end of the bytes.\n\nRaise ValueError if the subsection is not found."
builtins	bytes.isalnum	"B.isalnum() -> bool\n\nReturn True if all characters in B are alphanumeric\nand there is at least one character in B, False otherwise."
builtins	bytes.isalpha	"B.isalpha() -> bool\n\nReturn True if all characters in B are alphabetic\nand there is at least one character in B, False otherwise."
builtins	bytes.isascii	"B.isascii() -> bool\n\nReturn True if B is empty or all characters in B are ASCII,\nFalse otherwise."
builtins	bytes.isdigit	"B.isdigit() -> bool\n\nReturn True if all characters in B are digits\nand there is at least one character in B, False otherwise."
builtins	bytes.islower	"B.islower() -> bool\n\nReturn True if all cased characters in B are lowercase and there is\nat least one cased character in B, False otherwise."
builtins	bytes.isspace	"B.isspace() -> bool\n\nReturn True if all characters in B are whitespace\nand there is at least one character in B, False otherwise."
builtins	bytes.istitle	"B.istitle() -> bool\n\nReturn True if B is a titlecased string and there is at least one\ncharacter in B, i.e. uppercase characters may only follow uncased\ncharacters and lowercase characters only cased ones. Return False\notherwise."
builtins	bytes.isupper	"B.isupper() -> bool\n\nReturn True if all cased characters in B are uppercase and there is\nat least one cased character in B, False otherwise."
builtins	bytes.join	"Concatenate any number of bytes objects.\n\nThe bytes whose method is called is inserted in between each pair.\n\nThe result is returned as a new bytes object.\n\nExample: b'.'.join([b'ab', b'pq', b'rs']) -> b'ab.pq.rs'."
builtins	bytes.ljust	"Return a left-justified string of length width.\n\nPadding is done using the specified fill character."
builtins	bytes.lower	"B.lower() -> copy of B\n\nReturn a copy of B with all ASCII characters converted to lowercase."
builtins	bytes.lstrip	"Strip leading bytes contained in the argument.\n\nIf the argument is omitted or None, strip leading  ASCII whitespace."
builtins	bytes.maketrans	"Convert a function to be a static method.\n\nA static method does not receive an implicit first argument.\nTo declare a static method, use this idiom:\n\n     class C:\n         @staticmethod\n         def f(arg1, arg2, argN):\n             ...\n\nIt can be called either on the class (e.g. C.f()) or on an instance\n(e.g. C().f()). Both the class and the instance are ignored, and\nneither is passed implicitly as the first argument to the method.\n\nStatic methods in Python are similar to those found in Java or C++.\nFor a more advanced concept, see the classmethod builtin."
builtins	bytes.partition	"Partition the bytes into three parts using the given separator.\n\nThis will search for the separator sep in the bytes. If the separator is found,\nreturns a 3-tuple containing the part before the separator, the separator\nitself, and the part after it.\n\nIf the separator is not found, returns a 3-tuple containing the original bytes\nobject and two empty bytes objects."
builtins	bytes.removeprefix	"Return a bytes object with the given prefix string removed if present.\n\nIf the bytes starts with the prefix string, return bytes[len(prefix):].\nOtherwise, return a copy of the original bytes."
builtins	bytes.removesuffix	"Return a bytes object with the given suffix string removed if present.\n\nIf the bytes ends with the suffix string and that suffix is not empty,\nreturn bytes[:-len(prefix)].  Otherwise, return a copy of the original\nbytes."
builtins	bytes.replace	"Return a copy with all occurrences of substring old replaced by new.\n\n  count\n    Maximum number of occurrences to replace.\n    -1 (the default value) means replace all occurrences.\n\nIf the optional argument count is given, only the first count occurrences are\nreplaced."
builtins	bytes.rfind	"Return the highest index in B where subsection 'sub' is found, such that 'sub' is contained within B[start,end].\n\n  start\n    Optional start position. Default: start of the bytes.\n  end\n    Optional stop position. Default: end of the bytes.\n\nReturn -1 on failure."
builtins	bytes.rindex	"Return the highest index in B where subsection 'sub' is found, such that 'sub' is contained within B[start,end].\n\n  start\n    Optional start position. Default: start of the bytes.\n  end\n    Optional stop position. Default: end of the bytes.\n\nRaise ValueError if the subsection is not found."
builtins	bytes.rjust	"Return a right-justified string of length width.\n\nPadding is done using the specified fill character."
builtins	bytes.rpartition	"Partition the bytes into three parts using the given separator.\n\nThis will search for the separator sep in the bytes, starting at the end. If\nthe separator is found, returns a 3-tuple containing the part before the\nseparator, the separator itself, and the part after it.\n\nIf the separator is not found, returns a 3-tuple containing two empty bytes\nobjects and the original bytes object."
builtins	bytes.rsplit	"Return a list of the sections in the bytes, using sep as the delimiter.\n\n  sep\n    The delimiter according which to split the bytes.\n    None (the default value) means split on ASCII whitespace characters\n    (space, tab, return, newline, formfeed, vertical tab).\n  maxsplit\n    Maximum number of splits to do.\n    -1 (the default value) means no limit.\n\nSplitting is done starting at the end of the bytes and working to the front."
builtins	bytes.rstrip	"Strip trailing bytes contained in the argument.\n\nIf the argument is omitted or None, strip trailing ASCII whitespace."
builtins	bytes.split	"Return a list of the sections in the bytes, using sep as the delimiter.\n\n  sep\n    The delimiter according which to split the bytes.\n    None (the default value) means split on ASCII whitespace characters\n    (space, tab, return, newline, formfeed, vertical tab).\n  maxsplit\n    Maximum number of splits to do.\n    -1 (the default value) means no limit."
builtins	bytes.splitlines	"Return a list of the lines in the bytes, breaking at line boundaries.\n\nLine breaks are not included in the resulting list unless keepends is given and\ntrue."
builtins	bytes.startswith	"Return True if the bytes starts with the specified prefix, False otherwise.\n\n  prefix\n    A bytes or a tuple of bytes to try.\n  start\n    Optional start position. Default: start of the bytes.\n  end\n    Optional stop position. Default: end of the bytes."
builtins	bytes.strip	"Strip leading and trailing bytes contained in the argument.\n\nIf the argument is omitted or None, strip leading and trailing ASCII whitespace."
builtins	bytes.swapcase	"B.swapcase() -> copy of B\n\nReturn a copy of B with uppercase ASCII characters converted\nto lowercase ASCII and vice versa."
builtins	bytes.title	"B.title() -> copy of B\n\nReturn a titlecased version of B, i.e. ASCII words start with uppercase\ncharacters, all remaining cased characters have lowercase."
builtins	bytes.translate	"Return a copy with each character mapped by the given translation table.\n\n  table\n    Translation table, which must be a bytes object of length 256.\n\nAll characters occurring in the optional argument delete are removed.\nThe remaining characters are mapped through the given translation table."
builtins	bytes.upper	"B.upper() -> copy of B\n\nReturn a copy of B with all ASCII characters converted to uppercase."
builtins	bytes.zfill	"Pad a numeric string with zeros on the left, to fill a field of the given width.\n\nThe original string is never truncated."
builtins	callable	"Return whether the object is callable (i.e., some kind of function).\n\nNote that classes are callable, as are instances of classes with a\n__call__() method."
builtins	chr	"Return a Unicode string of one character with ordinal i; 0 <= i <= 0x10ffff."
builtins	classmethod	"Convert a function to be a class method.\n\nA class method receives the class as implicit first argument,\njust like an instance method receives the instance.\nTo declare a class method, use this idiom:\n\n  class C:\n      @classmethod\n      def f(cls, arg1, arg2, argN):\n          ...\n\nIt can be called either on the class (e.g. C.f()) or on an instance\n(e.g. C().f()).  The instance is ignored except for its class.\nIf a class method is called for a derived class, the derived class\nobject is passed as the implied first argument.\n\nClass methods are different than C++ or Java static methods.\nIf you want those, see the staticmethod builtin."
builtins	classmethod.__dict__	null
builtins	classmethod.__func__	null
builtins	classmethod.__get__	"Return an attribute of instance, which is of type owner."
builtins	classmethod.__init__	"Initialize self.  See help(type(self)) for accurate signature."
builtins	classmethod.__isabstractmethod__	null
builtins	classmethod.__new__	"Create and return a new object.  See help(type) for accurate signature."
builtins	classmethod.__repr__	"Return repr(self)."
builtins	classmethod.__wrapped__	null
builtins	compile	"Compile source into a code object that can be executed by exec() or eval().\n\nThe source code may represent a Python module, statement or expression.\nThe filename will be used for run-time error messages.\nThe mode must be 'exec' to compile a module, 'single' to compile a\nsingle (interactive) statement, or 'eval' to compile an expression.\nThe flags argument, if present, controls which future statements influence\nthe compilation of the code.\nThe dont_inherit argument, if true, stops the compilation inheriting\nthe effects of any future statements in effect in the code calling\ncompile; if absent or false these statements do influence the compilation,\nin addition to any features explicitly specified."
builtins	complex	"Create a complex number from a string or numbers.\n\nIf a string is given, parse it as a complex number.\nIf a single number is given, convert it to a complex number.\nIf the 'real' or 'imag' arguments are given, create a complex number\nwith the specified real and imaginary components."
builtins	complex.__abs__	"abs(self)"
builtins	complex.__add__	"Return self+value."
builtins	complex.__bool__	"True if self else False"
builtins	complex.__complex__	"Convert this value to exact type complex."
builtins	complex.__eq__	"Return self==value."
builtins	complex.__format__	"Convert to a string according to format_spec."
builtins	complex.__ge__	"Return self>=value."
builtins	complex.__getattribute__	"Return getattr(self, name)."
builtins	complex.__getnewargs__	null
builtins	complex.__gt__	"Return self>value."
builtins	complex.__hash__	"Return hash(self)."
builtins	complex.__le__	"Return self<=value."
builtins	complex.__lt__	"Return self<value."
builtins	complex.__mul__	"Return self*value."
builtins	complex.__ne__	"Return self!=value."
builtins	complex.__neg__	"-self"
builtins	complex.__new__	"Create and return a new object.  See help(type) for accurate signature."
builtins	complex.__pos__	"+self"
builtins	complex.__pow__	"Return pow(self, value, mod)."
builtins	complex.__radd__	"Return value+self."
builtins	complex.__repr__	"Return repr(self)."
builtins	complex.__rmul__	"Return value*self."
builtins	complex.__rpow__	"Return pow(value, self, mod)."
builtins	complex.__rsub__	"Return value-self."
builtins	complex.__rtruediv__	"Return value/self."
builtins	complex.__sub__	"Return self-value."
builtins	complex.__truediv__	"Return self/value."
builtins	complex.conjugate	"Return the complex conjugate of its argument. (3-4j).conjugate() == 3+4j."
builtins	complex.imag	"the imaginary part of a complex number"
builtins	complex.real	"the real part of a complex number"
builtins	delattr	"Deletes the named attribute from the given object.\n\ndelattr(x, 'y') is equivalent to ``del x.y``"
builtins	dict	"dict() -> new empty dictionary\ndict(mapping) -> new dictionary initialized from a mapping object's\n    (key, value) pairs\ndict(iterable) -> new dictionary initialized as if via:\n    d = {}\n    for k, v in iterable:\n        d[k] = v\ndict(**kwargs) -> new dictionary initialized with the name=value pairs\n    in the keyword argument list.  For example:  dict(one=1, two=2)"
builtins	dict.__class_getitem__	"See PEP 585"
builtins	dict.__contains__	"True if the dictionary has the specified key, else False."
builtins	dict.__delitem__	"Delete self[key]."
builtins	dict.__eq__	"Return self==value."
builtins	dict.__ge__	"Return self>=value."
builtins	dict.__getattribute__	"Return getattr(self, name)."
builtins	dict.__getitem__	"Return self[key]."
builtins	dict.__gt__	"Return self>value."
builtins	dict.__init__	"Initialize self.  See help(type(self)) for accurate signature."
builtins	dict.__ior__	"Return self|=value."
builtins	dict.__iter__	"Implement iter(self)."
builtins	dict.__le__	"Return self<=value."
builtins	dict.__len__	"Return len(self)."
builtins	dict.__lt__	"Return self<value."
builtins	dict.__ne__	"Return self!=value."
builtins	dict.__new__	"Create and return a new object.  See help(type) for accurate signature."
builtins	dict.__or__	"Return self|value."
builtins	dict.__repr__	"Return repr(self)."
builtins	dict.__reversed__	"Return a reverse iterator over the dict keys."
builtins	dict.__ror__	"Return value|self."
builtins	dict.__setitem__	"Set self[key] to value."
builtins	dict.__sizeof__	"Return the size of the dict in memory, in bytes."
builtins	dict.clear	"Remove all items from the dict."
builtins	dict.copy	"Return a shallow copy of the dict."
builtins	dict.fromkeys	"Create a new dictionary with keys from iterable and values set to value."
builtins	dict.get	"Return the value for key if key is in the dictionary, else default."
builtins	dict.items	"Return a set-like object providing a view on the dict's items."
builtins	dict.keys	"Return a set-like object providing a view on the dict's keys."
builtins	dict.pop	"D.pop(k[,d]) -> v, remove specified key and return the corresponding value.\n\nIf the key is not found, return the default if given; otherwise,\nraise a KeyError."
builtins	dict.popitem	"Remove and return a (key, value) pair as a 2-tuple.\n\nPairs are returned in LIFO (last-in, first-out) order.\nRaises KeyError if the dict is empty."
builtins	dict.setdefault	"Insert key with a value of default if key is not in the dictionary.\n\nReturn the value for key if key is in the dictionary, else default."
builtins	dict.update	"D.update([E, ]**F) -> None.  Update D from mapping/iterable E and F.\nIf E is present and has a .keys() method, then does:  for k in E.keys(): D[k] = E[k]\nIf E is present and lacks a .keys() method, then does:  for k, v in E: D[k] = v\nIn either case, this is followed by: for k in F:  D[k] = F[k]"
builtins	dict.values	"Return an object providing a view on the dict's values."
builtins	dir	"dir([object]) -> list of strings\n\nIf called without an argument, return the names in the current scope.\nElse, return an alphabetized list of names comprising (some of) the attributes\nof the given object, and of attributes reachable from it.\nIf the object supplies a method named __dir__, it will be used; otherwise\nthe default dir() logic is used and returns:\n  for a module object: the module's attributes.\n  for a class object:  its attributes, and recursively the attributes\n    of its bases.\n  for any other object: its attributes, its class's attributes, and\n    recursively the attributes of its class's base classes."
builtins	divmod	"Return the tuple (x//y, x%y).  Invariant: div*y + mod == x."
builtins	enumerate	"Return an enumerate object.\n\n  iterable\n    an object supporting iteration\n\nThe enumerate object yields pairs containing a count (from start, which\ndefaults to zero) and a value yielded by the iterable argument.\n\nenumerate is useful for obtaining an indexed list:\n    (0, seq[0]), (1, seq[1]), (2, seq[2]), ..."
builtins	enumerate.__class_getitem__	"See PEP 585"
builtins	enumerate.__getattribute__	"Return getattr(self, name)."
builtins	enumerate.__iter__	"Implement iter(self)."
builtins	enumerate.__new__	"Create and return a new object.  See help(type) for accurate signature."
builtins	enumerate.__next__	"Implement next(self)."
builtins	enumerate.__reduce__	"Return state information for pickling."
builtins	eval	"Evaluate the given source in the context of globals and locals.\n\nThe source may be a string representing a Python expression\nor a code object as returned by compile().\nThe globals must be a dictionary and locals can be any mapping,\ndefaulting to the current globals and locals.\nIf only globals is given, locals defaults to it."
builtins	exec	"Execute the given source in the context of globals and locals.\n\nThe source may be a string representing one or more Python statements\nor a code object as returned by compile().\nThe globals must be a dictionary and locals can be any mapping,\ndefaulting to the current globals and locals.\nIf only globals is given, locals defaults to it.\nThe closure must be a tuple of cellvars, and can only be used\nwhen source is a code object requiring exactly that many cellvars."
builtins	filter	"Return an iterator yielding those items of iterable for which function(item)\nis true. If function is None, return the items that are true."
builtins	filter.__getattribute__	"Return getattr(self, name)."
builtins	filter.__iter__	"Implement iter(self)."
builtins	filter.__new__	"Create and return a new object.  See help(type) for accurate signature."
builtins	filter.__next__	"Implement next(self)."
builtins	filter.__reduce__	"Return state information for pickling."
builtins	float	"Convert a string or number to a floating-point number, if possible."
builtins	float.__abs__	"abs(self)"
builtins	float.__add__	"Return self+value."
builtins	float.__bool__	"True if self else False"
builtins	float.__ceil__	"Return the ceiling as an Integral."
builtins	float.__divmod__	"Return divmod(self, value)."
builtins	float.__eq__	"Return self==value."
builtins	float.__float__	"float(self)"
builtins	float.__floor__	"Return the floor as an Integral."
builtins	float.__floordiv__	"Return self//value."
builtins	float.__format__	"Formats the float according to format_spec."
builtins	float.__ge__	"Return self>=value."
builtins	float.__getformat__	"You probably don't want to use this function.\n\n  typestr\n    Must be 'double' or 'float'.\n\nIt exists mainly to be used in Python's test suite.\n\nThis function returns whichever of 'unknown', 'IEEE, big-endian' or 'IEEE,\nlittle-endian' best describes the format of floating-point numbers used by the\nC type named by typestr."
builtins	float.__getnewargs__	null
builtins	float.__gt__	"Return self>value."
builtins	float.__hash__	"Return hash(self)."
builtins	float.__int__	"int(self)"
builtins	float.__le__	"Return self<=value."
builtins	float.__lt__	"Return self<value."
builtins	float.__mod__	"Return self%value."
builtins	float.__mul__	"Return self*value."
builtins	float.__ne__	"Return self!=value."
builtins	float.__neg__	"-self"
builtins	float.__new__	"Create and return a new object.  See help(type) for accurate signature."
builtins	float.__pos__	"+self"
builtins	float.__pow__	"Return pow(self, value, mod)."
builtins	float.__radd__	"Return value+self."
builtins	float.__rdivmod__	"Return divmod(value, self)."
builtins	float.__repr__	"Return repr(self)."
builtins	float.__rfloordiv__	"Return value//self."
builtins	float.__rmod__	"Return value%self."
builtins	float.__rmul__	"Return value*self."
builtins	float.__round__	"Return the Integral closest to x, rounding half toward even.\n\nWhen an argument is passed, work like built-in round(x, ndigits)."
builtins	float.__rpow__	"Return pow(value, self, mod)."
builtins	float.__rsub__	"Return value-self."
builtins	float.__rtruediv__	"Return value/self."
builtins	float.__sub__	"Return self-value."
builtins	float.__truediv__	"Return self/value."
builtins	float.__trunc__	"Return the Integral closest to x between 0 and x."
builtins	float.as_integer_ratio	"Return a pair of integers, whose ratio is exactly equal to the original float.\n\nThe ratio is in lowest terms and has a positive denominator.  Raise\nOverflowError on infinities and a ValueError on NaNs.\n\n>>> (10.0).as_integer_ratio()\n(10, 1)\n>>> (0.0).as_integer_ratio()\n(0, 1)\n>>> (-.25).as_integer_ratio()\n(-1, 4)"
builtins	float.conjugate	"Return self, the complex conjugate of any float."
builtins	float.fromhex	"Create a floating-point number from a hexadecimal string.\n\n>>> float.fromhex('0x1.ffffp10')\n2047.984375\n>>> float.fromhex('-0x1p-1074')\n-5e-324"
builtins	float.hex	"Return a hexadecimal representation of a floating-point number.\n\n>>> (-0.1).hex()\n'-0x1.999999999999ap-4'\n>>> 3.14159.hex()\n'0x1.921f9f01b866ep+1'"
builtins	float.imag	"the imaginary part of a complex number"
builtins	float.is_integer	"Return True if the float is an integer."
builtins	float.real	"the real part of a complex number"
builtins	format	"Return type(value).__format__(value, format_spec)\n\nMany built-in types implement format_spec according to the\nFormat Specification Mini-language. See help('FORMATTING').\n\nIf type(value) does not supply a method named __format__\nand format_spec is empty, then str(value) is returned.\nSee also help('SPECIALMETHODS')."
builtins	frozenset	"Build an immutable unordered collection of unique elements."
builtins	frozenset.__and__	"Return self&value."
builtins	frozenset.__class_getitem__	"See PEP 585"
builtins	frozenset.__contains__	"x.__contains__(y) <==> y in x."
builtins	frozenset.__eq__	"Return self==value."
builtins	frozenset.__ge__	"Return self>=value."
builtins	frozenset.__gt__	"Return self>value."
builtins	frozenset.__hash__	"Return hash(self)."
builtins	frozenset.__iter__	"Implement iter(self)."
builtins	frozenset.__le__	"Return self<=value."
builtins	frozenset.__len__	"Return len(self)."
builtins	frozenset.__lt__	"Return self<value."
builtins	frozenset.__ne__	"Return self!=value."
builtins	frozenset.__new__	"Create and return a new object.  See help(type) for accurate signature."
builtins	frozenset.__or__	"Return self|value."
builtins	frozenset.__rand__	"Return value&self."
builtins	frozenset.__reduce__	"Return state information for pickling."
builtins	frozenset.__repr__	"Return repr(self)."
builtins	frozenset.__ror__	"Return value|self."
builtins	frozenset.__rsub__	"Return value-self."
builtins	frozenset.__rxor__	"Return value^self."
builtins	frozenset.__sizeof__	"S.__sizeof__() -> size of S in memory, in bytes."
builtins	frozenset.__sub__	"Return self-value."
builtins	frozenset.__xor__	"Return self^value."
builtins	frozenset.copy	"Return a shallow copy of a set."
builtins	frozenset.difference	"Return a new set with elements in the set that are not in the others."
builtins	frozenset.intersection	"Return a new set with elements common to the set and all others."
builtins	frozenset.isdisjoint	"Return True if two sets have a null intersection."
builtins	frozenset.issubset	"Report whether another set contains this set."
builtins	frozenset.issuperset	"Report whether this set contains another set."
builtins	frozenset.symmetric_difference	"Return a new set with elements in either the set or other but not both."
builtins	frozenset.union	"Return a new set with elements from the set and all others."
builtins	getattr	"getattr(object, name[, default]) -> value\n\nGet a named attribute from an object; getattr(x, 'y') is equivalent to x.y.\nWhen a default argument is given, it is returned when the attribute doesn't\nexist; without it, an exception is raised in that case."
builtins	globals	"Return the dictionary containing the current scope's global variables.\n\nNOTE: Updates to this dictionary *will* affect name lookups in the current\nglobal scope and vice-versa."
builtins	hasattr	"Return whether the object has an attribute with the given name.\n\nThis is done by calling getattr(obj, name) and catching AttributeError."
builtins	hash	"Return the hash value for the given object.\n\nTwo objects that compare equal must also have the same hash value, but the\nreverse is not necessarily true."
builtins	hex	"Return the hexadecimal representation of an integer.\n\n   >>> hex(12648430)\n   '0xc0ffee'"
builtins	id	"Return the identity of an object.\n\nThis is guaranteed to be unique among simultaneously existing objects.\n(CPython uses the object's memory address.)"
builtins	input	"Read a string from standard input.  The trailing newline is stripped.\n\nThe prompt string, if given, is printed to standard output without a\ntrailing newline before reading input.\n\nIf the user hits EOF (*nix: Ctrl-D, Windows: Ctrl-Z+Return), raise EOFError.\nOn *nix systems, readline is used if available."
builtins	int	"int([x]) -> integer\nint(x, base=10) -> integer\n\nConvert a number or string to an integer, or return 0 if no arguments\nare given.  If x is a number, return x.__int__().  For floating-point\nnumbers, this truncates towards zero.\n\nIf x is not a number or if base is given, then x must be a string,\nbytes, or bytearray instance representing an integer literal in the\ngiven base.  The literal can be preceded by '+' or '-' and be surrounded\nby whitespace.  The base defaults to 10.  Valid bases are 0 and 2-36.\nBase 0 means to interpret the base from the string as an integer literal.\n>>> int('0b100', base=0)\n4"
builtins	int.__abs__	"abs(self)"
builtins	int.__add__	"Return self+value."
builtins	int.__and__	"Return self&value."
builtins	int.__bool__	"True if self else False"
builtins	int.__ceil__	"Ceiling of an Integral returns itself."
builtins	int.__divmod__	"Return divmod(self, value)."
builtins	int.__eq__	"Return self==value."
builtins	int.__float__	"float(self)"
builtins	int.__floor__	"Flooring an Integral returns itself."
builtins	int.__floordiv__	"Return self//value."
builtins	int.__format__	"Convert to a string according to format_spec."
builtins	int.__ge__	"Return self>=value."
builtins	int.__getattribute__	"Return getattr(self, name)."
builtins	int.__getnewargs__	null
builtins	int.__gt__	"Return self>value."
builtins	int.__hash__	"Return hash(self)."
builtins	int.__index__	"Return self converted to an integer, if self is suitable for use as an index into a list."
builtins	int.__int__	"int(self)"
builtins	int.__invert__	"~self"
builtins	int.__le__	"Return self<=value."
builtins	int.__lshift__	"Return self<<value."
builtins	int.__lt__	"Return self<value."
builtins	int.__mod__	"Return self%value."
builtins	int.__mul__	"Return self*value."
builtins	int.__ne__	"Return self!=value."
builtins	int.__neg__	"-self"
builtins	int.__new__	"Create and return a new object.  See help(type) for accurate signature."
builtins	int.__or__	"Return self|value."
builtins	int.__pos__	"+self"
builtins	int.__pow__	"Return pow(self, value, mod)."
builtins	int.__radd__	"Return value+self."
builtins	int.__rand__	"Return value&self."
builtins	int.__rdivmod__	"Return divmod(value, self)."
builtins	int.__repr__	"Return repr(self)."
builtins	int.__rfloordiv__	"Return value//self."
builtins	int.__rlshift__	"Return value<<self."
builtins	int.__rmod__	"Return value%self."
builtins	int.__rmul__	"Return value*self."
builtins	int.__ror__	"Return value|self."
builtins	int.__round__	"Rounding an Integral returns itself.\n\nRounding with an ndigits argument also returns an integer."
builtins	int.__rpow__	"Return pow(value, self, mod)."
builtins	int.__rrshift__	"Return value>>self."
builtins	int.__rshift__	"Return self>>value."
builtins	int.__rsub__	"Return value-self."
builtins	int.__rtruediv__	"Return value/self."
builtins	int.__rxor__	"Return value^self."
builtins	int.__sizeof__	"Returns size in memory, in bytes."
builtins	int.__sub__	"Return self-value."
builtins	int.__truediv__	"Return self/value."
builtins	int.__trunc__	"Truncating an Integral returns itself."
builtins	int.__xor__	"Return self^value."
builtins	int.as_integer_ratio	"Return a pair of integers, whose ratio is equal to the original int.\n\nThe ratio is in lowest terms and has a positive denominator.\n\n>>> (10).as_integer_ratio()\n(10, 1)\n>>> (-10).as_integer_ratio()\n(-10, 1)\n>>> (0).as_integer_ratio()\n(0, 1)"
builtins	int.bit_count	"Number of ones in the binary representation of the absolute value of self.\n\nAlso known as the population count.\n\n>>> bin(13)\n'0b1101'\n>>> (13).bit_count()\n3"
builtins	int.bit_length	"Number of bits necessary to represent self in binary.\n\n>>> bin(37)\n'0b100101'\n>>> (37).bit_length()\n6"
builtins	int.conjugate	"Returns self, the complex conjugate of any int."
builtins	int.denominator	"the denominator of a rational number in lowest terms"
builtins	int.from_bytes	"Return the integer represented by the given array of bytes.\n\n  bytes\n    Holds the array of bytes to convert.  The argument must either\n    support the buffer protocol or be an iterable object producing bytes.\n    Bytes and bytearray are examples of built-in objects that support the\n    buffer protocol.\n  byteorder\n    The byte order used to represent the integer.  If byteorder is 'big',\n    the most significant byte is at the beginning of the byte array.  If\n    byteorder is 'little', the most significant byte is at the end of the\n    byte array.  To request the native byte order of the host system, use\n    sys.byteorder as the byte order value.  Default is to use 'big'.\n  signed\n    Indicates whether two's complement is used to represent the integer."
builtins	int.imag	"the imaginary part of a complex number"
builtins	int.is_integer	"Returns True. Exists for duck type compatibility with float.is_integer."
builtins	int.numerator	"the numerator of a rational number in lowest terms"
builtins	int.real	"the real part of a complex number"
builtins	int.to_bytes	"Return an array of bytes representing an integer.\n\n  length\n    Length of bytes object to use.  An OverflowError is raised if the\n    integer is not representable with the given number of bytes.  Default\n    is length 1.\n  byteorder\n    The byte order used to represent the integer.  If byteorder is 'big',\n    the most significant byte is at the beginning of the byte array.  If\n    byteorder is 'little', the most significant byte is at the end of the\n    byte array.  To request the native byte order of the host system, use\n    sys.byteorder as the byte order value.  Default is to use 'big'.\n  signed\n    Determines whether two's complement is used to represent the integer.\n    If signed is False and a negative integer is given, an OverflowError\n    is raised."
builtins	isinstance	"Return whether an object is an instance of a class or of a subclass thereof.\n\nA tuple, as in ``isinstance(x, (A, B, ...))``, may be given as the target to\ncheck against. This is equivalent to ``isinstance(x, A) or isinstance(x, B)\nor ...`` etc."
builtins	issubclass	"Return whether 'cls' is derived from another class or is the same class.\n\nA tuple, as in ``issubclass(x, (A, B, ...))``, may be given as the target to\ncheck against. This is equivalent to ``issubclass(x, A) or issubclass(x, B)\nor ...``."
builtins	iter	"iter(iterable) -> iterator\niter(callable, sentinel) -> iterator\n\nGet an iterator from an object.  In the first form, the argument must\nsupply its own iterator, or be a sequence.\nIn the second form, the callable is called until it returns the sentinel."
builtins	len	"Return the number of items in a container."
builtins	list	"Built-in mutable sequence.\n\nIf no argument is given, the constructor creates a new empty list.\nThe argument must be an iterable if specified."
builtins	list.__add__	"Return self+value."
builtins	list.__class_getitem__	"See PEP 585"
builtins	list.__contains__	"Return bool(key in self)."
builtins	list.__delitem__	"Delete self[key]."
builtins	list.__eq__	"Return self==value."
builtins	list.__ge__	"Return self>=value."
builtins	list.__getattribute__	"Return getattr(self, name)."
builtins	list.__getitem__	"Return self[index]."
builtins	list.__gt__	"Return self>value."
builtins	list.__iadd__	"Implement self+=value."
builtins	list.__imul__	"Implement self*=value."
builtins	list.__init__	"Initialize self.  See help(type(self)) for accurate signature."
builtins	list.__iter__	"Implement iter(self)."
builtins	list.__le__	"Return self<=value."
builtins	list.__len__	"Return len(self)."
builtins	list.__lt__	"Return self<value."
builtins	list.__mul__	"Return self*value."
builtins	list.__ne__	"Return self!=value."
builtins	list.__new__	"Create and return a new object.  See help(type) for accurate signature."
builtins	list.__repr__	"Return repr(self)."
builtins	list.__reversed__	"Return a reverse iterator over the list."
builtins	list.__rmul__	"Return value*self."
builtins	list.__setitem__	"Set self[key] to value."
builtins	list.__sizeof__	"Return the size of the list in memory, in bytes."
builtins	list.append	"Append object to the end of the list."
builtins	list.clear	"Remove all items from list."
builtins	list.copy	"Return a shallow copy of the list."
builtins	list.count	"Return number of occurrences of value."
builtins	list.extend	"Extend list by appending elements from the iterable."
builtins	list.index	"Return first index of value.\n\nRaises ValueError if the value is not present."
builtins	list.insert	"Insert object before index."
builtins	list.pop	"Remove and return item at index (default last).\n\nRaises IndexError if list is empty or index is out of range."
builtins	list.remove	"Remove first occurrence of value.\n\nRaises ValueError if the value is not present."
builtins	list.reverse	"Reverse *IN PLACE*."
builtins	list.sort	"Sort the list in ascending order and return None.\n\nThe sort is in-place (i.e. the list itself is modified) and stable (i.e. the\norder of two equal elements is maintained).\n\nIf a key function is given, apply it once to each list item and sort them,\nascending or descending, according to their function values.\n\nThe reverse flag can be set to sort in descending order."
builtins	locals	"Return a dictionary containing the current scope's local variables.\n\nNOTE: Whether or not updates to this dictionary will affect name lookups in\nthe local scope and vice-versa is *implementation dependent* and not\ncovered by any backwards compatibility guarantees."
builtins	map	"Make an iterator that computes the function using arguments from\neach of the iterables.  Stops when the shortest iterable is exhausted."
builtins	map.__getattribute__	"Return getattr(self, name)."
builtins	map.__iter__	"Implement iter(self)."
builtins	map.__new__	"Create and return a new object.  See help(type) for accurate signature."
builtins	map.__next__	"Implement next(self)."
builtins	map.__reduce__	"Return state information for pickling."
builtins	max	"max(iterable, *[, default=obj, key=func]) -> value\nmax(arg1, arg2, *args, *[, key=func]) -> value\n\nWith a single iterable argument, return its biggest item. The\ndefault keyword-only argument specifies an object to return if\nthe provided iterable is empty.\nWith two or more positional arguments, return the largest argument."
builtins	memoryview	"Create a new memoryview object which references the given object."
builtins	memoryview.__buffer__	"Return a buffer object that exposes the underlying memory of the object."
builtins	memoryview.__delitem__	"Delete self[key]."
builtins	memoryview.__enter__	null
builtins	memoryview.__eq__	"Return self==value."
builtins	memoryview.__exit__	"Release the underlying buffer exposed by the memoryview object."
builtins	memoryview.__ge__	"Return self>=value."
builtins	memoryview.__getattribute__	"Return getattr(self, name)."
builtins	memoryview.__getitem__	"Return self[key]."
builtins	memoryview.__gt__	"Return self>value."
builtins	memoryview.__hash__	"Return hash(self)."
builtins	memoryview.__iter__	"Implement iter(self)."
builtins	memoryview.__le__	"Return self<=value."
builtins	memoryview.__len__	"Return len(self)."
builtins	memoryview.__lt__	"Return self<value."
builtins	memoryview.__ne__	"Return self!=value."
builtins	memoryview.__new__	"Create and return a new object.  See help(type) for accurate signature."
builtins	memoryview.__release_buffer__	"Release the buffer object that exposes the underlying memory of the object."
builtins	memoryview.__repr__	"Return repr(self)."
builtins	memoryview.__setitem__	"Set self[key] to value."
builtins	memoryview._from_flags	"Create a new memoryview object which references the given object."
builtins	memoryview.c_contiguous	"A bool indicating whether the memory is C contiguous."
builtins	memoryview.cast	"Cast a memoryview to a new format or shape."
builtins	memoryview.contiguous	"A bool indicating whether the memory is contiguous."
builtins	memoryview.f_contiguous	"A bool indicating whether the memory is Fortran contiguous."
builtins	memoryview.format	"A string containing the format (in struct module style)\n for each element in the view."
builtins	memoryview.hex	"Return the data in the buffer as a str of hexadecimal numbers.\n\n  sep\n    An optional single character or byte to separate hex bytes.\n  bytes_per_sep\n    How many bytes between separators.  Positive values count from the\n    right, negative values count from the left.\n\nExample:\n>>> value = memoryview(b'\\xb9\\x01\\xef')\n>>> value.hex()\n'b901ef'\n>>> value.hex(':')\n'b9:01:ef'\n>>> value.hex(':', 2)\n'b9:01ef'\n>>> value.hex(':', -2)\n'b901:ef'"
builtins	memoryview.itemsize	"The size in bytes of each element of the memoryview."
builtins	memoryview.nbytes	"The amount of space in bytes that the array would use in\n a contiguous representation."
builtins	memoryview.ndim	"An integer indicating how many dimensions of a multi-dimensional\n array the memory represents."
builtins	memoryview.obj	"The underlying object of the memoryview."
builtins	memoryview.readonly	"A bool indicating whether the memory is read only."
builtins	memoryview.release	"Release the underlying buffer exposed by the memoryview object."
builtins	memoryview.shape	"A tuple of ndim integers giving the shape of the memory\n as an N-dimensional array."
builtins	memoryview.strides	"A tuple of ndim integers giving the size in bytes to access\n each element for each dimension of the array."
builtins	memoryview.suboffsets	"A tuple of integers used internally for PIL-style arrays."
builtins	memoryview.tobytes	"Return the data in the buffer as a byte string.\n\nOrder can be {'C', 'F', 'A'}. When order is 'C' or 'F', the data of the\noriginal array is converted to C or Fortran order. For contiguous views,\n'A' returns an exact copy of the physical memory. In particular, in-memory\nFortran order is preserved. For non-contiguous views, the data is converted\nto C first. order=None is the same as order='C'."
builtins	memoryview.tolist	"Return the data in the buffer as a list of elements."
builtins	memoryview.toreadonly	"Return a readonly version of the memoryview."
builtins	min	"min(iterable, *[, default=obj, key=func]) -> value\nmin(arg1, arg2, *args, *[, key=func]) -> value\n\nWith a single iterable argument, return its smallest item. The\ndefault keyword-only argument specifies an object to return if\nthe provided iterable is empty.\nWith two or more positional arguments, return the smallest argument."
builtins	next	"next(iterator[, default])\n\nReturn the next item from the iterator. If default is given and the iterator\nis exhausted, it is returned instead of raising StopIteration."
builtins	object	"The base class of the class hierarchy.\n\nWhen called, it accepts no arguments and returns a new featureless\ninstance that has no instance attributes and cannot be given any.\n"
builtins	object.__class__	"the object's class"
builtins	object.__delattr__	"Implement delattr(self, name)."
builtins	object.__dir__	"Default dir() implementation."
builtins	object.__eq__	"Return self==value."
builtins	object.__format__	"Default object formatter.\n\nReturn str(self) if format_spec is empty. Raise TypeError otherwise."
builtins	object.__ge__	"Return self>=value."
builtins	object.__getattribute__	"Return getattr(self, name)."
builtins	object.__getstate__	"Helper for pickle."
builtins	object.__gt__	"Return self>value."
builtins	object.__hash__	"Return hash(self)."
builtins	object.__init__	"Initialize self.  See help(type(self)) for accurate signature."
builtins	object.__init_subclass__	"This method is called when a class is subclassed.\n\nThe default implementation does nothing. It may be\noverridden to extend subclasses.\n"
builtins	object.__le__	"Return self<=value."
builtins	object.__lt__	"Return self<value."
builtins	object.__ne__	"Return self!=value."
builtins	object.__new__	"Create and return a new object.  See help(type) for accurate signature."
builtins	object.__reduce__	"Helper for pickle."
builtins	object.__reduce_ex__	"Helper for pickle."
builtins	object.__repr__	"Return repr(self)."
builtins	object.__setattr__	"Implement setattr(self, name, value)."
builtins	object.__sizeof__	"Size of object in memory, in bytes."
builtins	object.__str__	"Return str(self)."
builtins	object.__subclasshook__	"Abstract classes can override this to customize issubclass().\n\nThis is invoked early on by abc.ABCMeta.__subclasscheck__().\nIt should return True, False or NotImplemented.  If it returns\nNotImplemented, the normal algorithm is used.  Otherwise, it\noverrides the normal algorithm (and the outcome is cached).\n"
builtins	oct	"Return the octal representation of an integer.\n\n   >>> oct(342391)\n   '0o1234567'"
builtins	open	"Open file and return a stream.  Raise OSError upon failure.\n\nfile is either a text or byte string giving the name (and the path\nif the file isn't in the current working directory) of the file to\nbe opened or an integer file descriptor of the file to be\nwrapped. (If a file descriptor is given, it is closed when the\nreturned I/O object is closed, unless closefd is set to False.)\n\nmode is an optional string that specifies the mode in which the file\nis opened. It defaults to 'r' which means open for reading in text\nmode.  Other common values are 'w' for writing (truncating the file if\nit already exists), 'x' for creating and writing to a new file, and\n'a' for appending (which on some Unix systems, means that all writes\nappend to the end of the file regardless of the current seek position).\nIn text mode, if encoding is not specified the encoding used is platform\ndependent: locale.getencoding() is called to get the current locale encoding.\n(For reading and writing raw bytes use binary mode and leave encoding\nunspecified.) The available modes are:\n\n========= ===============================================================\nCharacter Meaning\n--------- ---------------------------------------------------------------\n'r'       open for reading (default)\n'w'       open for writing, truncating the file first\n'x'       create a new file and open it for writing\n'a'       open for writing, appending to the end of the file if it exists\n'b'       binary mode\n't'       text mode (default)\n'+'       open a disk file for updating (reading and writing)\n========= ===============================================================\n\nThe default mode is 'rt' (open for reading text). For binary random\naccess, the mode 'w+b' opens and truncates the file to 0 bytes, while\n'r+b' opens the file without truncation. The 'x' mode implies 'w' and\nraises an `FileExistsError` if the file already exists.\n\nPython distinguishes between files opened in binary and text modes,\neven when the underlying operating system doesn't. Files opened in\nbinary mode (appending 'b' to the mode argument) return contents as\nbytes objects without any decoding. In text mode (the default, or when\n't' is appended to the mode argument), the contents of the file are\nreturned as strings, the bytes having been first decoded using a\nplatform-dependent encoding or using the specified encoding if given.\n\nbuffering is an optional integer used to set the buffering policy.\nPass 0 to switch buffering off (only allowed in binary mode), 1 to select\nline buffering (only usable in text mode), and an integer > 1 to indicate\nthe size of a fixed-size chunk buffer.  When no buffering argument is\ngiven, the default buffering policy works as follows:\n\n* Binary files are buffered in fixed-size chunks; the size of the buffer\n  is chosen using a heuristic trying to determine the underlying device's\n  \"block size\" and falling back on `io.DEFAULT_BUFFER_SIZE`.\n  On many systems, the buffer will typically be 4096 or 8192 bytes long.\n\n* \"Interactive\" text files (files for which isatty() returns True)\n  use line buffering.  Other text files use the policy described above\n  for binary files.\n\nencoding is the name of the encoding used to decode or encode the\nfile. This should only be used in text mode. The default encoding is\nplatform dependent, but any encoding supported by Python can be\npassed.  See the codecs module for the list of supported encodings.\n\nerrors is an optional string that specifies how encoding errors are to\nbe handled---this argument should not be used in binary mode. Pass\n'strict' to raise a ValueError exception if there is an encoding error\n(the default of None has the same effect), or pass 'ignore' to ignore\nerrors. (Note that ignoring encoding errors can lead to data loss.)\nSee the documentation for codecs.register or run 'help(codecs.Codec)'\nfor a list of the permitted encoding error strings.\n\nnewline controls how universal newlines works (it only applies to text\nmode). It can be None, '', '\\n', '\\r', and '\\r\\n'.  It works as\nfollows:\n\n* On input, if newline is None, universal newlines mode is\n  enabled. Lines in the input can end in '\\n', '\\r', or '\\r\\n', and\n  these are translated into '\\n' before being returned to the\n  caller. If it is '', universal newline mode is enabled, but line\n  endings are returned to the caller untranslated. If it has any of\n  the other legal values, input lines are only terminated by the given\n  string, and the line ending is returned to the caller untranslated.\n\n* On output, if newline is None, any '\\n' characters written are\n  translated to the system default line separator, os.linesep. If\n  newline is '' or '\\n', no translation takes place. If newline is any\n  of the other legal values, any '\\n' characters written are translated\n  to the given string.\n\nIf closefd is False, the underlying file descriptor will be kept open\nwhen the file is closed. This does not work when a file name is given\nand must be True in that case.\n\nA custom opener can be used by passing a callable as *opener*. The\nunderlying file descriptor for the file object is then obtained by\ncalling *opener* with (*file*, *flags*). *opener* must return an open\nfile descriptor (passing os.open as *opener* results in functionality\nsimilar to passing None).\n\nopen() returns a file object whose type depends on the mode, and\nthrough which the standard file operations such as reading and writing\nare performed. When open() is used to open a file in a text mode ('w',\n'r', 'wt', 'rt', etc.), it returns a TextIOWrapper. When used to open\na file in a binary mode, the returned class varies: in read binary\nmode, it returns a BufferedReader; in write binary and append binary\nmodes, it returns a BufferedWriter, and in read/write mode, it returns\na BufferedRandom.\n\nIt is also possible to use a string or bytearray as a file for both\nreading and writing. For strings StringIO can be used like a file\nopened in a text mode, and for bytes a BytesIO can be used like a file\nopened in a binary mode."
builtins	ord	"Return the Unicode code point for a one-character string."
builtins	pow	"Equivalent to base**exp with 2 arguments or base**exp % mod with 3 arguments\n\nSome types, such as ints, are able to use a more efficient algorithm when\ninvoked using the three argument form."
builtins	print	"Prints the values to a stream, or to sys.stdout by default.\n\n  sep\n    string inserted between values, default a space.\n  end\n    string appended after the last value, default a newline.\n  file\n    a file-like object (stream); defaults to the current sys.stdout.\n  flush\n    whether to forcibly flush the stream."
builtins	property	"Property attribute.\n\n  fget\n    function to be used for getting an attribute value\n  fset\n    function to be used for setting an attribute value\n  fdel\n    function to be used for del'ing an attribute\n  doc\n    docstring\n\nTypical use is to define a managed attribute x:\n\nclass C(object):\n    def getx(self): return self._x\n    def setx(self, value): self._x = value\n    def delx(self): del self._x\n    x = property(getx, setx, delx, \"I'm the 'x' property.\")\n\nDecorators make defining new properties or modifying existing ones easy:\n\nclass C(object):\n    @property\n    def x(self):\n        \"I am the 'x' property.\"\n        return self._x\n    @x.setter\n    def x(self, value):\n        self._x = value\n    @x.deleter\n    def x(self):\n        del self._x"
builtins	property.__delete__	"Delete an attribute of instance."
builtins	property.__doc__	null
builtins	property.__get__	"Return an attribute of instance, which is of type owner."
builtins	property.__getattribute__	"Return getattr(self, name)."
builtins	property.__init__	"Initialize self.  See help(type(self)) for accurate signature."
builtins	property.__isabstractmethod__	null
builtins	property.__name__	null
builtins	property.__new__	"Create and return a new object.  See help(type) for accurate signature."
builtins	property.__set__	"Set an attribute of instance to value."
builtins	property.__set_name__	"Method to set name of a property."
builtins	property.deleter	"Descriptor to obtain a copy of the property with a different deleter."
builtins	property.fdel	null
builtins	property.fget	null
builtins	property.fset	null
builtins	property.getter	"Descriptor to obtain a copy of the property with a different getter."
builtins	property.setter	"Descriptor to obtain a copy of the property with a different setter."
builtins	range	"range(stop) -> range object\nrange(start, stop[, step]) -> range object\n\nReturn an object that produces a sequence of integers from start (inclusive)\nto stop (exclusive) by step.  range(i, j) produces i, i+1, i+2, ..., j-1.\nstart defaults to 0, and stop is omitted!  range(4) produces 0, 1, 2, 3.\nThese are exactly the valid indices for a list of 4 elements.\nWhen step is given, it specifies the increment (or decrement)."
builtins	range.__bool__	"True if self else False"
builtins	range.__contains__	"Return bool(key in self)."
builtins	range.__eq__	"Return self==value."
builtins	range.__ge__	"Return self>=value."
builtins	range.__getattribute__	"Return getattr(self, name)."
builtins	range.__getitem__	"Return self[key]."
builtins	range.__gt__	"Return self>value."
builtins	range.__hash__	"Return hash(self)."
builtins	range.__iter__	"Implement iter(self)."
builtins	range.__le__	"Return self<=value."
builtins	range.__len__	"Return len(self)."
builtins	range.__lt__	"Return self<value."
builtins	range.__ne__	"Return self!=value."
builtins	range.__new__	"Create and return a new object.  See help(type) for accurate signature."
builtins	range.__reduce__	null
builtins	range.__repr__	"Return repr(self)."
builtins	range.__reversed__	"Return a reverse iterator."
builtins	range.count	"rangeobject.count(value) -> integer -- return number of occurrences of value"
builtins	range.index	"rangeobject.index(value) -> integer -- return index of value.\nRaise ValueError if the value is not present."
builtins	range.start	null
builtins	range.step	null
builtins	range.stop	null
builtins	repr	"Return the canonical string representation of the object.\n\nFor many object types, including most builtins, eval(repr(obj)) == obj."
builtins	reversed	"Return a reverse iterator over the values of the given sequence."
builtins	reversed.__getattribute__	"Return getattr(self, name)."
builtins	reversed.__iter__	"Implement iter(self)."
builtins	reversed.__length_hint__	"Private method returning an estimate of len(list(it))."
builtins	reversed.__new__	"Create and return a new object.  See help(type) for accurate signature."
builtins	reversed.__next__	"Implement next(self)."
builtins	reversed.__reduce__	"Return state information for pickling."
builtins	reversed.__setstate__	"Set state information for unpickling."
builtins	round	"Round a number to a given precision in decimal digits.\n\nThe return value is an integer if ndigits is omitted or None.  Otherwise\nthe return value has the same type as the number.  ndigits may be negative."
builtins	set	"Build an unordered collection of unique elements."
builtins	set.__and__	"Return self&value."
builtins	set.__class_getitem__	"See PEP 585"
builtins	set.__contains__	"x.__contains__(y) <==> y in x."
builtins	set.__eq__	"Return self==value."
builtins	set.__ge__	"Return self>=value."
builtins	set.__getattribute__	"Return getattr(self, name)."
builtins	set.__gt__	"Return self>value."
builtins	set.__iand__	"Return self&=value."
builtins	set.__init__	"Initialize self.  See help(type(self)) for accurate signature."
builtins	set.__ior__	"Return self|=value."
builtins	set.__isub__	"Return self-=value."
builtins	set.__iter__	"Implement iter(self)."
builtins	set.__ixor__	"Return self^=value."
builtins	set.__le__	"Return self<=value."
builtins	set.__len__	"Return len(self)."
builtins	set.__lt__	"Return self<value."
builtins	set.__ne__	"Return self!=value."
builtins	set.__new__	"Create and return a new object.  See help(type) for accurate signature."
builtins	set.__or__	"Return self|value."
builtins	set.__rand__	"Return value&self."
builtins	set.__reduce__	"Return state information for pickling."
builtins	set.__repr__	"Return repr(self)."
builtins	set.__ror__	"Return value|self."
builtins	set.__rsub__	"Return value-self."
builtins	set.__rxor__	"Return value^self."
builtins	set.__sizeof__	"S.__sizeof__() -> size of S in memory, in bytes."
builtins	set.__sub__	"Return self-value."
builtins	set.__xor__	"Return self^value."
builtins	set.add	"Add an element to a set.\n\nThis has no effect if the element is already present."
builtins	set.clear	"Remove all elements from this set."
builtins	set.copy	"Return a shallow copy of a set."
builtins	set.difference	"Return a new set with elements in the set that are not in the others."
builtins	set.difference_update	"Update the set, removing elements found in others."
builtins	set.discard	"Remove an element from a set if it is a member.\n\nUnlike set.remove(), the discard() method does not raise\nan exception when an element is missing from the set."
builtins	set.intersection	"Return a new set with elements common to the set and all others."
builtins	set.intersection_update	"Update the set, keeping only elements found in it and all others."
builtins	set.isdisjoint	"Return True if two sets have a null intersection."
builtins	set.issubset	"Report whether another set contains this set."
builtins	set.issuperset	"Report whether this set contains another set."
builtins	set.pop	"Remove and return an arbitrary set element.\n\nRaises KeyError if the set is empty."
builtins	set.remove	"Remove an element from a set; it must be a member.\n\nIf the element is not a member, raise a KeyError."
builtins	set.symmetric_difference	"Return a new set with elements in either the set or other but not both."
builtins	set.symmetric_difference_update	"Update the set, keeping only elements found in either set, but not in both."
builtins	set.union	"Return a new set with elements from the set and all others."
builtins	set.update	"Update the set, adding elements from all others."
builtins	setattr	"Sets the named attribute on the given object to the specified value.\n\nsetattr(x, 'y', v) is equivalent to ``x.y = v``"
builtins	slice	"slice(stop)\nslice(start, stop[, step])\n\nCreate a slice object.  This is used for extended slicing (e.g. a[0:10:2])."
builtins	slice.__eq__	"Return self==value."
builtins	slice.__ge__	"Return self>=value."
builtins	slice.__getattribute__	"Return getattr(self, name)."
builtins	slice.__gt__	"Return self>value."
builtins	slice.__hash__	"Return hash(self)."
builtins	slice.__le__	"Return self<=value."
builtins	slice.__lt__	"Return self<value."
builtins	slice.__ne__	"Return self!=value."
builtins	slice.__new__	"Create and return a new object.  See help(type) for accurate signature."
builtins	slice.__reduce__	"Return state information for pickling."
builtins	slice.__repr__	"Return repr(self)."
builtins	slice.indices	"S.indices(len) -> (start, stop, stride)\n\nAssuming a sequence of length len, calculate the start and stop\nindices, and the stride length of the extended slice described by\nS. Out of bounds indices are clipped in a manner consistent with the\nhandling of normal slices."
builtins	slice.start	null
builtins	slice.step	null
builtins	slice.stop	null
builtins	sorted	"Return a new list containing all items from the iterable in ascending order.\n\nA custom key function can be supplied to customize the sort order, and the\nreverse flag can be set to request the result in descending order."
builtins	staticmethod	"Convert a function to be a static method.\n\nA static method does not receive an implicit first argument.\nTo declare a static method, use this idiom:\n\n     class C:\n         @staticmethod\n         def f(arg1, arg2, argN):\n             ...\n\nIt can be called either on the class (e.g. C.f()) or on an instance\n(e.g. C().f()). Both the class and the instance are ignored, and\nneither is passed implicitly as the first argument to the method.\n\nStatic methods in Python are similar to those found in Java or C++.\nFor a more advanced concept, see the classmethod builtin."
builtins	staticmethod.__call__	"Call self as a function."
builtins	staticmethod.__dict__	null
builtins	staticmethod.__func__	null
builtins	staticmethod.__get__	"Return an attribute of instance, which is of type owner."
builtins	staticmethod.__init__	"Initialize self.  See help(type(self)) for accurate signature."
builtins	staticmethod.__isabstractmethod__	null
builtins	staticmethod.__new__	"Create and return a new object.  See help(type) for accurate signature."
builtins	staticmethod.__repr__	"Return repr(self)."
builtins	staticmethod.__wrapped__	null
builtins	str	"str(object='') -> str\nstr(bytes_or_buffer[, encoding[, errors]]) -> str\n\nCreate a new string object from the given object. If encoding or\nerrors is specified, then the object must expose a data buffer\nthat will be decoded using the given encoding and error handler.\nOtherwise, returns the result of object.__str__() (if defined)\nor repr(object).\nencoding defaults to 'utf-8'.\nerrors defaults to 'strict'."
builtins	str.__add__	"Return self+value."
builtins	str.__contains__	"Return bool(key in self)."
builtins	str.__eq__	"Return self==value."
builtins	str.__format__	"Return a formatted version of the string as described by format_spec."
builtins	str.__ge__	"Return self>=value."
builtins	str.__getitem__	"Return self[key]."
builtins	str.__getnewargs__	null
builtins	str.__gt__	"Return self>value."
builtins	str.__hash__	"Return hash(self)."
builtins	str.__iter__	"Implement iter(self)."
builtins	str.__le__	"Return self<=value."
builtins	str.__len__	"Return len(self)."
builtins	str.__lt__	"Return self<value."
builtins	str.__mod__	"Return self%value."
builtins	str.__mul__	"Return self*value."
builtins	str.__ne__	"Return self!=value."
builtins	str.__new__	"Create and return a new object.  See help(type) for accurate signature."
builtins	str.__repr__	"Return repr(self)."
builtins	str.__rmod__	"Return value%self."
builtins	str.__rmul__	"Return value*self."
builtins	str.__sizeof__	"Return the size of the string in memory, in bytes."
builtins	str.__str__	"Return str(self)."
builtins	str.capitalize	"Return a capitalized version of the string.\n\nMore specifically, make the first character have upper case and the rest lower\ncase."
builtins	str.casefold	"Return a version of the string suitable for caseless comparisons."
builtins	str.center	"Return a centered string of length width.\n\nPadding is done using the specified fill character (default is a space)."
builtins	str.count	"Return the number of non-overlapping occurrences of substring sub in string S[start:end].\n\nOptional arguments start and end are interpreted as in slice notation."
builtins	str.encode	"Encode the string using the codec registered for encoding.\n\n  encoding\n    The encoding in which to encode the string.\n  errors\n    The error handling scheme to use for encoding errors.\n    The default is 'strict' meaning that encoding errors raise a\n    UnicodeEncodeError.  Other possible values are 'ignore', 'replace' and\n    'xmlcharrefreplace' as well as any other name registered with\n    codecs.register_error that can handle UnicodeEncodeErrors."
builtins	str.endswith	"Return True if the string ends with the specified suffix, False otherwise.\n\n  suffix\n    A string or a tuple of strings to try.\n  start\n    Optional start position. Default: start of the string.\n  end\n    Optional stop position. Default: end of the string."
builtins	str.expandtabs	"Return a copy where all tab characters are expanded using spaces.\n\nIf tabsize is not given, a tab size of 8 characters is assumed."
builtins	str.find	"Return the lowest index in S where substring sub is found, such that sub is contained within S[start:end].\n\nOptional arguments start and end are interpreted as in slice notation.\nReturn -1 on failure."
builtins	str.format	"Return a formatted version of the string, using substitutions from args and kwargs.\nThe substitutions are identified by braces ('{' and '}')."
builtins	str.format_map	"Return a formatted version of the string, using substitutions from mapping.\nThe substitutions are identified by braces ('{' and '}')."
builtins	str.index	"Return the lowest index in S where substring sub is found, such that sub is contained within S[start:end].\n\nOptional arguments start and end are interpreted as in slice notation.\nRaises ValueError when the substring is not found."
builtins	str.isalnum	"Return True if the string is an alpha-numeric string, False otherwise.\n\nA string is alpha-numeric if all characters in the string are alpha-numeric and\nthere is at least one character in the string."
builtins	str.isalpha	"Return True if the string is an alphabetic string, False otherwise.\n\nA string is alphabetic if all characters in the string are alphabetic and there\nis at least one character in the string."
builtins	str.isascii	"Return True if all characters in the string are ASCII, False otherwise.\n\nASCII characters have code points in the range U+0000-U+007F.\nEmpty string is ASCII too."
builtins	str.isdecimal	"Return True if the string is a decimal string, False otherwise.\n\nA string is a decimal string if all characters in the string are decimal and\nthere is at least one character in the string."
builtins	str.isdigit	"Return True if the string is a digit string, False otherwise.\n\nA string is a digit string if all characters in the string are digits and there\nis at least one character in the string."
builtins	str.isidentifier	"Return True if the string is a valid Python identifier, False otherwise.\n\nCall keyword.iskeyword(s) to test whether string s is a reserved identifier,\nsuch as \"def\" or \"class\"."
builtins	str.islower	"Return True if the string is a lowercase string, False otherwise.\n\nA string is lowercase if all cased characters in the string are lowercase and\nthere is at least one cased character in the string."
builtins	str.isnumeric	"Return True if the string is a numeric string, False otherwise.\n\nA string is numeric if all characters in the string are numeric and there is at\nleast one character in the string."
builtins	str.isprintable	"Return True if all characters in the string are printable, False otherwise.\n\nA character is printable if repr() may use it in its output."
builtins	str.isspace	"Return True if the string is a whitespace string, False otherwise.\n\nA string is whitespace if all characters in the string are whitespace and there\nis at least one character in the string."
builtins	str.istitle	"Return True if the string is a title-cased string, False otherwise.\n\nIn a title-cased string, upper- and title-case characters may only\nfollow uncased characters and lowercase characters only cased ones."
builtins	str.isupper	"Return True if the string is an uppercase string, False otherwise.\n\nA string is uppercase if all cased characters in the string are uppercase and\nthere is at least one cased character in the string."
builtins	str.join	"Concatenate any number of strings.\n\nThe string whose method is called is inserted in between each given string.\nThe result is returned as a new string.\n\nExample: '.'.join(['ab', 'pq', 'rs']) -> 'ab.pq.rs'"
builtins	str.ljust	"Return a left-justified string of length width.\n\nPadding is done using the specified fill character (default is a space)."
builtins	str.lower	"Return a copy of the string converted to lowercase."
builtins	str.lstrip	"Return a copy of the string with leading whitespace removed.\n\nIf chars is given and not None, remove characters in chars instead."
builtins	str.maketrans	"Convert a function to be a static method.\n\nA static method does not receive an implicit first argument.\nTo declare a static method, use this idiom:\n\n     class C:\n         @staticmethod\n         def f(arg1, arg2, argN):\n             ...\n\nIt can be called either on the class (e.g. C.f()) or on an instance\n(e.g. C().f()). Both the class and the instance are ignored, and\nneither is passed implicitly as the first argument to the method.\n\nStatic methods in Python are similar to those found in Java or C++.\nFor a more advanced concept, see the classmethod builtin."
builtins	str.partition	"Partition the string into three parts using the given separator.\n\nThis will search for the separator in the string.  If the separator is found,\nreturns a 3-tuple containing the part before the separator, the separator\nitself, and the part after it.\n\nIf the separator is not found, returns a 3-tuple containing the original string\nand two empty strings."
builtins	str.removeprefix	"Return a str with the given prefix string removed if present.\n\nIf the string starts with the prefix string, return string[len(prefix):].\nOtherwise, return a copy of the original string."
builtins	str.removesuffix	"Return a str with the given suffix string removed if present.\n\nIf the string ends with the suffix string and that suffix is not empty,\nreturn string[:-len(suffix)]. Otherwise, return a copy of the original\nstring."
builtins	str.replace	"Return a copy with all occurrences of substring old replaced by new.\n\n  count\n    Maximum number of occurrences to replace.\n    -1 (the default value) means replace all occurrences.\n\nIf the optional argument count is given, only the first count occurrences are\nreplaced."
builtins	str.rfind	"Return the highest index in S where substring sub is found, such that sub is contained within S[start:end].\n\nOptional arguments start and end are interpreted as in slice notation.\nReturn -1 on failure."
builtins	str.rindex	"Return the highest index in S where substring sub is found, such that sub is contained within S[start:end].\n\nOptional arguments start and end are interpreted as in slice notation.\nRaises ValueError when the substring is not found."
builtins	str.rjust	"Return a right-justified string of length width.\n\nPadding is done using the specified fill character (default is a space)."
builtins	str.rpartition	"Partition the string into three parts using the given separator.\n\nThis will search for the separator in the string, starting at the end. If\nthe separator is found, returns a 3-tuple containing the part before the\nseparator, the separator itself, and the part after it.\n\nIf the separator is not found, returns a 3-tuple containing two empty strings\nand the original string."
builtins	str.rsplit	"Return a list of the substrings in the string, using sep as the separator string.\n\n  sep\n    The separator used to split the string.\n\n    When set to None (the default value), will split on any whitespace\n    character (including \\n \\r \\t \\f and spaces) and will discard\n    empty strings from the result.\n  maxsplit\n    Maximum number of splits.\n    -1 (the default value) means no limit.\n\nSplitting starts at the end of the string and works to the front."
builtins	str.rstrip	"Return a copy of the string with trailing whitespace removed.\n\nIf chars is given and not None, remove characters in chars instead."
builtins	str.split	"Return a list of the substrings in the string, using sep as the separator string.\n\n  sep\n    The separator used to split the string.\n\n    When set to None (the default value), will split on any whitespace\n    character (including \\n \\r \\t \\f and spaces) and will discard\n    empty strings from the result.\n  maxsplit\n    Maximum number of splits.\n    -1 (the default value) means no limit.\n\nSplitting starts at the front of the string and works to the end.\n\nNote, str.split() is mainly useful for data that has been intentionally\ndelimited.  With natural text that includes punctuation, consider using\nthe regular expression module."
builtins	str.splitlines	"Return a list of the lines in the string, breaking at line boundaries.\n\nLine breaks are not included in the resulting list unless keepends is given and\ntrue."
builtins	str.startswith	"Return True if the string starts with the specified prefix, False otherwise.\n\n  prefix\n    A string or a tuple of strings to try.\n  start\n    Optional start position. Default: start of the string.\n  end\n    Optional stop position. Default: end of the string."
builtins	str.strip	"Return a copy of the string with leading and trailing whitespace removed.\n\nIf chars is given and not None, remove characters in chars instead."
builtins	str.swapcase	"Convert uppercase characters to lowercase and lowercase characters to uppercase."
builtins	str.title	"Return a version of the string where each word is titlecased.\n\nMore specifically, words start with uppercased characters and all remaining\ncased characters have lower case."
builtins	str.translate	"Replace each character in the string using the given translation table.\n\n  table\n    Translation table, which must be a mapping of Unicode ordinals to\n    Unicode ordinals, strings, or None.\n\nThe table must implement lookup/indexing via __getitem__, for instance a\ndictionary or list.  If this operation raises LookupError, the character is\nleft untouched.  Characters mapped to None are deleted."
builtins	str.upper	"Return a copy of the string converted to uppercase."
builtins	str.zfill	"Pad a numeric string with zeros on the left, to fill a field of the given width.\n\nThe string is never truncated."
builtins	sum	"Return the sum of a 'start' value (default: 0) plus an iterable of numbers\n\nWhen the iterable is empty, return the start value.\nThis function is intended specifically for use with numeric values and may\nreject non-numeric types."
builtins	super	"super() -> same as super(__class__, <first argument>)\nsuper(type) -> unbound super object\nsuper(type, obj) -> bound super object; requires isinstance(obj, type)\nsuper(type, type2) -> bound super object; requires issubclass(type2, type)\nTypical use to call a cooperative superclass method:\nclass C(B):\n    def meth(self, arg):\n        super().meth(arg)\nThis works for class methods too:\nclass C(B):\n    @classmethod\n    def cmeth(cls, arg):\n        super().cmeth(arg)\n"
builtins	super.__get__	"Return an attribute of instance, which is of type owner."
builtins	super.__getattribute__	"Return getattr(self, name)."
builtins	super.__init__	"Initialize self.  See help(type(self)) for accurate signature."
builtins	super.__new__	"Create and return a new object.  See help(type) for accurate signature."
builtins	super.__repr__	"Return repr(self)."
builtins	super.__self__	"the instance invoking super(); may be None"
builtins	super.__self_class__	"the type of the instance invoking super(); may be None"
builtins	super.__thisclass__	"the class invoking super()"
builtins	tuple	"Built-in immutable sequence.\n\nIf no argument is given, the constructor returns an empty tuple.\nIf iterable is specified the tuple is initialized from iterable's items.\n\nIf the argument is a tuple, the return value is the same object."
builtins	tuple.__add__	"Return self+value."
builtins	tuple.__class_getitem__	"See PEP 585"
builtins	tuple.__contains__	"Return bool(key in self)."
builtins	tuple.__eq__	"Return self==value."
builtins	tuple.__ge__	"Return self>=value."
builtins	tuple.__getattribute__	"Return getattr(self, name)."
builtins	tuple.__getitem__	"Return self[key]."
builtins	tuple.__getnewargs__	null
builtins	tuple.__gt__	"Return self>value."
builtins	tuple.__hash__	"Return hash(self)."
builtins	tuple.__iter__	"Implement iter(self)."
builtins	tuple.__le__	"Return self<=value."
builtins	tuple.__len__	"Return len(self)."
builtins	tuple.__lt__	"Return self<value."
builtins	tuple.__mul__	"Return self*value."
builtins	tuple.__ne__	"Return self!=value."
builtins	tuple.__new__	"Create and return a new object.  See help(type) for accurate signature."
builtins	tuple.__repr__	"Return repr(self)."
builtins	tuple.__rmul__	"Return value*self."
builtins	tuple.count	"Return number of occurrences of value."
builtins	tuple.index	"Return first index of value.\n\nRaises ValueError if the value is not present."
builtins	type	"type(object) -> the object's type\ntype(name, bases, dict, **kwds) -> a new type"
builtins	type.__abstractmethods__	null
builtins	type.__annotations__	null
builtins	type.__base__	null
builtins	type.__bases__	null
builtins	type.__basicsize__	null
builtins	type.__call__	"Call self as a function."
builtins	type.__delattr__	"Implement delattr(self, name)."
builtins	type.__dict__	null
builtins	type.__dictoffset__	null
builtins	type.__dir__	"Specialized __dir__ implementation for types."
builtins	type.__doc__	null
builtins	type.__flags__	null
builtins	type.__getattribute__	"Return getattr(self, name)."
builtins	type.__init__	"Initialize self.  See help(type(self)) for accurate signature."
builtins	type.__instancecheck__	"Check if an object is an instance."
builtins	type.__itemsize__	null
builtins	type.__module__	null
builtins	type.__mro__	null
builtins	type.__name__	null
builtins	type.__new__	"Create and return a new object.  See help(type) for accurate signature."
builtins	type.__or__	"Return self|value."
builtins	type.__prepare__	"Create the namespace for the class statement"
builtins	type.__qualname__	null
builtins	type.__repr__	"Return repr(self)."
builtins	type.__ror__	"Return value|self."
builtins	type.__setattr__	"Implement setattr(self, name, value)."
builtins	type.__sizeof__	"Return memory consumption of the type object."
builtins	type.__subclasscheck__	"Check if a class is a subclass."
builtins	type.__subclasses__	"Return a list of immediate subclasses."
builtins	type.__text_signature__	null
builtins	type.__type_params__	null
builtins	type.__weakrefoffset__	null
builtins	type.mro	"Return a type's method resolution order."
builtins	vars	"vars([object]) -> dictionary\n\nWithout arguments, equivalent to locals().\nWith an argument, equivalent to object.__dict__."
builtins	zip	"The zip object yields n-length tuples, where n is the number of iterables\npassed as positional arguments to zip().  The i-th element in every tuple\ncomes from the i-th iterable argument to zip().  This continues until the\nshortest argument is exhausted.\n\nIf strict is true and one of the arguments is exhausted before the others,\nraise a ValueError.\n\n   >>> list(zip('abcdefg', range(3), range(4)))\n   [('a', 0, 0), ('b', 1, 1), ('c', 2, 2)]"
builtins	zip.__getattribute__	"Return getattr(self, name)."
builtins	zip.__iter__	"Implement iter(self)."
builtins	zip.__new__	"Create and return a new object.  See help(type) for accurate signature."
builtins	zip.__next__	"Implement next(self)."
builtins	zip.__reduce__	"Return state information for pickling."
builtins	zip.__setstate__	"Set state information for unpickling."
builtins	function	"Create a function object.\n\n  code\n    a code object\n  globals\n    the globals dictionary\n  name\n    a string that overrides the name from the code object\n  argdefs\n    a tuple that specifies the default argument values\n  closure\n    a tuple that supplies the bindings for free variables\n  kwdefaults\n    a dictionary that specifies the default keyword argument values"
builtins	function.__annotations__	"Dict of annotations in a function object."
builtins	function.__builtins__	null
builtins	function.__call__	"Call self as a function."
builtins	function.__closure__	null
builtins	function.__code__	null
builtins	function.__defaults__	null
builtins	function.__dict__	null
builtins	function.__doc__	null
builtins	function.__get__	"Return an attribute of instance, which is of type owner."
builtins	function.__globals__	null
builtins	function.__kwdefaults__	null
builtins	function.__module__	null
builtins	function.__name__	null
builtins	function.__new__	"Create and return a new object.  See help(type) for accurate signature."
builtins	function.__qualname__	null
builtins	function.__repr__	"Return repr(self)."
builtins	function.__type_params__	"Get the declared type parameters for a function."
builtins	method	"Create a bound instance method object."
builtins	method.__call__	"Call self as a function."
builtins	method.__doc__	null
builtins	method.__eq__	"Return self==value."
builtins	method.__func__	"the function (or other callable) implementing a method"
builtins	method.__ge__	"Return self>=value."
builtins	method.__get__	"Return an attribute of instance, which is of type owner."
builtins	method.__getattribute__	"Return getattr(self, name)."
builtins	method.__gt__	"Return self>value."
builtins	method.__hash__	"Return hash(self)."
builtins	method.__le__	"Return self<=value."
builtins	method.__lt__	"Return self<value."
builtins	method.__ne__	"Return self!=value."
builtins	method.__new__	"Create and return a new object.  See help(type) for accurate signature."
builtins	method.__reduce__	null
builtins	method.__repr__	"Return repr(self)."
builtins	method.__self__	"the instance to which a method is bound"
builtins	module	"Create a module object.\n\nThe name must be a string; the optional doc argument can have any type."
builtins	module.__annotations__	null
builtins	module.__dict__	null
builtins	module.__dir__	"__dir__() -> list\nspecialized dir() implementation"
builtins	module.__getattribute__	"Return getattr(self, name)."
builtins	module.__init__	"Initialize self.  See help(type(self)) for accurate signature."
builtins	module.__new__	"Create and return a new object.  See help(type) for accurate signature."
builtins	module.__repr__	"Return repr(self)."
builtins	NoneType	"The type of the None singleton."
builtins	NoneType.__bool__	"True if self else False"
builtins	NoneType.__eq__	"Return self==value."
builtins	NoneType.__ge__	"Return self>=value."
builtins	NoneType.__gt__	"Return self>value."
builtins	NoneType.__hash__	"Return hash(self)."
builtins	NoneType.__le__	"Return self<=value."
builtins	NoneType.__lt__	"Return self<value."
builtins	NoneType.__ne__	"Return self!=value."
builtins	NoneType.__new__	"Create and return a new object.  See help(type) for accurate signature."
builtins	NoneType.__repr__	"Return repr(self)."
builtins	NotImplementedType	"The type of the NotImplemented singleton."
builtins	NotImplementedType.__bool__	"True if self else False"
builtins	NotImplementedType.__new__	"Create and return a new object.  See help(type) for accurate signature."
builtins	NotImplementedType.__reduce__	null
builtins	NotImplementedType.__repr__	"Return repr(self)."
builtins	ellipsis	"The type of the Ellipsis singleton."
builtins	ellipsis.__new__	"Create and return a new object.  See help(type) for accurate signature."
builtins	ellipsis.__reduce__	null
builtins	ellipsis.__repr__	"Return repr(self)."
builtins	SimpleNamespace	"A simple attribute-based namespace."
builtins	SimpleNamespace.__dict__	null
builtins	SimpleNamespace.__eq__	"Return self==value."
builtins	SimpleNamespace.__ge__	"Return self>=value."
builtins	SimpleNamespace.__gt__	"Return self>value."
builtins	SimpleNamespace.__init__	"Initialize self.  See help(type(self)) for accurate signature."
builtins	SimpleNamespace.__le__	"Return self<=value."
builtins	SimpleNamespace.__lt__	"Return self<value."
builtins	SimpleNamespace.__ne__	"Return self!=value."
builtins	SimpleNamespace.__new__	"Create and return a new object.  See help(type) for accurate signature."
builtins	SimpleNamespace.__reduce__	"Return state information for pickling"
builtins	SimpleNamespace.__replace__	"Return a copy of the namespace object with new values for the specified attributes."
builtins	SimpleNamespace.__repr__	"Return repr(self)."
builtins	mappingproxy	"Read-only proxy of a mapping."
builtins	mappingproxy.__class_getitem__	"See PEP 585"
builtins	mappingproxy.__contains__	"Return bool(key in self)."
builtins	mappingproxy.__eq__	"Return self==value."
builtins	mappingproxy.__ge__	"Return self>=value."
builtins	mappingproxy.__getitem__	"Return self[key]."
builtins	mappingproxy.__gt__	"Return self>value."
builtins	mappingproxy.__hash__	"Return hash(self)."
builtins	mappingproxy.__ior__	"Return self|=value."
builtins	mappingproxy.__iter__	"Implement iter(self)."
builtins	mappingproxy.__le__	"Return self<=value."
builtins	mappingproxy.__len__	"Return len(self)."
builtins	mappingproxy.__lt__	"Return self<value."
builtins	mappingproxy.__ne__	"Return self!=value."
builtins	mappingproxy.__new__	"Create and return a new object.  See help(type) for accurate signature."
builtins	mappingproxy.__or__	"Return self|value."
builtins	mappingproxy.__repr__	"Return repr(self)."
builtins	mappingproxy.__reversed__	"D.__reversed__() -> reverse iterator"
builtins	mappingproxy.__ror__	"Return value|self."
builtins	mappingproxy.__str__	"Return str(self)."
builtins	mappingproxy.copy	"D.copy() -> a shallow copy of D"
builtins	mappingproxy.get	"Return the value for key if key is in the mapping, else default."
builtins	mappingproxy.items	"D.items() -> a set-like object providing a view on D's items"
builtins	mappingproxy.keys	"D.keys() -> a set-like object providing a view on D's keys"
builtins	mappingproxy.values	"D.values() -> an object providing a view on D's values"
bz2	_builtin_open	"Open file and return a stream.  Raise OSError upon failure.\n\nfile is either a text or byte string giving the name (and the path\nif the file isn't in the current working directory) of the file to\nbe opened or an integer file descriptor of the file to be\nwrapped. (If a file descriptor is given, it is closed when the\nreturned I/O object is closed, unless closefd is set to False.)\n\nmode is an optional string that specifies the mode in which the file\nis opened. It defaults to 'r' which means open for reading in text\nmode.  Other common values are 'w' for writing (truncating the file if\nit already exists), 'x' for creating and writing to a new file, and\n'a' for appending (which on some Unix systems, means that all writes\nappend to the end of the file regardless of the current seek position).\nIn text mode, if encoding is not specified the encoding used is platform\ndependent: locale.getencoding() is called to get the current locale encoding.\n(For reading and writing raw bytes use binary mode and leave encoding\nunspecified.) The available modes are:\n\n========= ===============================================================\nCharacter Meaning\n--------- ---------------------------------------------------------------\n'r'       open for reading (default)\n'w'       open for writing, truncating the file first\n'x'       create a new file and open it for writing\n'a'       open for writing, appending to the end of the file if it exists\n'b'       binary mode\n't'       text mode (default)\n'+'       open a disk file for updating (reading and writing)\n========= ===============================================================\n\nThe default mode is 'rt' (open for reading text). For binary random\naccess, the mode 'w+b' opens and truncates the file to 0 bytes, while\n'r+b' opens the file without truncation. The 'x' mode implies 'w' and\nraises an `FileExistsError` if the file already exists.\n\nPython distinguishes between files opened in binary and text modes,\neven when the underlying operating system doesn't. Files opened in\nbinary mode (appending 'b' to the mode argument) return contents as\nbytes objects without any decoding. In text mode (the default, or when\n't' is appended to the mode argument), the contents of the file are\nreturned as strings, the bytes having been first decoded using a\nplatform-dependent encoding or using the specified encoding if given.\n\nbuffering is an optional integer used to set the buffering policy.\nPass 0 to switch buffering off (only allowed in binary mode), 1 to select\nline buffering (only usable in text mode), and an integer > 1 to indicate\nthe size of a fixed-size chunk buffer.  When no buffering argument is\ngiven, the default buffering policy works as follows:\n\n* Binary files are buffered in fixed-size chunks; the size of the buffer\n  is chosen using a heuristic trying to determine the underlying device's\n  \"block size\" and falling back on `io.DEFAULT_BUFFER_SIZE`.\n  On many systems, the buffer will typically be 4096 or 8192 bytes long.\n\n* \"Interactive\" text files (files for which isatty() returns True)\n  use line buffering.  Other text files use the policy described above\n  for binary files.\n\nencoding is the name of the encoding used to decode or encode the\nfile. This should only be used in text mode. The default encoding is\nplatform dependent, but any encoding supported by Python can be\npassed.  See the codecs module for the list of supported encodings.\n\nerrors is an optional string that specifies how encoding errors are to\nbe handled---this argument should not be used in binary mode. Pass\n'strict' to raise a ValueError exception if there is an encoding error\n(the default of None has the same effect), or pass 'ignore' to ignore\nerrors. (Note that ignoring encoding errors can lead to data loss.)\nSee the documentation for codecs.register or run 'help(codecs.Codec)'\nfor a list of the permitted encoding error strings.\n\nnewline controls how universal newlines works (it only applies to text\nmode). It can be None, '', '\\n', '\\r', and '\\r\\n'.  It works as\nfollows:\n\n* On input, if newline is None, universal newlines mode is\n  enabled. Lines in the input can end in '\\n', '\\r', or '\\r\\n', and\n  these are translated into '\\n' before being returned to the\n  caller. If it is '', universal newline mode is enabled, but line\n  endings are returned to the caller untranslated. If it has any of\n  the other legal values, input lines are only terminated by the given\n  string, and the line ending is returned to the caller untranslated.\n\n* On output, if newline is None, any '\\n' characters written are\n  translated to the system default line separator, os.linesep. If\n  newline is '' or '\\n', no translation takes place. If newline is any\n  of the other legal values, any '\\n' characters written are translated\n  to the given string.\n\nIf closefd is False, the underlying file descriptor will be kept open\nwhen the file is closed. This does not work when a file name is given\nand must be True in that case.\n\nA custom opener can be used by passing a callable as *opener*. The\nunderlying file descriptor for the file object is then obtained by\ncalling *opener* with (*file*, *flags*). *opener* must return an open\nfile descriptor (passing os.open as *opener* results in functionality\nsimilar to passing None).\n\nopen() returns a file object whose type depends on the mode, and\nthrough which the standard file operations such as reading and writing\nare performed. When open() is used to open a file in a text mode ('w',\n'r', 'wt', 'rt', etc.), it returns a TextIOWrapper. When used to open\na file in a binary mode, the returned class varies: in read binary\nmode, it returns a BufferedReader; in write binary and append binary\nmodes, it returns a BufferedWriter, and in read/write mode, it returns\na BufferedRandom.\n\nIt is also possible to use a string or bytearray as a file for both\nreading and writing. For strings StringIO can be used like a file\nopened in a text mode, and for bytes a BytesIO can be used like a file\nopened in a binary mode."
calendar	Calendar.firstweekday	null
calendar	Day._generate_next_value_	"\nGenerate the next value when not given.\n\nname: the name of the member\nstart: the initial start value or None\ncount: the number of existing members\nlast_values: the list of values assigned\n"
calendar	Day._member_type_	"int([x]) -> integer\nint(x, base=10) -> integer\n\nConvert a number or string to an integer, or return 0 if no arguments\nare given.  If x is a number, return x.__int__().  For floating-point\nnumbers, this truncates towards zero.\n\nIf x is not a number or if base is given, then x must be a string,\nbytes, or bytearray instance representing an integer literal in the\ngiven base.  The literal can be preceded by '+' or '-' and be surrounded\nby whitespace.  The base defaults to 10.  Valid bases are 0 and 2-36.\nBase 0 means to interpret the base from the string as an integer literal.\n>>> int('0b100', base=0)\n4"
calendar	Day._new_member_	"Create and return a new object.  See help(type) for accurate signature."
calendar	Day._value_repr_	"Return repr(self)."
calendar	Month._generate_next_value_	"\nGenerate the next value when not given.\n\nname: the name of the member\nstart: the initial start value or None\ncount: the number of existing members\nlast_values: the list of values assigned\n"
calendar	Month._member_type_	"int([x]) -> integer\nint(x, base=10) -> integer\n\nConvert a number or string to an integer, or return 0 if no arguments\nare given.  If x is a number, return x.__int__().  For floating-point\nnumbers, this truncates towards zero.\n\nIf x is not a number or if base is given, then x must be a string,\nbytes, or bytearray instance representing an integer literal in the\ngiven base.  The literal can be preceded by '+' or '-' and be surrounded\nby whitespace.  The base defaults to 10.  Valid bases are 0 and 2-36.\nBase 0 means to interpret the base from the string as an integer literal.\n>>> int('0b100', base=0)\n4"
calendar	Month._new_member_	"Create and return a new object.  See help(type) for accurate signature."
calendar	Month._value_repr_	"Return repr(self)."
calendar	global_enum	"\ndecorator that makes the repr() of an enum member reference its module\ninstead of its class; also exports all members to the enum's module's\nglobal namespace\n"
calendar	repeat	"repeat(object [,times]) -> create an iterator which returns the object\nfor the specified number of times.  If not specified, returns the object\nendlessly."
cmath		"This module provides access to mathematical functions for complex\nnumbers."
cmath	acos	"Return the arc cosine of z."
cmath	acosh	"Return the inverse hyperbolic cosine of z."
cmath	asin	"Return the arc sine of z."
cmath	asinh	"Return the inverse hyperbolic sine of z."
cmath	atan	"Return the arc tangent of z."
cmath	atanh	"Return the inverse hyperbolic tangent of z."
cmath	cos	"Return the cosine of z."
cmath	cosh	"Return the hyperbolic cosine of z."
cmath	exp	"Return the exponential value e**z."
cmath	isclose	"Determine whether two complex numbers are close in value.\n\n  rel_tol\n    maximum difference for being considered \"close\", relative to the\n    magnitude of the input values\n  abs_tol\n    maximum difference for being considered \"close\", regardless of the\n    magnitude of the input values\n\nReturn True if a is close in value to b, and False otherwise.\n\nFor the values to be considered close, the difference between them must be\nsmaller than at least one of the tolerances.\n\n-inf, inf and NaN behave similarly to the IEEE 754 Standard. That is, NaN is\nnot close to anything, even itself. inf and -inf are only close to themselves."
cmath	isfinite	"Return True if both the real and imaginary parts of z are finite, else False."
cmath	isinf	"Checks if the real or imaginary part of z is infinite."
cmath	isnan	"Checks if the real or imaginary part of z not a number (NaN)."
cmath	log	"log(z[, base]) -> the logarithm of z to the given base.\n\nIf the base is not specified, returns the natural logarithm (base e) of z."
cmath	log10	"Return the base-10 logarithm of z."
cmath	phase	"Return argument, also known as the phase angle, of a complex."
cmath	polar	"Convert a complex from rectangular coordinates to polar coordinates.\n\nr is the distance from 0 and phi the phase angle."
cmath	rect	"Convert from polar coordinates to rectangular coordinates."
cmath	sin	"Return the sine of z."
cmath	sinh	"Return the hyperbolic sine of z."
cmath	sqrt	"Return the square root of z."
cmath	tan	"Return the tangent of z."
cmath	tanh	"Return the hyperbolic tangent of z."
code	compile_command	"Compile a command and determine whether it is incomplete.\n\nArguments:\n\nsource -- the source string; may contain \\n characters\nfilename -- optional filename from which source was read; default\n            \"<input>\"\nsymbol -- optional grammar start symbol; \"single\" (default), \"exec\"\n          or \"eval\"\n\nReturn value / exceptions raised:\n\n- Return a code object if the command is complete and valid\n- Return None if the command is incomplete\n- Raise SyntaxError, ValueError or OverflowError if the command is a\n  syntax error (OverflowError and ValueError can be produced by\n  malformed literals).\n"
codecs	StreamReader.charbuffertype	"str(object='') -> str\nstr(bytes_or_buffer[, encoding[, errors]]) -> str\n\nCreate a new string object from the given object. If encoding or\nerrors is specified, then the object must expose a data buffer\nthat will be decoded using the given encoding and error handler.\nOtherwise, returns the result of object.__str__() (if defined)\nor repr(object).\nencoding defaults to 'utf-8'.\nerrors defaults to 'strict'."
codecs	ascii_decode	null
codecs	ascii_encode	null
codecs	backslashreplace_errors	"Implements the 'backslashreplace' error handling, which replaces malformed data with a backslashed escape sequence."
codecs	charmap_build	null
codecs	charmap_decode	null
codecs	charmap_encode	null
codecs	decode	"Decodes obj using the codec registered for encoding.\n\nDefault encoding is 'utf-8'.  errors may be given to set a\ndifferent error handling scheme.  Default is 'strict' meaning that encoding\nerrors raise a ValueError.  Other possible values are 'ignore', 'replace'\nand 'backslashreplace' as well as any other name registered with\ncodecs.register_error that can handle ValueErrors."
codecs	encode	"Encodes obj using the codec registered for encoding.\n\nThe default encoding is 'utf-8'.  errors may be given to set a\ndifferent error handling scheme.  Default is 'strict' meaning that encoding\nerrors raise a ValueError.  Other possible values are 'ignore', 'replace'\nand 'backslashreplace' as well as any other name registered with\ncodecs.register_error that can handle ValueErrors."
codecs	escape_decode	null
codecs	escape_encode	null
codecs	ignore_errors	"Implements the 'ignore' error handling, which ignores malformed data and continues."
codecs	latin_1_decode	null
codecs	latin_1_encode	null
codecs	lookup	"Looks up a codec tuple in the Python codec registry and returns a CodecInfo object."
codecs	lookup_error	"lookup_error(errors) -> handler\n\nReturn the error handler for the specified error handling name or raise a\nLookupError, if no handler exists under this name."
codecs	namereplace_errors	"Implements the 'namereplace' error handling, which replaces an unencodable character with a \\N{...} escape sequence."
codecs	raw_unicode_escape_decode	null
codecs	raw_unicode_escape_encode	null
codecs	readbuffer_encode	null
codecs	register	"Register a codec search function.\n\nSearch functions are expected to take one argument, the encoding name in\nall lower case letters, and either return None, or a tuple of functions\n(encoder, decoder, stream_reader, stream_writer) (or a CodecInfo object)."
codecs	register_error	"Register the specified error handler under the name errors.\n\nhandler must be a callable object, that will be called with an exception\ninstance containing information about the location of the encoding/decoding\nerror and must return a (replacement, new position) tuple."
codecs	replace_errors	"Implements the 'replace' error handling, which replaces malformed data with a replacement marker."
codecs	strict_errors	"Implements the 'strict' error handling, which raises a UnicodeError on coding errors."
codecs	unicode_escape_decode	null
codecs	unicode_escape_encode	null
codecs	unregister	"Unregister a codec search function and clear the registry's cache.\n\nIf the search function is not registered, do nothing."
codecs	utf_16_be_decode	null
codecs	utf_16_be_encode	null
codecs	utf_16_decode	null
codecs	utf_16_encode	null
codecs	utf_16_ex_decode	null
codecs	utf_16_le_decode	null
codecs	utf_16_le_encode	null
codecs	utf_32_be_decode	null
codecs	utf_32_be_encode	null
codecs	utf_32_decode	null
codecs	utf_32_encode	null
codecs	utf_32_ex_decode	null
codecs	utf_32_le_decode	null
codecs	utf_32_le_encode	null
codecs	utf_7_decode	null
codecs	utf_7_encode	null
codecs	utf_8_decode	null
codecs	utf_8_encode	null
codecs	xmlcharrefreplace_errors	"Implements the 'xmlcharrefreplace' error handling, which replaces an unencodable character with the appropriate XML character reference."
collections	OrderedDict.fromkeys	"Create a new ordered dictionary with keys from iterable and values set to value."
collections	OrderedDict.items	null
collections	OrderedDict.keys	null
collections	OrderedDict.move_to_end	"Move an existing element to the end (or beginning if last is false).\n\nRaise KeyError if the element does not exist."
collections	OrderedDict.pop	"od.pop(key[,default]) -> v, remove specified key and return the corresponding value.\n\nIf the key is not found, return the default if given; otherwise,\nraise a KeyError."
collections	OrderedDict.popitem	"Remove and return a (key, value) pair from the dictionary.\n\nPairs are returned in LIFO order if last is true or FIFO order if false."
collections	OrderedDict.setdefault	"Insert key with a value of default if key is not in the dictionary.\n\nReturn the value for key if key is in the dictionary, else default."
collections	OrderedDict.update	null
collections	OrderedDict.values	null
collections	UserList._UserList__cast	null
collections	UserString.maketrans	"Return a translation table usable for str.translate().\n\nIf there is only one argument, it must be a dictionary mapping Unicode\nordinals (integers) or characters to Unicode ordinals, strings or None.\nCharacter keys will be then converted to ordinals.\nIf there are two arguments, they must be strings of equal length, and\nin the resulting dictionary, each character in x will be mapped to the\ncharacter at the same position in y. If there is a third argument, it\nmust be a string, whose characters will be mapped to None in the result."
collections	_Link.key	null
collections	_Link.next	null
collections	_Link.prev	null
collections	_chain	"Return a chain object whose .__next__() method returns elements from the\nfirst iterable until it is exhausted, then elements from the next\niterable, until all of the iterables are exhausted."
collections	_chain.from_iterable	"Alternative chain() constructor taking a single iterable argument that evaluates lazily."
collections	_count_elements	"Count elements in the iterable, updating the mapping"
collections	_deque_iterator	null
collections	_eq	"Same as a == b."
collections	_iskeyword	"x.__contains__(y) <==> y in x."
collections	_proxy	"Create a proxy object that weakly references 'object'.\n\n'callback', if given, is called with a reference to the\nproxy when 'object' is about to be finalized."
collections	_recursive_repr	"Decorator to make a repr function return fillvalue for a recursive call"
collections	_repeat	"repeat(object [,times]) -> create an iterator which returns the object\nfor the specified number of times.  If not specified, returns the object\nendlessly."
collections	_starmap	"Return an iterator whose values are returned from the function evaluated with an argument tuple taken from the given sequence."
collections	_tuplegetter	null
collections	defaultdict	"defaultdict(default_factory=None, /, [...]) --> dict with default factory\n\nThe default factory is called without arguments to produce\na new value when a key is not present, in __getitem__ only.\nA defaultdict compares equal to a dict with the same items.\nAll remaining arguments are treated the same as if they were\npassed to the dict constructor, including keyword arguments.\n"
collections	defaultdict.copy	"D.copy() -> a shallow copy of D."
collections	defaultdict.default_factory	"Factory for default value called by __missing__()."
collections	deque	"A list-like sequence optimized for data accesses near its endpoints."
collections	deque.append	"Add an element to the right side of the deque."
collections	deque.appendleft	"Add an element to the left side of the deque."
collections	deque.clear	"Remove all elements from the deque."
collections	deque.copy	"Return a shallow copy of a deque."
collections	deque.count	"Return number of occurrences of value."
collections	deque.extend	"Extend the right side of the deque with elements from the iterable."
collections	deque.extendleft	"Extend the left side of the deque with elements from the iterable."
collections	deque.index	"Return first index of value.\n\nRaises ValueError if the value is not present."
collections	deque.insert	"Insert value before index."
collections	deque.maxlen	"maximum size of a deque or None if unbounded"
collections	deque.pop	"Remove and return the rightmost element."
collections	deque.popleft	"Remove and return the leftmost element."
collections	deque.remove	"Remove first occurrence of value."
collections	deque.reverse	"Reverse *IN PLACE*."
collections	deque.rotate	"Rotate the deque n steps to the right.  If n is negative, rotates left."
_collections		"High performance data structures.\n- deque:        ordered collection accessible from endpoints only\n- defaultdict:  dict subclass with a default value factory\n"
_collections	_count_elements	"Count elements in the iterable, updating the mapping"
_collections_abc	MappingView._mapping	null
_collections_abc	abstractmethod	"A decorator indicating abstract methods.\n\nRequires that the metaclass is ABCMeta or derived from it.  A\nclass that has a metaclass derived from ABCMeta cannot be\ninstantiated unless all of its abstract methods are overridden.\nThe abstract methods can be called using any of the normal\n'super' call mechanisms.  abstractmethod() may be used to declare\nabstract methods for properties and descriptors.\n\nUsage:\n\n    class C(metaclass=ABCMeta):\n        @abstractmethod\n        def my_abstract_method(self, arg1, arg2, argN):\n            ...\n"
collections.abc	ABCMeta	"Metaclass for defining Abstract Base Classes (ABCs).\n\nUse this metaclass to create an ABC.  An ABC can be subclassed\ndirectly, and then acts as a mix-in class.  You can also register\nunrelated concrete classes (even built-in classes) and unrelated\nABCs as 'virtual subclasses' -- these and their descendants will\nbe considered subclasses of the registering ABC by the built-in\nissubclass() function, but the registering ABC won't show up in\ntheir MRO (Method Resolution Order) nor will method\nimplementations defined by the registering ABC be callable (not\neven via super()).\n"
collections.abc	ABCMeta._abc_caches_clear	"Clear the caches (for debugging or testing)."
collections.abc	ABCMeta._abc_registry_clear	"Clear the registry (for debugging or testing)."
collections.abc	ABCMeta._dump_registry	"Debug helper to print the ABC registry."
collections.abc	ABCMeta.register	"Register a virtual subclass of an ABC.\n\nReturns the subclass, to allow usage as a class decorator.\n"
collections.abc	MappingView._mapping	null
collections.abc	abstractmethod	"A decorator indicating abstract methods.\n\nRequires that the metaclass is ABCMeta or derived from it.  A\nclass that has a metaclass derived from ABCMeta cannot be\ninstantiated unless all of its abstract methods are overridden.\nThe abstract methods can be called using any of the normal\n'super' call mechanisms.  abstractmethod() may be used to declare\nabstract methods for properties and descriptors.\n\nUsage:\n\n    class C(metaclass=ABCMeta):\n        @abstractmethod\n        def my_abstract_method(self, arg1, arg2, argN):\n            ...\n"
concurrent.futures	as_completed	"An iterator over the given futures that yields each as it completes.\n\nArgs:\n    fs: The sequence of Futures (possibly created by different Executors) to\n        iterate over.\n    timeout: The maximum number of seconds to wait. If None, then there\n        is no limit on the wait time.\n\nReturns:\n    An iterator that yields the given Futures as they complete (finished or\n    cancelled). If any given Futures are duplicated, they will be returned\n    once.\n\nRaises:\n    TimeoutError: If the entire result iterator could not be generated\n        before the given timeout.\n"
concurrent.futures	wait	"Wait for the futures in the given sequence to complete.\n\nArgs:\n    fs: The sequence of Futures (possibly created by different Executors) to\n        wait upon.\n    timeout: The maximum number of seconds to wait. If None, then there\n        is no limit on the wait time.\n    return_when: Indicates when this function should return. The options\n        are:\n\n        FIRST_COMPLETED - Return when any future finishes or is\n                          cancelled.\n        FIRST_EXCEPTION - Return when any future finishes by raising an\n                          exception. If no future raises an exception\n                          then it is equivalent to ALL_COMPLETED.\n        ALL_COMPLETED -   Return when all futures finish or are cancelled.\n\nReturns:\n    A named 2-tuple of sets. The first set, named 'done', contains the\n    futures that completed (is finished or cancelled) before the wait\n    completed. The second set, named 'not_done', contains uncompleted\n    futures. Duplicate futures given to *fs* are removed and will be\n    returned only once.\n"
contextlib	wraps	"Decorator factory to apply update_wrapper() to a wrapper function\n\nReturns a decorator that invokes update_wrapper() with the decorated\nfunction as the wrapper argument and the arguments to wraps() as the\nremaining arguments. Default arguments are as for update_wrapper().\nThis is a convenience function to simplify applying partial() to\nupdate_wrapper().\n"
contextvars	copy_context	null
copy	error	null
cProfile	run	"Run statement under profiler optionally saving results in filename\n\nThis function takes a single argument that can be passed to the\n\"exec\" statement, and an optional file name.  In all cases this\nroutine attempts to \"exec\" its first argument and gather profiling\nstatistics from the execution. If no file name is present, then this\nfunction automatically prints a simple profiling report, sorted by the\nstandard name string (file/line/function-name) that is presented in\neach line.\n"
cProfile	runctx	"Run statement under profiler, supplying your own globals and locals,\noptionally saving results in filename.\n\nstatement and filename have the same semantics as profile.run\n"
_csv		"CSV parsing and writing.\n"
_csv	Dialect	"CSV dialect\n\nThe Dialect type records CSV parsing and generation options.\n"
_csv	Dialect.delimiter	null
_csv	Dialect.doublequote	null
_csv	Dialect.escapechar	null
_csv	Dialect.lineterminator	null
_csv	Dialect.quotechar	null
_csv	Dialect.quoting	null
_csv	Dialect.skipinitialspace	null
_csv	Dialect.strict	null
_csv	Error	null
_csv	Reader	"CSV reader\n\nReader objects are responsible for reading and parsing tabular data\nin CSV format.\n"
_csv	Reader.dialect	null
_csv	Reader.line_num	null
_csv	Writer	"CSV writer\n\nWriter objects are responsible for generating tabular data\nin CSV format from sequence input.\n"
_csv	Writer.dialect	null
_csv	Writer.writerow	"writerow(iterable)\n\nConstruct and write a CSV record from an iterable of fields.  Non-string\nelements will be converted to string."
_csv	Writer.writerows	"writerows(iterable of iterables)\n\nConstruct and write a series of iterables to a csv file.  Non-string\nelements will be converted to string."
_csv	field_size_limit	"Sets an upper limit on parsed fields.\n\n    csv.field_size_limit([limit])\n\nReturns old limit. If limit is not given, no new limit is set and\nthe old limit is returned"
_csv	get_dialect	"Return the dialect instance associated with name.\n\n    dialect = csv.get_dialect(name)"
_csv	list_dialects	"Return a list of all known dialect names.\n\n    names = csv.list_dialects()"
_csv	reader	"    csv_reader = reader(iterable [, dialect='excel']\n                        [optional keyword args])\n    for row in csv_reader:\n        process(row)\n\nThe \"iterable\" argument can be any object that returns a line\nof input for each iteration, such as a file object or a list.  The\noptional \"dialect\" parameter is discussed below.  The function\nalso accepts optional keyword arguments which override settings\nprovided by the dialect.\n\nThe returned object is an iterator.  Each iteration returns a row\nof the CSV file (which can span multiple input lines).\n"
_csv	register_dialect	"Create a mapping from a string name to a dialect class.\n    dialect = csv.register_dialect(name[, dialect[, **fmtparams]])"
_csv	unregister_dialect	"Delete the name/dialect mapping associated with a string name.\n\n    csv.unregister_dialect(name)"
_csv	writer	"    csv_writer = csv.writer(fileobj [, dialect='excel']\n                            [optional keyword args])\n    for row in sequence:\n        csv_writer.writerow(row)\n\n    [or]\n\n    csv_writer = csv.writer(fileobj [, dialect='excel']\n                            [optional keyword args])\n    csv_writer.writerows(rows)\n\nThe \"fileobj\" argument can be any object that supports the file API.\n"
csv	Error	null
csv	StringIO	"Text I/O implementation using an in-memory buffer.\n\nThe initial_value argument sets the value of object.  The newline\nargument is like the one of TextIOWrapper's constructor."
csv	StringIO.close	"Close the IO object.\n\nAttempting any further operation after the object is closed\nwill raise a ValueError.\n\nThis method has no effect if the file is already closed."
csv	StringIO.closed	null
csv	StringIO.getvalue	"Retrieve the entire contents of the object."
csv	StringIO.line_buffering	null
csv	StringIO.newlines	null
csv	StringIO.read	"Read at most size characters, returned as a string.\n\nIf the argument is negative or omitted, read until EOF\nis reached. Return an empty string at EOF."
csv	StringIO.readable	"Returns True if the IO object can be read."
csv	StringIO.readline	"Read until newline or EOF.\n\nReturns an empty string if EOF is hit immediately."
csv	StringIO.seek	"Change stream position.\n\nSeek to character offset pos relative to position indicated by whence:\n    0  Start of stream (the default).  pos should be >= 0;\n    1  Current position - pos must be 0;\n    2  End of stream - pos must be 0.\nReturns the new absolute position."
csv	StringIO.seekable	"Returns True if the IO object can be seeked."
csv	StringIO.tell	"Tell the current file position."
csv	StringIO.truncate	"Truncate size to pos.\n\nThe pos argument defaults to the current file position, as\nreturned by tell().  The current file position is unchanged.\nReturns the new absolute position."
csv	StringIO.writable	"Returns True if the IO object can be written."
csv	StringIO.write	"Write string to file.\n\nReturns the number of characters written, which is always equal to\nthe length of the string."
csv	_Dialect	"CSV dialect\n\nThe Dialect type records CSV parsing and generation options.\n"
csv	_Dialect.delimiter	null
csv	_Dialect.doublequote	null
csv	_Dialect.escapechar	null
csv	_Dialect.lineterminator	null
csv	_Dialect.quotechar	null
csv	_Dialect.quoting	null
csv	_Dialect.skipinitialspace	null
csv	_Dialect.strict	null
csv	field_size_limit	"Sets an upper limit on parsed fields.\n\n    csv.field_size_limit([limit])\n\nReturns old limit. If limit is not given, no new limit is set and\nthe old limit is returned"
csv	get_dialect	"Return the dialect instance associated with name.\n\n    dialect = csv.get_dialect(name)"
csv	list_dialects	"Return a list of all known dialect names.\n\n    names = csv.list_dialects()"
csv	reader	"    csv_reader = reader(iterable [, dialect='excel']\n                        [optional keyword args])\n    for row in csv_reader:\n        process(row)\n\nThe \"iterable\" argument can be any object that returns a line\nof input for each iteration, such as a file object or a list.  The\noptional \"dialect\" parameter is discussed below.  The function\nalso accepts optional keyword arguments which override settings\nprovided by the dialect.\n\nThe returned object is an iterator.  Each iteration returns a row\nof the CSV file (which can span multiple input lines).\n"
csv	register_dialect	"Create a mapping from a string name to a dialect class.\n    dialect = csv.register_dialect(name[, dialect[, **fmtparams]])"
csv	unregister_dialect	"Delete the name/dialect mapping associated with a string name.\n\n    csv.unregister_dialect(name)"
csv	writer	"    csv_writer = csv.writer(fileobj [, dialect='excel']\n                            [optional keyword args])\n    for row in sequence:\n        csv_writer.writerow(row)\n\n    [or]\n\n    csv_writer = csv.writer(fileobj [, dialect='excel']\n                            [optional keyword args])\n    csv_writer.writerows(rows)\n\nThe \"fileobj\" argument can be any object that supports the file API.\n"
dataclasses	Field._field_type	null
dataclasses	Field.compare	null
dataclasses	Field.default	null
dataclasses	Field.default_factory	null
dataclasses	Field.hash	null
dataclasses	Field.init	null
dataclasses	Field.kw_only	null
dataclasses	Field.metadata	null
dataclasses	Field.name	null
dataclasses	Field.repr	null
dataclasses	Field.type	null
dataclasses	InitVar.type	null
dataclasses	_DataclassParams.eq	null
dataclasses	_DataclassParams.frozen	null
dataclasses	_DataclassParams.init	null
dataclasses	_DataclassParams.kw_only	null
dataclasses	_DataclassParams.match_args	null
dataclasses	_DataclassParams.order	null
dataclasses	_DataclassParams.repr	null
dataclasses	_DataclassParams.slots	null
dataclasses	_DataclassParams.unsafe_hash	null
dataclasses	_DataclassParams.weakref_slot	null
dataclasses	recursive_repr	"Decorator to make a repr function return fillvalue for a recursive call"
datetime		"Fast implementation of the datetime type."
datetime	date	"date(year, month, day) --> date object"
datetime	date.ctime	"Return ctime() style string."
datetime	date.day	null
datetime	date.fromisocalendar	"int, int, int -> Construct a date from the ISO year, week number and weekday.\n\nThis is the inverse of the date.isocalendar() function"
datetime	date.fromisoformat	"str -> Construct a date from a string in ISO 8601 format."
datetime	date.fromordinal	"int -> date corresponding to a proleptic Gregorian ordinal."
datetime	date.fromtimestamp	"Create a date from a POSIX timestamp.\n\nThe timestamp is a number, e.g. created via time.time(), that is interpreted\nas local time."
datetime	date.isocalendar	"Return a named tuple containing ISO year, week number, and weekday."
datetime	date.isoformat	"Return string in ISO 8601 format, YYYY-MM-DD."
datetime	date.isoweekday	"Return the day of the week represented by the date.\nMonday == 1 ... Sunday == 7"
datetime	date.month	null
datetime	date.replace	"Return date with new specified fields."
datetime	date.strftime	"format -> strftime() style string."
datetime	date.timetuple	"Return time tuple, compatible with time.localtime()."
datetime	date.today	"Current date or datetime:  same as self.__class__.fromtimestamp(time.time())."
datetime	date.toordinal	"Return proleptic Gregorian ordinal.  January 1 of year 1 is day 1."
datetime	date.weekday	"Return the day of the week represented by the date.\nMonday == 0 ... Sunday == 6"
datetime	date.year	null
datetime	datetime	"datetime(year, month, day[, hour[, minute[, second[, microsecond[,tzinfo]]]]])\n\nThe year, month and day arguments are required. tzinfo may be None, or an\ninstance of a tzinfo subclass. The remaining arguments may be ints.\n"
datetime	datetime.astimezone	"tz -> convert to local time in new timezone tz\n"
datetime	datetime.combine	"date, time -> datetime with same date and time fields"
datetime	datetime.ctime	"Return ctime() style string."
datetime	datetime.date	"Return date object with same year, month and day."
datetime	datetime.dst	"Return self.tzinfo.dst(self)."
datetime	datetime.fold	null
datetime	datetime.fromisoformat	"string -> datetime from a string in most ISO 8601 formats"
datetime	datetime.fromtimestamp	"timestamp[, tz] -> tz's local time from POSIX timestamp."
datetime	datetime.hour	null
datetime	datetime.isoformat	"[sep] -> string in ISO 8601 format, YYYY-MM-DDT[HH[:MM[:SS[.mmm[uuu]]]]][+HH:MM].\nsep is used to separate the year from the time, and defaults to 'T'.\nThe optional argument timespec specifies the number of additional terms\nof the time to include. Valid options are 'auto', 'hours', 'minutes',\n'seconds', 'milliseconds' and 'microseconds'.\n"
datetime	datetime.microsecond	null
datetime	datetime.minute	null
datetime	datetime.now	"Returns new datetime object representing current time local to tz.\n\n  tz\n    Timezone object.\n\nIf no tz is specified, uses local timezone."
datetime	datetime.replace	"Return datetime with new specified fields."
datetime	datetime.second	null
datetime	datetime.strptime	"string, format -> new datetime parsed from a string (like time.strptime())."
datetime	datetime.time	"Return time object with same time but with tzinfo=None."
datetime	datetime.timestamp	"Return POSIX timestamp as float."
datetime	datetime.timetuple	"Return time tuple, compatible with time.localtime()."
datetime	datetime.timetz	"Return time object with same time and tzinfo."
datetime	datetime.tzinfo	null
datetime	datetime.tzname	"Return self.tzinfo.tzname(self)."
datetime	datetime.utcfromtimestamp	"Construct a naive UTC datetime from a POSIX timestamp."
datetime	datetime.utcnow	"Return a new datetime representing UTC day and time."
datetime	datetime.utcoffset	"Return self.tzinfo.utcoffset(self)."
datetime	datetime.utctimetuple	"Return UTC time tuple, compatible with time.localtime()."
datetime	time	"time([hour[, minute[, second[, microsecond[, tzinfo]]]]]) --> a time object\n\nAll arguments are optional. tzinfo may be None, or an instance of\na tzinfo subclass. The remaining arguments may be ints.\n"
datetime	time.dst	"Return self.tzinfo.dst(self)."
datetime	time.fold	null
datetime	time.fromisoformat	"string -> time from a string in ISO 8601 format"
datetime	time.hour	null
datetime	time.isoformat	"Return string in ISO 8601 format, [HH[:MM[:SS[.mmm[uuu]]]]][+HH:MM].\n\nThe optional argument timespec specifies the number of additional terms\nof the time to include. Valid options are 'auto', 'hours', 'minutes',\n'seconds', 'milliseconds' and 'microseconds'.\n"
datetime	time.microsecond	null
datetime	time.minute	null
datetime	time.replace	"Return time with new specified fields."
datetime	time.second	null
datetime	time.strftime	"format -> strftime() style string."
datetime	time.tzinfo	null
datetime	time.tzname	"Return self.tzinfo.tzname(self)."
datetime	time.utcoffset	"Return self.tzinfo.utcoffset(self)."
datetime	timedelta	"Difference between two datetime values.\n\ntimedelta(days=0, seconds=0, microseconds=0, milliseconds=0, minutes=0, hours=0, weeks=0)\n\nAll arguments are optional and default to 0.\nArguments may be integers or floats, and may be positive or negative."
datetime	timedelta.days	"Number of days."
datetime	timedelta.microseconds	"Number of microseconds (>= 0 and less than 1 second)."
datetime	timedelta.seconds	"Number of seconds (>= 0 and less than 1 day)."
datetime	timedelta.total_seconds	"Total seconds in the duration."
datetime	timezone	"Fixed offset from UTC implementation of tzinfo."
datetime	timezone.dst	"Return None."
datetime	timezone.fromutc	"datetime in UTC -> datetime in local time."
datetime	timezone.tzname	"If name is specified when timezone is created, returns the name.  Otherwise returns offset as 'UTC(+|-)HH:MM'."
datetime	timezone.utcoffset	"Return fixed offset."
datetime	tzinfo	"Abstract base class for time zone info objects."
datetime	tzinfo.dst	"datetime -> DST offset as timedelta positive east of UTC."
datetime	tzinfo.fromutc	"datetime in UTC -> datetime in local time."
datetime	tzinfo.tzname	"datetime -> string name of time zone."
datetime	tzinfo.utcoffset	"datetime -> timedelta showing offset from UTC, negative values indicating West of UTC"
dbm.dumb	_Database.sync	null
decimal	Clamped	null
decimal	Context	"The context affects almost all operations and controls rounding,\nOver/Underflow, raising of exceptions and much more.  A new context\ncan be constructed as follows:\n\n    >>> c = Context(prec=28, Emin=-425000000, Emax=425000000,\n    ...             rounding=ROUND_HALF_EVEN, capitals=1, clamp=1,\n    ...             traps=[InvalidOperation, DivisionByZero, Overflow],\n    ...             flags=[])\n    >>>\n\n\n"
decimal	Context.Emax	null
decimal	Context.Emin	null
decimal	Context.Etiny	"Return a value equal to Emin - prec + 1, which is the minimum exponent value\nfor subnormal results.  When underflow occurs, the exponent is set to Etiny.\n\n"
decimal	Context.Etop	"Return a value equal to Emax - prec + 1.  This is the maximum exponent\nif the _clamp field of the context is set to 1 (IEEE clamp mode).  Etop()\nmust not be negative.\n\n"
decimal	Context._apply	null
decimal	Context.abs	"Return the absolute value of x.\n\n"
decimal	Context.add	"Return the sum of x and y.\n\n"
decimal	Context.canonical	"Return a new instance of x.\n\n"
decimal	Context.capitals	null
decimal	Context.clamp	null
decimal	Context.clear_flags	"Reset all flags to False.\n\n"
decimal	Context.clear_traps	"Set all traps to False.\n\n"
decimal	Context.compare	"Compare x and y numerically.\n\n"
decimal	Context.compare_signal	"Compare x and y numerically.  All NaNs signal.\n\n"
decimal	Context.compare_total	"Compare x and y using their abstract representation.\n\n"
decimal	Context.compare_total_mag	"Compare x and y using their abstract representation, ignoring sign.\n\n"
decimal	Context.copy	"Return a duplicate of the context with all flags cleared.\n\n"
decimal	Context.copy_abs	"Return a copy of x with the sign set to 0.\n\n"
decimal	Context.copy_decimal	"Return a copy of Decimal x.\n\n"
decimal	Context.copy_negate	"Return a copy of x with the sign inverted.\n\n"
decimal	Context.copy_sign	"Copy the sign from y to x.\n\n"
decimal	Context.create_decimal	"Create a new Decimal instance from num, using self as the context. Unlike the\nDecimal constructor, this function observes the context limits.\n\n"
decimal	Context.create_decimal_from_float	"Create a new Decimal instance from float f.  Unlike the Decimal.from_float()\nclass method, this function observes the context limits.\n\n"
decimal	Context.divide	"Return x divided by y.\n\n"
decimal	Context.divide_int	"Return x divided by y, truncated to an integer.\n\n"
decimal	Context.divmod	"Return quotient and remainder of the division x / y.\n\n"
decimal	Context.exp	"Return e ** x.\n\n"
decimal	Context.fma	"Return x multiplied by y, plus z.\n\n"
decimal	Context.is_canonical	"Return True if x is canonical, False otherwise.\n\n"
decimal	Context.is_finite	"Return True if x is finite, False otherwise.\n\n"
decimal	Context.is_infinite	"Return True if x is infinite, False otherwise.\n\n"
decimal	Context.is_nan	"Return True if x is a qNaN or sNaN, False otherwise.\n\n"
decimal	Context.is_normal	"Return True if x is a normal number, False otherwise.\n\n"
decimal	Context.is_qnan	"Return True if x is a quiet NaN, False otherwise.\n\n"
decimal	Context.is_signed	"Return True if x is negative, False otherwise.\n\n"
decimal	Context.is_snan	"Return True if x is a signaling NaN, False otherwise.\n\n"
decimal	Context.is_subnormal	"Return True if x is subnormal, False otherwise.\n\n"
decimal	Context.is_zero	"Return True if x is a zero, False otherwise.\n\n"
decimal	Context.ln	"Return the natural (base e) logarithm of x.\n\n"
decimal	Context.log10	"Return the base 10 logarithm of x.\n\n"
decimal	Context.logb	"Return the exponent of the magnitude of the operand's MSD.\n\n"
decimal	Context.logical_and	"Digit-wise and of x and y.\n\n"
decimal	Context.logical_invert	"Invert all digits of x.\n\n"
decimal	Context.logical_or	"Digit-wise or of x and y.\n\n"
decimal	Context.logical_xor	"Digit-wise xor of x and y.\n\n"
decimal	Context.max	"Compare the values numerically and return the maximum.\n\n"
decimal	Context.max_mag	"Compare the values numerically with their sign ignored.\n\n"
decimal	Context.min	"Compare the values numerically and return the minimum.\n\n"
decimal	Context.min_mag	"Compare the values numerically with their sign ignored.\n\n"
decimal	Context.minus	"Minus corresponds to the unary prefix minus operator in Python, but applies\nthe context to the result.\n\n"
decimal	Context.multiply	"Return the product of x and y.\n\n"
decimal	Context.next_minus	"Return the largest representable number smaller than x.\n\n"
decimal	Context.next_plus	"Return the smallest representable number larger than x.\n\n"
decimal	Context.next_toward	"Return the number closest to x, in the direction towards y.\n\n"
decimal	Context.normalize	"Reduce x to its simplest form. Alias for reduce(x).\n\n"
decimal	Context.number_class	"Return an indication of the class of x.\n\n"
decimal	Context.plus	"Plus corresponds to the unary prefix plus operator in Python, but applies\nthe context to the result.\n\n"
decimal	Context.power	"Compute a**b. If 'a' is negative, then 'b' must be integral. The result\nwill be inexact unless 'a' is integral and the result is finite and can\nbe expressed exactly in 'precision' digits.  In the Python version the\nresult is always correctly rounded, in the C version the result is almost\nalways correctly rounded.\n\nIf modulo is given, compute (a**b) % modulo. The following restrictions\nhold:\n\n    * all three arguments must be integral\n    * 'b' must be nonnegative\n    * at least one of 'a' or 'b' must be nonzero\n    * modulo must be nonzero and less than 10**prec in absolute value\n\n\n"
decimal	Context.prec	null
decimal	Context.quantize	"Return a value equal to x (rounded), having the exponent of y.\n\n"
decimal	Context.radix	"Return 10.\n\n"
decimal	Context.remainder	"Return the remainder from integer division.  The sign of the result,\nif non-zero, is the same as that of the original dividend.\n\n"
decimal	Context.remainder_near	"Return x - y * n, where n is the integer nearest the exact value of x / y\n(if the result is 0 then its sign will be the sign of x).\n\n"
decimal	Context.rotate	"Return a copy of x, rotated by y places.\n\n"
decimal	Context.rounding	null
decimal	Context.same_quantum	"Return True if the two operands have the same exponent.\n\n"
decimal	Context.scaleb	"Return the first operand after adding the second value to its exp.\n\n"
decimal	Context.shift	"Return a copy of x, shifted by y places.\n\n"
decimal	Context.sqrt	"Square root of a non-negative number to context precision.\n\n"
decimal	Context.subtract	"Return the difference between x and y.\n\n"
decimal	Context.to_eng_string	"Convert a number to a string, using engineering notation.\n\n"
decimal	Context.to_integral	"Identical to to_integral_value(x).\n\n"
decimal	Context.to_integral_exact	"Round to an integer. Signal if the result is rounded or inexact.\n\n"
decimal	Context.to_integral_value	"Round to an integer.\n\n"
decimal	Context.to_sci_string	"Convert a number to a string using scientific notation.\n\n"
decimal	ConversionSyntax	null
decimal	Decimal	"Construct a new Decimal object. 'value' can be an integer, string, tuple,\nor another Decimal object. If no value is given, return Decimal('0'). The\ncontext does not affect the conversion and is only passed to determine if\nthe InvalidOperation trap is active.\n\n"
decimal	Decimal.adjusted	"Return the adjusted exponent of the number.  Defined as exp + digits - 1.\n\n"
decimal	Decimal.as_integer_ratio	"Decimal.as_integer_ratio() -> (int, int)\n\nReturn a pair of integers, whose ratio is exactly equal to the original\nDecimal and with a positive denominator. The ratio is in lowest terms.\nRaise OverflowError on infinities and a ValueError on NaNs.\n\n"
decimal	Decimal.as_tuple	"Return a tuple representation of the number.\n\n"
decimal	Decimal.canonical	"Return the canonical encoding of the argument.  Currently, the encoding\nof a Decimal instance is always canonical, so this operation returns its\nargument unchanged.\n\n"
decimal	Decimal.compare	"Compare self to other.  Return a decimal value:\n\n    a or b is a NaN ==> Decimal('NaN')\n    a < b           ==> Decimal('-1')\n    a == b          ==> Decimal('0')\n    a > b           ==> Decimal('1')\n\n"
decimal	Decimal.compare_signal	"Identical to compare, except that all NaNs signal.\n\n"
decimal	Decimal.compare_total	"Compare two operands using their abstract representation rather than\ntheir numerical value.  Similar to the compare() method, but the result\ngives a total ordering on Decimal instances.  Two Decimal instances with\nthe same numeric value but different representations compare unequal\nin this ordering:\n\n    >>> Decimal('12.0').compare_total(Decimal('12'))\n    Decimal('-1')\n\nQuiet and signaling NaNs are also included in the total ordering. The result\nof this function is Decimal('0') if both operands have the same representation,\nDecimal('-1') if the first operand is lower in the total order than the second,\nand Decimal('1') if the first operand is higher in the total order than the\nsecond operand. See the specification for details of the total order.\n\nThis operation is unaffected by context and is quiet: no flags are changed\nand no rounding is performed. As an exception, the C version may raise\nInvalidOperation if the second operand cannot be converted exactly.\n\n"
decimal	Decimal.compare_total_mag	"Compare two operands using their abstract representation rather than their\nvalue as in compare_total(), but ignoring the sign of each operand.\n\nx.compare_total_mag(y) is equivalent to x.copy_abs().compare_total(y.copy_abs()).\n\nThis operation is unaffected by context and is quiet: no flags are changed\nand no rounding is performed. As an exception, the C version may raise\nInvalidOperation if the second operand cannot be converted exactly.\n\n"
decimal	Decimal.conjugate	"Return self.\n\n"
decimal	Decimal.copy_abs	"Return the absolute value of the argument.  This operation is unaffected by\ncontext and is quiet: no flags are changed and no rounding is performed.\n\n"
decimal	Decimal.copy_negate	"Return the negation of the argument.  This operation is unaffected by context\nand is quiet: no flags are changed and no rounding is performed.\n\n"
decimal	Decimal.copy_sign	"Return a copy of the first operand with the sign set to be the same as the\nsign of the second operand. For example:\n\n    >>> Decimal('2.3').copy_sign(Decimal('-1.5'))\n    Decimal('-2.3')\n\nThis operation is unaffected by context and is quiet: no flags are changed\nand no rounding is performed. As an exception, the C version may raise\nInvalidOperation if the second operand cannot be converted exactly.\n\n"
decimal	Decimal.exp	"Return the value of the (natural) exponential function e**x at the given\nnumber.  The function always uses the ROUND_HALF_EVEN mode and the result\nis correctly rounded.\n\n"
decimal	Decimal.fma	"Fused multiply-add.  Return self*other+third with no rounding of the\nintermediate product self*other.\n\n    >>> Decimal(2).fma(3, 5)\n    Decimal('11')\n\n\n"
decimal	Decimal.from_float	"Class method that converts a float to a decimal number, exactly.\nSince 0.1 is not exactly representable in binary floating point,\nDecimal.from_float(0.1) is not the same as Decimal('0.1').\n\n    >>> Decimal.from_float(0.1)\n    Decimal('0.1000000000000000055511151231257827021181583404541015625')\n    >>> Decimal.from_float(float('nan'))\n    Decimal('NaN')\n    >>> Decimal.from_float(float('inf'))\n    Decimal('Infinity')\n    >>> Decimal.from_float(float('-inf'))\n    Decimal('-Infinity')\n\n\n"
decimal	Decimal.imag	null
decimal	Decimal.is_canonical	"Return True if the argument is canonical and False otherwise.  Currently,\na Decimal instance is always canonical, so this operation always returns\nTrue.\n\n"
decimal	Decimal.is_finite	"Return True if the argument is a finite number, and False if the argument\nis infinite or a NaN.\n\n"
decimal	Decimal.is_infinite	"Return True if the argument is either positive or negative infinity and\nFalse otherwise.\n\n"
decimal	Decimal.is_nan	"Return True if the argument is a (quiet or signaling) NaN and False\notherwise.\n\n"
decimal	Decimal.is_normal	"Return True if the argument is a normal finite non-zero number with an\nadjusted exponent greater than or equal to Emin. Return False if the\nargument is zero, subnormal, infinite or a NaN.\n\n"
decimal	Decimal.is_qnan	"Return True if the argument is a quiet NaN, and False otherwise.\n\n"
decimal	Decimal.is_signed	"Return True if the argument has a negative sign and False otherwise.\nNote that both zeros and NaNs can carry signs.\n\n"
decimal	Decimal.is_snan	"Return True if the argument is a signaling NaN and False otherwise.\n\n"
decimal	Decimal.is_subnormal	"Return True if the argument is subnormal, and False otherwise. A number is\nsubnormal if it is non-zero, finite, and has an adjusted exponent less\nthan Emin.\n\n"
decimal	Decimal.is_zero	"Return True if the argument is a (positive or negative) zero and False\notherwise.\n\n"
decimal	Decimal.ln	"Return the natural (base e) logarithm of the operand. The function always\nuses the ROUND_HALF_EVEN mode and the result is correctly rounded.\n\n"
decimal	Decimal.log10	"Return the base ten logarithm of the operand. The function always uses the\nROUND_HALF_EVEN mode and the result is correctly rounded.\n\n"
decimal	Decimal.logb	"For a non-zero number, return the adjusted exponent of the operand as a\nDecimal instance.  If the operand is a zero, then Decimal('-Infinity') is\nreturned and the DivisionByZero condition is raised. If the operand is\nan infinity then Decimal('Infinity') is returned.\n\n"
decimal	Decimal.logical_and	"Return the digit-wise 'and' of the two (logical) operands.\n\n"
decimal	Decimal.logical_invert	"Return the digit-wise inversion of the (logical) operand.\n\n"
decimal	Decimal.logical_or	"Return the digit-wise 'or' of the two (logical) operands.\n\n"
decimal	Decimal.logical_xor	"Return the digit-wise 'exclusive or' of the two (logical) operands.\n\n"
decimal	Decimal.max	"Maximum of self and other.  If one operand is a quiet NaN and the other is\nnumeric, the numeric operand is returned.\n\n"
decimal	Decimal.max_mag	"Similar to the max() method, but the comparison is done using the absolute\nvalues of the operands.\n\n"
decimal	Decimal.min	"Minimum of self and other. If one operand is a quiet NaN and the other is\nnumeric, the numeric operand is returned.\n\n"
decimal	Decimal.min_mag	"Similar to the min() method, but the comparison is done using the absolute\nvalues of the operands.\n\n"
decimal	Decimal.next_minus	"Return the largest number representable in the given context (or in the\ncurrent default context if no context is given) that is smaller than the\ngiven operand.\n\n"
decimal	Decimal.next_plus	"Return the smallest number representable in the given context (or in the\ncurrent default context if no context is given) that is larger than the\ngiven operand.\n\n"
decimal	Decimal.next_toward	"If the two operands are unequal, return the number closest to the first\noperand in the direction of the second operand.  If both operands are\nnumerically equal, return a copy of the first operand with the sign set\nto be the same as the sign of the second operand.\n\n"
decimal	Decimal.normalize	"Normalize the number by stripping the rightmost trailing zeros and\nconverting any result equal to Decimal('0') to Decimal('0e0').  Used\nfor producing canonical values for members of an equivalence class.\nFor example, Decimal('32.100') and Decimal('0.321000e+2') both normalize\nto the equivalent value Decimal('32.1').\n\n"
decimal	Decimal.number_class	"Return a string describing the class of the operand.  The returned value\nis one of the following ten strings:\n\n    * '-Infinity', indicating that the operand is negative infinity.\n    * '-Normal', indicating that the operand is a negative normal number.\n    * '-Subnormal', indicating that the operand is negative and subnormal.\n    * '-Zero', indicating that the operand is a negative zero.\n    * '+Zero', indicating that the operand is a positive zero.\n    * '+Subnormal', indicating that the operand is positive and subnormal.\n    * '+Normal', indicating that the operand is a positive normal number.\n    * '+Infinity', indicating that the operand is positive infinity.\n    * 'NaN', indicating that the operand is a quiet NaN (Not a Number).\n    * 'sNaN', indicating that the operand is a signaling NaN.\n\n\n"
decimal	Decimal.quantize	"Return a value equal to the first operand after rounding and having the\nexponent of the second operand.\n\n    >>> Decimal('1.41421356').quantize(Decimal('1.000'))\n    Decimal('1.414')\n\nUnlike other operations, if the length of the coefficient after the quantize\noperation would be greater than precision, then an InvalidOperation is signaled.\nThis guarantees that, unless there is an error condition, the quantized exponent\nis always equal to that of the right-hand operand.\n\nAlso unlike other operations, quantize never signals Underflow, even if the\nresult is subnormal and inexact.\n\nIf the exponent of the second operand is larger than that of the first, then\nrounding may be necessary. In this case, the rounding mode is determined by the\nrounding argument if given, else by the given context argument; if neither\nargument is given, the rounding mode of the current thread's context is used.\n\n"
decimal	Decimal.radix	"Return Decimal(10), the radix (base) in which the Decimal class does\nall its arithmetic. Included for compatibility with the specification.\n\n"
decimal	Decimal.real	null
decimal	Decimal.remainder_near	"Return the remainder from dividing self by other.  This differs from\nself % other in that the sign of the remainder is chosen so as to minimize\nits absolute value. More precisely, the return value is self - n * other\nwhere n is the integer nearest to the exact value of self / other, and\nif two integers are equally near then the even one is chosen.\n\nIf the result is zero then its sign will be the sign of self.\n\n"
decimal	Decimal.rotate	"Return the result of rotating the digits of the first operand by an amount\nspecified by the second operand.  The second operand must be an integer in\nthe range -precision through precision. The absolute value of the second\noperand gives the number of places to rotate. If the second operand is\npositive then rotation is to the left; otherwise rotation is to the right.\nThe coefficient of the first operand is padded on the left with zeros to\nlength precision if necessary. The sign and exponent of the first operand are\nunchanged.\n\n"
decimal	Decimal.same_quantum	"Test whether self and other have the same exponent or whether both are NaN.\n\nThis operation is unaffected by context and is quiet: no flags are changed\nand no rounding is performed. As an exception, the C version may raise\nInvalidOperation if the second operand cannot be converted exactly.\n\n"
decimal	Decimal.scaleb	"Return the first operand with the exponent adjusted the second.  Equivalently,\nreturn the first operand multiplied by 10**other. The second operand must be\nan integer.\n\n"
decimal	Decimal.shift	"Return the result of shifting the digits of the first operand by an amount\nspecified by the second operand.  The second operand must be an integer in\nthe range -precision through precision. The absolute value of the second\noperand gives the number of places to shift. If the second operand is\npositive, then the shift is to the left; otherwise the shift is to the\nright. Digits shifted into the coefficient are zeros. The sign and exponent\nof the first operand are unchanged.\n\n"
decimal	Decimal.sqrt	"Return the square root of the argument to full precision. The result is\ncorrectly rounded using the ROUND_HALF_EVEN rounding mode.\n\n"
decimal	Decimal.to_eng_string	"Convert to an engineering-type string.  Engineering notation has an exponent\nwhich is a multiple of 3, so there are up to 3 digits left of the decimal\nplace. For example, Decimal('123E+1') is converted to Decimal('1.23E+3').\n\nThe value of context.capitals determines whether the exponent sign is lower\nor upper case. Otherwise, the context does not affect the operation.\n\n"
decimal	Decimal.to_integral	"Identical to the to_integral_value() method.  The to_integral() name has been\nkept for compatibility with older versions.\n\n"
decimal	Decimal.to_integral_exact	"Round to the nearest integer, signaling Inexact or Rounded as appropriate if\nrounding occurs.  The rounding mode is determined by the rounding parameter\nif given, else by the given context. If neither parameter is given, then the\nrounding mode of the current default context is used.\n\n"
decimal	Decimal.to_integral_value	"Round to the nearest integer without signaling Inexact or Rounded.  The\nrounding mode is determined by the rounding parameter if given, else by\nthe given context. If neither parameter is given, then the rounding mode\nof the current default context is used.\n\n"
decimal	DecimalException	null
decimal	DecimalTuple	"DecimalTuple(sign, digits, exponent)"
decimal	DecimalTuple._asdict	"Return a new dict which maps field names to their values."
decimal	DecimalTuple._make	null
decimal	DecimalTuple._replace	"Return a new DecimalTuple object replacing specified fields with new values"
decimal	DivisionByZero	null
decimal	DivisionImpossible	null
decimal	DivisionUndefined	null
decimal	FloatOperation	null
decimal	Inexact	null
decimal	InvalidContext	null
decimal	InvalidOperation	null
decimal	Overflow	null
decimal	Rounded	null
decimal	Subnormal	null
decimal	Underflow	null
decimal	getcontext	"Get the current default context.\n\n"
decimal	localcontext	"Return a context manager that will set the default context to a copy of ctx\non entry to the with-statement and restore the previous default context when\nexiting the with-statement. If no context is specified, a copy of the current\ndefault context is used.\n\n"
decimal	setcontext	"Set a new default context.\n\n"
difflib	Match	"Match(a, b, size)"
difflib	Match._asdict	"Return a new dict which maps field names to their values."
difflib	Match._make	null
difflib	Match._replace	"Return a new Match object replacing specified fields with new values"
difflib	SequenceMatcher._SequenceMatcher__chain_b	null
difflib	_namedtuple	"Returns a new subclass of tuple with named fields.\n\n>>> Point = namedtuple('Point', ['x', 'y'])\n>>> Point.__doc__                   # docstring for the new class\n'Point(x, y)'\n>>> p = Point(11, y=22)             # instantiate with positional args or keywords\n>>> p[0] + p[1]                     # indexable like a plain tuple\n33\n>>> x, y = p                        # unpack like a regular tuple\n>>> x, y\n(11, 22)\n>>> p.x + p.y                       # fields also accessible by name\n33\n>>> d = p._asdict()                 # convert to a dictionary\n>>> d['x']\n11\n>>> Point(**d)                      # convert from a dictionary\nPoint(x=11, y=22)\n>>> p._replace(x=100)               # _replace() is like str.replace() but targets named fields\nPoint(x=100, y=22)\n\n"
difflib	_nlargest	"Find the n largest elements in a dataset.\n\nEquivalent to:  sorted(iterable, key=key, reverse=True)[:n]\n"
dis	Positions	"Positions(lineno, end_lineno, col_offset, end_col_offset)"
dis	Positions._asdict	"Return a new dict which maps field names to their values."
dis	Positions._make	null
dis	Positions._replace	"Return a new Positions object replacing specified fields with new values"
dis	_ExceptionTableEntryBase	"_ExceptionTableEntryBase(start, end, target, depth, lasti)"
dis	_ExceptionTableEntryBase._asdict	"Return a new dict which maps field names to their values."
dis	_ExceptionTableEntryBase._make	null
dis	_ExceptionTableEntryBase._replace	"Return a new _ExceptionTableEntryBase object replacing specified fields with new values"
dis	_Instruction	"_Instruction(opname, opcode, arg, argval, argrepr, offset, start_offset, starts_line, line_number, label, positions, cache_info)"
dis	_Instruction._asdict	"Return a new dict which maps field names to their values."
dis	_Instruction._make	null
dis	_Instruction._replace	"Return a new _Instruction object replacing specified fields with new values"
dis	disco	"Disassemble a code object."
dis	get_executor	"Return the executor object at offset in code if exists, None otherwise."
dis	stack_effect	"Compute the stack effect of the opcode."
doctest	DocTestParser._IS_BLANK_OR_COMMENT	null
doctest	DocTestRunner._DocTestRunner__patched_linecache_getlines	null
doctest	DocTestRunner._DocTestRunner__record_outcome	"\nRecord the fact that the given DocTest (`test`) generated `failures`\nfailures out of `tries` tried examples.\n"
doctest	DocTestRunner._DocTestRunner__run	"\nRun the examples in `test`.  Write the outcome of each example\nwith one of the `DocTestRunner.report_*` methods, using the\nwriter function `out`.  `compileflags` is the set of compiler\nflags that should be used to execute examples.  Return a TestResults\ninstance.  The examples are run in the namespace `test.globs`.\n"
doctest	IncrementalNewlineDecoder	"Codec used when reading a file in universal newlines mode.\n\nIt wraps another incremental decoder, translating \\r\\n and \\r into \\n.\nIt also records the types of newlines encountered.  When used with\ntranslate=False, it ensures that the newline sequence is returned in\none piece. When used with decoder=None, it expects unicode strings as\ndecode input and translates newlines without first invoking an external\ndecoder."
doctest	IncrementalNewlineDecoder.decode	null
doctest	IncrementalNewlineDecoder.getstate	null
doctest	IncrementalNewlineDecoder.newlines	null
doctest	IncrementalNewlineDecoder.reset	null
doctest	IncrementalNewlineDecoder.setstate	null
doctest	StringIO	"Text I/O implementation using an in-memory buffer.\n\nThe initial_value argument sets the value of object.  The newline\nargument is like the one of TextIOWrapper's constructor."
doctest	StringIO.close	"Close the IO object.\n\nAttempting any further operation after the object is closed\nwill raise a ValueError.\n\nThis method has no effect if the file is already closed."
doctest	StringIO.closed	null
doctest	StringIO.getvalue	"Retrieve the entire contents of the object."
doctest	StringIO.line_buffering	null
doctest	StringIO.newlines	null
doctest	StringIO.read	"Read at most size characters, returned as a string.\n\nIf the argument is negative or omitted, read until EOF\nis reached. Return an empty string at EOF."
doctest	StringIO.readable	"Returns True if the IO object can be read."
doctest	StringIO.readline	"Read until newline or EOF.\n\nReturns an empty string if EOF is hit immediately."
doctest	StringIO.seek	"Change stream position.\n\nSeek to character offset pos relative to position indicated by whence:\n    0  Start of stream (the default).  pos should be >= 0;\n    1  Current position - pos must be 0;\n    2  End of stream - pos must be 0.\nReturns the new absolute position."
doctest	StringIO.seekable	"Returns True if the IO object can be seeked."
doctest	StringIO.tell	"Tell the current file position."
doctest	StringIO.truncate	"Truncate size to pos.\n\nThe pos argument defaults to the current file position, as\nreturned by tell().  The current file position is unchanged.\nReturns the new absolute position."
doctest	StringIO.writable	"Returns True if the IO object can be written."
doctest	StringIO.write	"Write string to file.\n\nReturns the number of characters written, which is always equal to\nthe length of the string."
doctest	can_colorize	null
doctest	namedtuple	"Returns a new subclass of tuple with named fields.\n\n>>> Point = namedtuple('Point', ['x', 'y'])\n>>> Point.__doc__                   # docstring for the new class\n'Point(x, y)'\n>>> p = Point(11, y=22)             # instantiate with positional args or keywords\n>>> p[0] + p[1]                     # indexable like a plain tuple\n33\n>>> x, y = p                        # unpack like a regular tuple\n>>> x, y\n(11, 22)\n>>> p.x + p.y                       # fields also accessible by name\n33\n>>> d = p._asdict()                 # convert to a dictionary\n>>> d['x']\n11\n>>> Point(**d)                      # convert from a dictionary\nPoint(x=11, y=22)\n>>> p._replace(x=100)               # _replace() is like str.replace() but targets named fields\nPoint(x=100, y=22)\n\n"
email.base64mime	a2b_base64	"Decode a line of base64 data.\n\n  strict_mode\n    When set to True, bytes that are not part of the base64 standard are not allowed.\n    The same applies to excess data after padding (= / ==)."
email.base64mime	b2a_base64	"Base64-code line of data."
email.base64mime	b64encode	"Encode the bytes-like object s using Base64 and return a bytes object.\n\nOptional altchars should be a byte string of length 2 which specifies an\nalternative alphabet for the '+' and '/' characters.  This allows an\napplication to e.g. generate url or filesystem safe Base64 strings.\n"
email.base64mime	body_decode	"Decode a raw base64 string, returning a bytes object.\n\nThis function does not parse a full MIME header value encoded with\nbase64 (like =?iso-8859-1?b?bmloISBuaWgh?=) -- please use the high\nlevel email.header class for that functionality.\n"
email.base64mime	decodestring	"Decode a raw base64 string, returning a bytes object.\n\nThis function does not parse a full MIME header value encoded with\nbase64 (like =?iso-8859-1?b?bmloISBuaWgh?=) -- please use the high\nlevel email.header class for that functionality.\n"
email.charset	encode_7or8bit	"Set the Content-Transfer-Encoding header to 7bit or 8bit."
email.encoders	_bencode	"Encode a bytestring into a bytes object containing multiple lines\nof base-64 data."
email.encoders	_encodestring	null
email.errors	MalformedHeaderDefect	"Found line with no leading whitespace and no colon before blank line."
email.generator	BytesGenerator._writeBody	null
email.generator	BytesIO	"Buffered I/O implementation using an in-memory bytes buffer."
email.generator	BytesIO.close	"Disable all I/O operations."
email.generator	BytesIO.closed	"True if the file is closed."
email.generator	BytesIO.flush	"Does nothing."
email.generator	BytesIO.getbuffer	"Get a read-write view over the contents of the BytesIO object."
email.generator	BytesIO.getvalue	"Retrieve the entire contents of the BytesIO object."
email.generator	BytesIO.isatty	"Always returns False.\n\nBytesIO objects are not connected to a TTY-like device."
email.generator	BytesIO.read	"Read at most size bytes, returned as a bytes object.\n\nIf the size argument is negative, read until EOF is reached.\nReturn an empty bytes object at EOF."
email.generator	BytesIO.read1	"Read at most size bytes, returned as a bytes object.\n\nIf the size argument is negative or omitted, read until EOF is reached.\nReturn an empty bytes object at EOF."
email.generator	BytesIO.readable	"Returns True if the IO object can be read."
email.generator	BytesIO.readinto	"Read bytes into buffer.\n\nReturns number of bytes read (0 for EOF), or None if the object\nis set not to block and has no data to read."
email.generator	BytesIO.readline	"Next line from the file, as a bytes object.\n\nRetain newline.  A non-negative size argument limits the maximum\nnumber of bytes to return (an incomplete line may be returned then).\nReturn an empty bytes object at EOF."
email.generator	BytesIO.readlines	"List of bytes objects, each a line from the file.\n\nCall readline() repeatedly and return a list of the lines so read.\nThe optional size argument, if given, is an approximate bound on the\ntotal number of bytes in the lines returned."
email.generator	BytesIO.seek	"Change stream position.\n\nSeek to byte offset pos relative to position indicated by whence:\n     0  Start of stream (the default).  pos should be >= 0;\n     1  Current position - pos may be negative;\n     2  End of stream - pos usually negative.\nReturns the new absolute position."
email.generator	BytesIO.seekable	"Returns True if the IO object can be seeked."
email.generator	BytesIO.tell	"Current file position, an integer."
email.generator	BytesIO.truncate	"Truncate the file to at most size bytes.\n\nSize defaults to the current file position, as returned by tell().\nThe current file position is unchanged.  Returns the new size."
email.generator	BytesIO.writable	"Returns True if the IO object can be written."
email.generator	BytesIO.write	"Write bytes to file.\n\nReturn the number of bytes written."
email.generator	BytesIO.writelines	"Write lines to the file.\n\nNote that newlines are not added.  lines can be any iterable object\nproducing bytes-like objects. This is equivalent to calling write() for\neach element."
email.generator	Generator._writeBody	null
email.generator	StringIO	"Text I/O implementation using an in-memory buffer.\n\nThe initial_value argument sets the value of object.  The newline\nargument is like the one of TextIOWrapper's constructor."
email.generator	StringIO.close	"Close the IO object.\n\nAttempting any further operation after the object is closed\nwill raise a ValueError.\n\nThis method has no effect if the file is already closed."
email.generator	StringIO.closed	null
email.generator	StringIO.getvalue	"Retrieve the entire contents of the object."
email.generator	StringIO.line_buffering	null
email.generator	StringIO.newlines	null
email.generator	StringIO.read	"Read at most size characters, returned as a string.\n\nIf the argument is negative or omitted, read until EOF\nis reached. Return an empty string at EOF."
email.generator	StringIO.readable	"Returns True if the IO object can be read."
email.generator	StringIO.readline	"Read until newline or EOF.\n\nReturns an empty string if EOF is hit immediately."
email.generator	StringIO.seek	"Change stream position.\n\nSeek to character offset pos relative to position indicated by whence:\n    0  Start of stream (the default).  pos should be >= 0;\n    1  Current position - pos must be 0;\n    2  End of stream - pos must be 0.\nReturns the new absolute position."
email.generator	StringIO.seekable	"Returns True if the IO object can be seeked."
email.generator	StringIO.tell	"Tell the current file position."
email.generator	StringIO.truncate	"Truncate size to pos.\n\nThe pos argument defaults to the current file position, as\nreturned by tell().  The current file position is unchanged.\nReturns the new absolute position."
email.generator	StringIO.writable	"Returns True if the IO object can be written."
email.generator	StringIO.write	"Write string to file.\n\nReturns the number of characters written, which is always equal to\nthe length of the string."
email.generator	_has_surrogates	"Return True if s may contain surrogate-escaped binary data."
email.generator	deepcopy	"Deep copy operation on arbitrary Python objects.\n\nSee the module's __doc__ string for more info.\n"
email.header	_max_append	null
email.headerregistry	ContentDispositionHeader.value_parser	"disposition-type *( \";\" parameter )\n\n    "
email.headerregistry	ContentTransferEncodingHeader.value_parser	"mechanism\n\n    "
email.headerregistry	ContentTypeHeader.value_parser	"maintype \"/\" subtype *( \";\" parameter )\n\nThe maintype and substype are tokens.  Theoretically they could\nbe checked against the official IANA list + x-token, but we\ndon't do that.\n"
email.headerregistry	DateHeader.value_parser	"unstructured = (*([FWS] vchar) *WSP) / obs-unstruct\n   obs-unstruct = *((*LF *CR *(obs-utext) *LF *CR)) / FWS)\n   obs-utext = %d0 / obs-NO-WS-CTL / LF / CR\n\n   obs-NO-WS-CTL is control characters except WSP/CR/LF.\n\nSo, basically, we have printable runs, plus control characters or nulls in\nthe obsolete syntax, separated by whitespace.  Since RFC 2047 uses the\nobsolete syntax in its specification, but requires whitespace on either\nside of the encoded words, I can see no reason to need to separate the\nnon-printable-non-whitespace from the printable runs if they occur, so we\nparse this into xtext tokens separated by WSP tokens.\n\nBecause an 'unstructured' value must by definition constitute the entire\nvalue, this 'get' routine does not return a remaining value, only the\nparsed TokenList.\n\n"
email.headerregistry	MIMEVersionHeader.value_parser	"mime-version = [CFWS] 1*digit [CFWS] \".\" [CFWS] 1*digit [CFWS]\n\n    "
email.headerregistry	MessageIDHeader.value_parser	"message-id      =   \"Message-ID:\" msg-id CRLF\n    "
email.headerregistry	UnstructuredHeader.value_parser	"unstructured = (*([FWS] vchar) *WSP) / obs-unstruct\n   obs-unstruct = *((*LF *CR *(obs-utext) *LF *CR)) / FWS)\n   obs-utext = %d0 / obs-NO-WS-CTL / LF / CR\n\n   obs-NO-WS-CTL is control characters except WSP/CR/LF.\n\nSo, basically, we have printable runs, plus control characters or nulls in\nthe obsolete syntax, separated by whitespace.  Since RFC 2047 uses the\nobsolete syntax in its specification, but requires whitespace on either\nside of the encoded words, I can see no reason to need to separate the\nnon-printable-non-whitespace from the printable runs if they occur, so we\nparse this into xtext tokens separated by WSP tokens.\n\nBecause an 'unstructured' value must by definition constitute the entire\nvalue, this 'get' routine does not return a remaining value, only the\nparsed TokenList.\n\n"
email._header_value_parser	InvalidMailbox.addr_spec	null
email._header_value_parser	InvalidMailbox.domain	null
email._header_value_parser	InvalidMailbox.local_part	null
email._header_value_parser	InvalidMailbox.route	null
email._header_value_parser	_non_printable_finder	"Return a list of all non-overlapping matches of pattern in string."
email._header_value_parser	_wsp_splitter	"Split string by the occurrences of pattern."
email.message	BytesIO	"Buffered I/O implementation using an in-memory bytes buffer."
email.message	BytesIO.close	"Disable all I/O operations."
email.message	BytesIO.closed	"True if the file is closed."
email.message	BytesIO.flush	"Does nothing."
email.message	BytesIO.getbuffer	"Get a read-write view over the contents of the BytesIO object."
email.message	BytesIO.getvalue	"Retrieve the entire contents of the BytesIO object."
email.message	BytesIO.isatty	"Always returns False.\n\nBytesIO objects are not connected to a TTY-like device."
email.message	BytesIO.read	"Read at most size bytes, returned as a bytes object.\n\nIf the size argument is negative, read until EOF is reached.\nReturn an empty bytes object at EOF."
email.message	BytesIO.read1	"Read at most size bytes, returned as a bytes object.\n\nIf the size argument is negative or omitted, read until EOF is reached.\nReturn an empty bytes object at EOF."
email.message	BytesIO.readable	"Returns True if the IO object can be read."
email.message	BytesIO.readinto	"Read bytes into buffer.\n\nReturns number of bytes read (0 for EOF), or None if the object\nis set not to block and has no data to read."
email.message	BytesIO.readline	"Next line from the file, as a bytes object.\n\nRetain newline.  A non-negative size argument limits the maximum\nnumber of bytes to return (an incomplete line may be returned then).\nReturn an empty bytes object at EOF."
email.message	BytesIO.readlines	"List of bytes objects, each a line from the file.\n\nCall readline() repeatedly and return a list of the lines so read.\nThe optional size argument, if given, is an approximate bound on the\ntotal number of bytes in the lines returned."
email.message	BytesIO.seek	"Change stream position.\n\nSeek to byte offset pos relative to position indicated by whence:\n     0  Start of stream (the default).  pos should be >= 0;\n     1  Current position - pos may be negative;\n     2  End of stream - pos usually negative.\nReturns the new absolute position."
email.message	BytesIO.seekable	"Returns True if the IO object can be seeked."
email.message	BytesIO.tell	"Current file position, an integer."
email.message	BytesIO.truncate	"Truncate the file to at most size bytes.\n\nSize defaults to the current file position, as returned by tell().\nThe current file position is unchanged.  Returns the new size."
email.message	BytesIO.writable	"Returns True if the IO object can be written."
email.message	BytesIO.write	"Write bytes to file.\n\nReturn the number of bytes written."
email.message	BytesIO.writelines	"Write lines to the file.\n\nNote that newlines are not added.  lines can be any iterable object\nproducing bytes-like objects. This is equivalent to calling write() for\neach element."
email.message	Message.walk	"Walk over the message tree, yielding each subpart.\n\nThe walk is performed in depth-first order.  This method is a\ngenerator.\n"
email.message	StringIO	"Text I/O implementation using an in-memory buffer.\n\nThe initial_value argument sets the value of object.  The newline\nargument is like the one of TextIOWrapper's constructor."
email.message	StringIO.close	"Close the IO object.\n\nAttempting any further operation after the object is closed\nwill raise a ValueError.\n\nThis method has no effect if the file is already closed."
email.message	StringIO.closed	null
email.message	StringIO.getvalue	"Retrieve the entire contents of the object."
email.message	StringIO.line_buffering	null
email.message	StringIO.newlines	null
email.message	StringIO.read	"Read at most size characters, returned as a string.\n\nIf the argument is negative or omitted, read until EOF\nis reached. Return an empty string at EOF."
email.message	StringIO.readable	"Returns True if the IO object can be read."
email.message	StringIO.readline	"Read until newline or EOF.\n\nReturns an empty string if EOF is hit immediately."
email.message	StringIO.seek	"Change stream position.\n\nSeek to character offset pos relative to position indicated by whence:\n    0  Start of stream (the default).  pos should be >= 0;\n    1  Current position - pos must be 0;\n    2  End of stream - pos must be 0.\nReturns the new absolute position."
email.message	StringIO.seekable	"Returns True if the IO object can be seeked."
email.message	StringIO.tell	"Tell the current file position."
email.message	StringIO.truncate	"Truncate size to pos.\n\nThe pos argument defaults to the current file position, as\nreturned by tell().  The current file position is unchanged.\nReturns the new absolute position."
email.message	StringIO.writable	"Returns True if the IO object can be written."
email.message	StringIO.write	"Write string to file.\n\nReturns the number of characters written, which is always equal to\nthe length of the string."
email.message	decode_b	null
email.policy	EmailPolicy	"Controls for how messages are interpreted and formatted.\n\nMost of the classes and many of the methods in the email package accept\nPolicy objects as parameters.  A Policy object contains a set of values and\nfunctions that control how input is interpreted and how output is rendered.\nFor example, the parameter 'raise_on_defect' controls whether or not an RFC\nviolation results in an error being raised or not, while 'max_line_length'\ncontrols the maximum length of output lines when a Message is serialized.\n\nAny valid attribute may be overridden when a Policy is created by passing\nit as a keyword argument to the constructor.  Policy objects are immutable,\nbut a new Policy object can be created with only certain values changed by\ncalling the Policy instance with keyword arguments.  Policy objects can\nalso be added, producing a new Policy object in which the non-default\nattributes set in the right hand operand overwrite those specified in the\nleft operand.\n\nSettable attributes:\n\nraise_on_defect     -- If true, then defects should be raised as errors.\n                       Default: False.\n\nlinesep             -- string containing the value to use as separation\n                       between output lines.  Default '\\n'.\n\ncte_type            -- Type of allowed content transfer encodings\n\n                       7bit  -- ASCII only\n                       8bit  -- Content-Transfer-Encoding: 8bit is allowed\n\n                       Default: 8bit.  Also controls the disposition of\n                       (RFC invalid) binary data in headers; see the\n                       documentation of the binary_fold method.\n\nmax_line_length     -- maximum length of lines, excluding 'linesep',\n                       during serialization.  None or 0 means no line\n                       wrapping is done.  Default is 78.\n\nmangle_from_        -- a flag that, when True escapes From_ lines in the\n                       body of the message by putting a `>' in front of\n                       them. This is used when the message is being\n                       serialized by a generator. Default: False.\n\nmessage_factory     -- the class to use to create new message objects.\n                       If the value is None, the default is Message.\n\nverify_generated_headers\n                    -- if true, the generator verifies that each header\n                       they are properly folded, so that a parser won't\n                       treat it as multiple headers, start-of-body, or\n                       part of another header.\n                       This is a check against custom Header & fold()\n                       implementations.\nPROVISIONAL\n\nThe API extensions enabled by this policy are currently provisional.\nRefer to the documentation for details.\n\nThis policy adds new header parsing and folding algorithms.  Instead of\nsimple strings, headers are custom objects with custom attributes\ndepending on the type of the field.  The folding algorithm fully\nimplements RFCs 2047 and 5322.\n\nIn addition to the settable attributes listed above that apply to\nall Policies, this policy adds the following additional attributes:\n\nutf8                -- if False (the default) message headers will be\n                       serialized as ASCII, using encoded words to encode\n                       any non-ASCII characters in the source strings.  If\n                       True, the message headers will be serialized using\n                       utf8 and will not contain encoded words (see RFC\n                       6532 for more on this serialization format).\n\nrefold_source       -- if the value for a header in the Message object\n                       came from the parsing of some source, this attribute\n                       indicates whether or not a generator should refold\n                       that value when transforming the message back into\n                       stream form.  The possible values are:\n\n                       none  -- all source values use original folding\n                       long  -- source values that have any line that is\n                                longer than max_line_length will be\n                                refolded\n                       all  -- all values are refolded.\n\n                       The default is 'long'.\n\nheader_factory      -- a callable that takes two arguments, 'name' and\n                       'value', where 'name' is a header field name and\n                       'value' is an unfolded header field value, and\n                       returns a string-like object that represents that\n                       header.  A default header_factory is provided that\n                       understands some of the RFC5322 header field types.\n                       (Currently address fields and date fields have\n                       special treatment, while all other fields are\n                       treated as unstructured.  This list will be\n                       completed before the extension is marked stable.)\n\ncontent_manager     -- an object with at least two methods: get_content\n                       and set_content.  When the get_content or\n                       set_content method of a Message object is called,\n                       it calls the corresponding method of this object,\n                       passing it the message object as its first argument,\n                       and any arguments or keywords that were passed to\n                       it as additional arguments.  The default\n                       content_manager is\n                       :data:`~email.contentmanager.raw_data_manager`.\n\n"
email.policy	EmailPolicy.fold	"Given the header name and the value from the model, return a string\ncontaining linesep characters that implement the folding of the header\naccording to the policy controls.  The value passed in by the email\npackage may contain surrogateescaped binary data if the lines were\nparsed by a BytesParser.  The returned value should not contain any\nsurrogateescaped data.\n\nHeader folding is controlled by the refold_source policy setting.  A\nvalue is considered to be a 'source value' if and only if it does not\nhave a 'name' attribute (having a 'name' attribute means it is a header\nobject of some sort).  If a source value needs to be refolded according\nto the policy, it is converted into a custom header object by passing\nthe name and the value with any linesep characters removed to the\nheader_factory method.  Folding of a custom header object is done by\ncalling its fold method with the current policy.\n\nSource values are split into lines using splitlines.  If the value is\nnot to be refolded, the lines are rejoined using the linesep from the\npolicy and returned.  The exception is lines containing non-ascii\nbinary data.  In that case the value is refolded regardless of the\nrefold_source setting, which causes the binary data to be CTE encoded\nusing the unknown-8bit charset.\n\n"
email.policy	EmailPolicy.fold_binary	"Given the header name and the value from the model, return binary\ndata containing linesep characters that implement the folding of the\nheader according to the policy controls.  The value passed in by the\nemail package may contain surrogateescaped binary data.\n\nThe same as fold if cte_type is 7bit, except that the returned value is\nbytes.\n\nIf cte_type is 8bit, non-ASCII binary data is converted back into\nbytes.  Headers with binary data are not refolded, regardless of the\nrefold_header setting, since there is no way to know whether the binary\ndata consists of single byte characters or multibyte characters.\n\nIf utf8 is true, headers are encoded to utf8, otherwise to ascii with\nnon-ASCII unicode rendered as encoded words.\n\n"
email.policy	EmailPolicy.header_factory	"A header_factory and header registry."
email.policy	EmailPolicy.header_fetch_parse	"Given the header name and the value from the model, return the value\nto be returned to the application program that is requesting that\nheader.  The value passed in by the email package may contain\nsurrogateescaped binary data if the lines were parsed by a BytesParser.\nThe returned value should not contain any surrogateescaped data.\n\nIf the value has a 'name' attribute, it is returned to unmodified.\nOtherwise the name and the value with any linesep characters removed\nare passed to the header_factory method, and the resulting custom\nheader object is returned.  Any surrogateescaped bytes get turned\ninto the unicode unknown-character glyph.\n\n"
email.policy	EmailPolicy.header_max_count	"Return the maximum allowed number of headers named 'name'.\n\nCalled when a header is added to a Message object.  If the returned\nvalue is not 0 or None, and there are already a number of headers with\nthe name 'name' equal to the value returned, a ValueError is raised.\n\nBecause the default behavior of Message's __setitem__ is to append the\nvalue to the list of headers, it is easy to create duplicate headers\nwithout realizing it.  This method allows certain headers to be limited\nin the number of instances of that header that may be added to a\nMessage programmatically.  (The limit is not observed by the parser,\nwhich will faithfully produce as many headers as exist in the message\nbeing parsed.)\n\nThe default implementation returns None for all header names.\nThe implementation for this class returns the max_count attribute from\nthe specialized header class that would be used to construct a header\nof type 'name'.\n"
email.policy	EmailPolicy.header_source_parse	"Given a list of linesep terminated strings constituting the lines of\na single header, return the (name, value) tuple that should be stored\nin the model.  The input lines should retain their terminating linesep\ncharacters.  The lines passed in by the email package may contain\nsurrogateescaped binary data.\nThe name is parsed as everything up to the ':' and returned unmodified.\nThe value is determined by stripping leading whitespace off the\nremainder of the first line joined with all subsequent lines, and\nstripping any trailing carriage return or linefeed characters.  (This\nis the same as Compat32).\n\n"
email.policy	EmailPolicy.header_store_parse	"Given the header name and the value provided by the application\nprogram, return the (name, value) that should be stored in the model.\nThe name is returned unchanged.  If the input value has a 'name'\nattribute and it matches the name ignoring case, the value is returned\nunchanged.  Otherwise the name and value are passed to header_factory\nmethod, and the resulting custom header object is returned as the\nvalue.  In this case a ValueError is raised if the input value contains\nCR or LF characters.\n\n"
email.policy	EmailPolicy.message_factory	null
email.policy	_extend_docstrings	null
email.policy	_has_surrogates	"Return True if s may contain surrogate-escaped binary data."
email._policybase	Compat32	"Controls for how messages are interpreted and formatted.\n\nMost of the classes and many of the methods in the email package accept\nPolicy objects as parameters.  A Policy object contains a set of values and\nfunctions that control how input is interpreted and how output is rendered.\nFor example, the parameter 'raise_on_defect' controls whether or not an RFC\nviolation results in an error being raised or not, while 'max_line_length'\ncontrols the maximum length of output lines when a Message is serialized.\n\nAny valid attribute may be overridden when a Policy is created by passing\nit as a keyword argument to the constructor.  Policy objects are immutable,\nbut a new Policy object can be created with only certain values changed by\ncalling the Policy instance with keyword arguments.  Policy objects can\nalso be added, producing a new Policy object in which the non-default\nattributes set in the right hand operand overwrite those specified in the\nleft operand.\n\nSettable attributes:\n\nraise_on_defect     -- If true, then defects should be raised as errors.\n                       Default: False.\n\nlinesep             -- string containing the value to use as separation\n                       between output lines.  Default '\\n'.\n\ncte_type            -- Type of allowed content transfer encodings\n\n                       7bit  -- ASCII only\n                       8bit  -- Content-Transfer-Encoding: 8bit is allowed\n\n                       Default: 8bit.  Also controls the disposition of\n                       (RFC invalid) binary data in headers; see the\n                       documentation of the binary_fold method.\n\nmax_line_length     -- maximum length of lines, excluding 'linesep',\n                       during serialization.  None or 0 means no line\n                       wrapping is done.  Default is 78.\n\nmangle_from_        -- a flag that, when True escapes From_ lines in the\n                       body of the message by putting a `>' in front of\n                       them. This is used when the message is being\n                       serialized by a generator. Default: False.\n\nmessage_factory     -- the class to use to create new message objects.\n                       If the value is None, the default is Message.\n\nverify_generated_headers\n                    -- if true, the generator verifies that each header\n                       they are properly folded, so that a parser won't\n                       treat it as multiple headers, start-of-body, or\n                       part of another header.\n                       This is a check against custom Header & fold()\n                       implementations.\nThis particular policy is the backward compatibility Policy.  It\nreplicates the behavior of the email package version 5.1.\n"
email._policybase	Compat32.fold	"Given the header name and the value from the model, return a string\ncontaining linesep characters that implement the folding of the header\naccording to the policy controls.  The value passed in by the email\npackage may contain surrogateescaped binary data if the lines were\nparsed by a BytesParser.  The returned value should not contain any\nsurrogateescaped data.\n\nHeaders are folded using the Header folding algorithm, which preserves\nexisting line breaks in the value, and wraps each resulting line to the\nmax_line_length.  Non-ASCII binary data are CTE encoded using the\nunknown-8bit charset.\n\n"
email._policybase	Compat32.fold_binary	"Given the header name and the value from the model, return binary\ndata containing linesep characters that implement the folding of the\nheader according to the policy controls.  The value passed in by the\nemail package may contain surrogateescaped binary data.\n\nHeaders are folded using the Header folding algorithm, which preserves\nexisting line breaks in the value, and wraps each resulting line to the\nmax_line_length.  If cte_type is 7bit, non-ascii binary data is CTE\nencoded using the unknown-8bit charset.  Otherwise the original source\nheader is used, with its existing line breaks and/or binary data.\n\n"
email._policybase	Compat32.header_fetch_parse	"Given the header name and the value from the model, return the value\nto be returned to the application program that is requesting that\nheader.  The value passed in by the email package may contain\nsurrogateescaped binary data if the lines were parsed by a BytesParser.\nThe returned value should not contain any surrogateescaped data.\n\nIf the value contains binary data, it is converted into a Header object\nusing the unknown-8bit charset.  Otherwise it is returned unmodified.\n"
email._policybase	Compat32.header_source_parse	"Given a list of linesep terminated strings constituting the lines of\na single header, return the (name, value) tuple that should be stored\nin the model.  The input lines should retain their terminating linesep\ncharacters.  The lines passed in by the email package may contain\nsurrogateescaped binary data.\nThe name is parsed as everything up to the ':' and returned unmodified.\nThe value is determined by stripping leading whitespace off the\nremainder of the first line joined with all subsequent lines, and\nstripping any trailing carriage return or linefeed characters.\n\n"
email._policybase	Compat32.header_store_parse	"Given the header name and the value provided by the application\nprogram, return the (name, value) that should be stored in the model.\nThe name and value are returned unmodified.\n"
email._policybase	_has_surrogates	"Return True if s may contain surrogate-escaped binary data."
email.quoprimime	body_decode	"Decode a quoted-printable string.\n\nLines are separated with eol, which defaults to \\n.\n"
email.quoprimime	decodestring	"Decode a quoted-printable string.\n\nLines are separated with eol, which defaults to \\n.\n"
email.utils	_parsedate_tz	"Convert date to extended time tuple.\n\nThe last (additional) element is the time zone offset in seconds, except if\nthe timezone was specified as -0000.  In that case the last element is\nNone.  This indicates a UTC timestamp that explicitly declaims knowledge of\nthe source timezone, as opposed to a +0000 timestamp that indicates the\nsource timezone really was UTC.\n\n"
email.utils	mktime_tz	"Turn a 10-tuple as returned by parsedate_tz() into a POSIX timestamp."
email.utils	parsedate	"Convert a time string to a time tuple."
email.utils	parsedate_tz	"Convert a date string to a time tuple.\n\nAccounts for military timezones.\n"
email.utils	quote	"Prepare string to be used in a quoted string.\n\nTurns backslash and double quote characters into quoted pairs.  These\nare the only characters that need to be quoted inside a quoted string.\nDoes not add the surrounding double quotes.\n"
enum	Enum._member_type_	"The base class of the class hierarchy.\n\nWhen called, it accepts no arguments and returns a new featureless\ninstance that has no instance attributes and cannot be given any.\n"
enum	Enum._new_member_	null
enum	EnumCheck._generate_next_value_	"\nReturn the lower-cased version of the member name.\n"
enum	EnumCheck._member_type_	"str(object='') -> str\nstr(bytes_or_buffer[, encoding[, errors]]) -> str\n\nCreate a new string object from the given object. If encoding or\nerrors is specified, then the object must expose a data buffer\nthat will be decoded using the given encoding and error handler.\nOtherwise, returns the result of object.__str__() (if defined)\nor repr(object).\nencoding defaults to 'utf-8'.\nerrors defaults to 'strict'."
enum	EnumCheck._new_member_	"Create and return a new object.  See help(type) for accurate signature."
enum	EnumCheck._value_repr_	"Return repr(self)."
enum	EnumMeta	"\nMetaclass for Enum\n"
enum	EnumMeta._add_member_	null
enum	EnumMeta._check_for_existing_members_	null
enum	EnumMeta._convert_	"\nCreate a new Enum subclass that replaces a collection of global constants\n"
enum	EnumMeta._create_	"\nConvenience method to create a new Enum class.\n\n`names` can be:\n\n* A string containing member names, separated either with spaces or\n  commas.  Values are incremented by 1 from `start`.\n* An iterable of member names.  Values are incremented by 1 from `start`.\n* An iterable of (member name, value) pairs.\n* A mapping of member name -> value pairs.\n"
enum	EnumMeta._find_data_repr_	null
enum	EnumMeta._find_data_type_	null
enum	EnumMeta._find_new_	"\nReturns the __new__ to be used for creating the enum members.\n\nclassdict: the class dictionary given to __new__\nmember_type: the data type whose __new__ will be used by default\nfirst_enum: enumeration to check for an overriding __new__\n"
enum	EnumMeta._get_mixins_	"\nReturns the type for creating enum members, and the first inherited\nenum class.\n\nbases: the tuple of bases that was given to __new__\n"
enum	Flag._iter_member_	"\nExtract all members from the value in definition (i.e. increasing value) order.\n"
enum	Flag._member_type_	"The base class of the class hierarchy.\n\nWhen called, it accepts no arguments and returns a new featureless\ninstance that has no instance attributes and cannot be given any.\n"
enum	Flag._new_member_	"Create and return a new object.  See help(type) for accurate signature."
enum	Flag._numeric_repr_	"Return the canonical string representation of the object.\n\nFor many object types, including most builtins, eval(repr(obj)) == obj."
enum	FlagBoundary._generate_next_value_	"\nReturn the lower-cased version of the member name.\n"
enum	FlagBoundary._member_type_	"str(object='') -> str\nstr(bytes_or_buffer[, encoding[, errors]]) -> str\n\nCreate a new string object from the given object. If encoding or\nerrors is specified, then the object must expose a data buffer\nthat will be decoded using the given encoding and error handler.\nOtherwise, returns the result of object.__str__() (if defined)\nor repr(object).\nencoding defaults to 'utf-8'.\nerrors defaults to 'strict'."
enum	FlagBoundary._new_member_	"values must already be of type `str`"
enum	FlagBoundary._value_repr_	"Return repr(self)."
enum	IntEnum._generate_next_value_	"\nGenerate the next value when not given.\n\nname: the name of the member\nstart: the initial start value or None\ncount: the number of existing members\nlast_values: the list of values assigned\n"
enum	IntEnum._member_type_	"int([x]) -> integer\nint(x, base=10) -> integer\n\nConvert a number or string to an integer, or return 0 if no arguments\nare given.  If x is a number, return x.__int__().  For floating-point\nnumbers, this truncates towards zero.\n\nIf x is not a number or if base is given, then x must be a string,\nbytes, or bytearray instance representing an integer literal in the\ngiven base.  The literal can be preceded by '+' or '-' and be surrounded\nby whitespace.  The base defaults to 10.  Valid bases are 0 and 2-36.\nBase 0 means to interpret the base from the string as an integer literal.\n>>> int('0b100', base=0)\n4"
enum	IntEnum._new_member_	"Create and return a new object.  See help(type) for accurate signature."
enum	IntEnum._value_repr_	"Return repr(self)."
enum	IntFlag._generate_next_value_	"\nGenerate the next value when not given.\n\nname: the name of the member\nstart: the initial start value or None\ncount: the number of existing members\nlast_values: the last value assigned or None\n"
enum	IntFlag._member_type_	"int([x]) -> integer\nint(x, base=10) -> integer\n\nConvert a number or string to an integer, or return 0 if no arguments\nare given.  If x is a number, return x.__int__().  For floating-point\nnumbers, this truncates towards zero.\n\nIf x is not a number or if base is given, then x must be a string,\nbytes, or bytearray instance representing an integer literal in the\ngiven base.  The literal can be preceded by '+' or '-' and be surrounded\nby whitespace.  The base defaults to 10.  Valid bases are 0 and 2-36.\nBase 0 means to interpret the base from the string as an integer literal.\n>>> int('0b100', base=0)\n4"
enum	IntFlag._new_member_	"Create and return a new object.  See help(type) for accurate signature."
enum	IntFlag._value_repr_	"Return repr(self)."
enum	ReprEnum._generate_next_value_	"\nGenerate the next value when not given.\n\nname: the name of the member\nstart: the initial start value or None\ncount: the number of existing members\nlast_values: the list of values assigned\n"
enum	ReprEnum._member_type_	"The base class of the class hierarchy.\n\nWhen called, it accepts no arguments and returns a new featureless\ninstance that has no instance attributes and cannot be given any.\n"
enum	ReprEnum._new_member_	"Create and return a new object.  See help(type) for accurate signature."
enum	StrEnum._member_type_	"str(object='') -> str\nstr(bytes_or_buffer[, encoding[, errors]]) -> str\n\nCreate a new string object from the given object. If encoding or\nerrors is specified, then the object must expose a data buffer\nthat will be decoded using the given encoding and error handler.\nOtherwise, returns the result of object.__str__() (if defined)\nor repr(object).\nencoding defaults to 'utf-8'.\nerrors defaults to 'strict'."
enum	StrEnum._new_member_	"values must already be of type `str`"
enum	StrEnum._value_repr_	"Return repr(self)."
enum	_EnumDict	"\nTrack enum member order and ensure member names are not reused.\n\nEnumType will use the names found in self._member_names as the\nenumeration member names.\n"
enum	_EnumDict.update	null
enum	_reduce_ex_by_global_name	null
errno		"This module makes available standard errno system symbols.\n\nThe value of each symbol is the corresponding integer value,\ne.g., on most systems, errno.ENOENT equals the integer 2.\n\nThe dictionary errno.errorcode maps numeric codes to symbol names,\ne.g., errno.errorcode[2] could be the string 'ENOENT'.\n\nSymbols that are not relevant to the underlying system are not defined.\n\nTo map error codes to error messages, use the function os.strerror(),\ne.g. os.strerror(2) could return 'No such file or directory'."
faulthandler		"faulthandler module."
faulthandler	_fatal_error_c_thread	"Call Py_FatalError() in a new C thread."
faulthandler	_read_null	"Read from NULL, raise a SIGSEGV or SIGBUS signal depending on the platform."
faulthandler	_sigabrt	"Raise a SIGABRT signal."
faulthandler	_sigfpe	"Raise a SIGFPE signal."
faulthandler	_sigsegv	"Raise a SIGSEGV signal."
faulthandler	_stack_overflow	"Recursive call to raise a stack overflow."
faulthandler	cancel_dump_traceback_later	"Cancel the previous call to dump_traceback_later()."
faulthandler	disable	"Disable the fault handler."
faulthandler	dump_traceback	"Dump the traceback of the current thread, or of all threads if all_threads is True, into file."
faulthandler	dump_traceback_later	"Dump the traceback of all threads in timeout seconds,\nor each timeout seconds if repeat is True. If exit is True, call _exit(1) which is not safe."
faulthandler	enable	"Enable the fault handler."
faulthandler	is_enabled	"Check if the handler is enabled."
faulthandler	register	"Register a handler for the signal 'signum': dump the traceback of the current thread, or of all threads if all_threads is True, into file."
faulthandler	unregister	"Unregister the handler of the signal 'signum' registered by register()."
fcntl		"This module performs file control and I/O control on file\ndescriptors.  It is an interface to the fcntl() and ioctl() Unix\nroutines.  File descriptors can be obtained with the fileno() method of\na file or socket object."
fcntl	fcntl	"Perform the operation `cmd` on file descriptor fd.\n\nThe values used for `cmd` are operating system dependent, and are available\nas constants in the fcntl module, using the same names as used in\nthe relevant C header files.  The argument arg is optional, and\ndefaults to 0; it may be an int or a string.  If arg is given as a string,\nthe return value of fcntl is a string of that length, containing the\nresulting value put in the arg buffer by the operating system.  The length\nof the arg string is not allowed to exceed 1024 bytes.  If the arg given\nis an integer or if none is specified, the result value is an integer\ncorresponding to the return value of the fcntl call in the C code."
fcntl	flock	"Perform the lock operation `operation` on file descriptor `fd`.\n\nSee the Unix manual page for flock(2) for details (On some systems, this\nfunction is emulated using fcntl())."
fcntl	ioctl	"Perform the operation `request` on file descriptor `fd`.\n\nThe values used for `request` are operating system dependent, and are available\nas constants in the fcntl or termios library modules, using the same names as\nused in the relevant C header files.\n\nThe argument `arg` is optional, and defaults to 0; it may be an int or a\nbuffer containing character data (most likely a string or an array).\n\nIf the argument is a mutable buffer (such as an array) and if the\nmutate_flag argument (which is only allowed in this case) is true then the\nbuffer is (in effect) passed to the operating system and changes made by\nthe OS will be reflected in the contents of the buffer after the call has\nreturned.  The return value is the integer returned by the ioctl system\ncall.\n\nIf the argument is a mutable buffer and the mutable_flag argument is false,\nthe behavior is as if a string had been passed.\n\nIf the argument is an immutable buffer (most likely a string) then a copy\nof the buffer is passed to the operating system and the return value is a\nstring of the same length containing whatever the operating system put in\nthe buffer.  The length of the arg buffer in this case is not allowed to\nexceed 1024 bytes.\n\nIf the arg given is an integer or if none is specified, the result value is\nan integer corresponding to the return value of the ioctl call in the C\ncode."
fcntl	lockf	"A wrapper around the fcntl() locking calls.\n\n`fd` is the file descriptor of the file to lock or unlock, and operation is one\nof the following values:\n\n    LOCK_UN - unlock\n    LOCK_SH - acquire a shared lock\n    LOCK_EX - acquire an exclusive lock\n\nWhen operation is LOCK_SH or LOCK_EX, it can also be bitwise ORed with\nLOCK_NB to avoid blocking on lock acquisition.  If LOCK_NB is used and the\nlock cannot be acquired, an OSError will be raised and the exception will\nhave an errno attribute set to EACCES or EAGAIN (depending on the operating\nsystem -- for portability, check for either value).\n\n`len` is the number of bytes to lock, with the default meaning to lock to\nEOF.  `start` is the byte offset, relative to `whence`, to that the lock\nstarts.  `whence` is as with fileobj.seek(), specifically:\n\n    0 - relative to the start of the file (SEEK_SET)\n    1 - relative to the current buffer position (SEEK_CUR)\n    2 - relative to the end of the file (SEEK_END)"
fractions	Fraction._denominator	null
fractions	Fraction._numerator	null
_frozen_importlib	BuiltinImporter.load_module	"Load the specified module into sys.modules and return it.\n\nThis method is deprecated.  Use loader.exec_module() instead.\n\n"
_frozen_importlib	__loader__	"Meta path import for frozen modules.\n\nAll methods are either class or static methods to avoid the need to\ninstantiate the class.\n\n"
_frozen_importlib	__loader__._fix_up_module	null
_frozen_importlib	__loader__._resolve_filename	null
_frozen_importlib	__loader__.create_module	"Set __file__, if able."
_frozen_importlib	__loader__.exec_module	null
_frozen_importlib	__loader__.find_spec	null
_frozen_importlib	__loader__.get_code	"Return the code object for the frozen module."
_frozen_importlib	__loader__.get_source	"Return None as frozen modules do not have source code."
_frozen_importlib	__loader__.is_package	"Return True if the frozen module is a package."
_frozen_importlib	__loader__.load_module	"Load a frozen module.\n\nThis method is deprecated.  Use exec_module() instead.\n\n"
_frozen_importlib_external	_NamespaceLoader	null
_frozen_importlib_external	_NamespaceLoader.create_module	"Use default semantics for module creation."
_frozen_importlib_external	_NamespaceLoader.exec_module	null
_frozen_importlib_external	_NamespaceLoader.get_code	null
_frozen_importlib_external	_NamespaceLoader.get_resource_reader	null
_frozen_importlib_external	_NamespaceLoader.get_source	null
_frozen_importlib_external	_NamespaceLoader.is_package	null
_frozen_importlib_external	_NamespaceLoader.load_module	"Load a namespace module.\n\nThis method is deprecated.  Use exec_module() instead.\n\n"
_frozen_importlib_external	_relax_case	"True if filenames must be checked case-insensitively."
ftplib	FTP.debug	"Set the debugging level.\nThe required argument level means:\n0: no debugging output (default)\n1: print commands and responses but not body text etc.\n2: also print raw lines read and sent before stripping CR/LF"
functools	RLock	null
functools	RLock._acquire_restore	"For internal use by `threading.Condition`."
functools	RLock._at_fork_reinit	null
functools	RLock._is_owned	"For internal use by `threading.Condition`."
functools	RLock._recursion_count	"For internal use by reentrancy checks."
functools	RLock._release_save	"For internal use by `threading.Condition`."
functools	RLock.acquire	"Lock the lock.  `blocking` indicates whether we should wait\nfor the lock to be available or not.  If `blocking` is False\nand another thread holds the lock, the method will return False\nimmediately.  If `blocking` is True and another thread holds\nthe lock, the method will wait for the lock to be released,\ntake it and then return True.\n(note: the blocking operation is interruptible.)\n\nIn all other cases, the method will return True immediately.\nPrecisely, if the current thread already holds the lock, its\ninternal counter is simply incremented. If nobody holds the lock,\nthe lock is taken and its internal counter initialized to 1."
functools	RLock.release	"Release the lock, allowing another thread that is blocked waiting for\nthe lock to acquire the lock.  The lock must be in the locked state,\nand must be locked by the same thread that unlocks it; otherwise a\n`RuntimeError` is raised.\n\nDo note that if the lock was acquire()d several times in a row by the\ncurrent thread, release() needs to be called as many times for the lock\nto be available for other threads."
functools	_CacheInfo	"CacheInfo(hits, misses, maxsize, currsize)"
functools	_CacheInfo._asdict	"Return a new dict which maps field names to their values."
functools	_CacheInfo._make	null
functools	_CacheInfo._replace	"Return a new CacheInfo object replacing specified fields with new values"
functools	_HashedSeq.hashvalue	null
functools	_lru_cache_wrapper	"Create a cached callable that wraps another function.\n\nuser_function:      the function being cached\n\nmaxsize:  0         for no caching\n          None      for unlimited cache size\n          n         for a bounded cache\n\ntyped:    False     cache f(3) and f(3.0) as identical calls\n          True      cache f(3) and f(3.0) as distinct calls\n\ncache_info_type:    namedtuple class with the fields:\n                        hits misses currsize maxsize\n"
functools	_lru_cache_wrapper.cache_clear	"Clear the cache and cache statistics"
functools	_lru_cache_wrapper.cache_info	"Report cache statistics"
functools	cmp_to_key	"Convert a cmp= function into a key= function.\n\n  mycmp\n    Function that compares two objects."
functools	get_cache_token	"Returns the current ABC cache token.\n\nThe token is an opaque object (supporting equality testing) identifying the\ncurrent version of the ABC cache for virtual subclasses. The token changes\nwith every call to register() on any ABC."
functools	namedtuple	"Returns a new subclass of tuple with named fields.\n\n>>> Point = namedtuple('Point', ['x', 'y'])\n>>> Point.__doc__                   # docstring for the new class\n'Point(x, y)'\n>>> p = Point(11, y=22)             # instantiate with positional args or keywords\n>>> p[0] + p[1]                     # indexable like a plain tuple\n33\n>>> x, y = p                        # unpack like a regular tuple\n>>> x, y\n(11, 22)\n>>> p.x + p.y                       # fields also accessible by name\n33\n>>> d = p._asdict()                 # convert to a dictionary\n>>> d['x']\n11\n>>> Point(**d)                      # convert from a dictionary\nPoint(x=11, y=22)\n>>> p._replace(x=100)               # _replace() is like str.replace() but targets named fields\nPoint(x=100, y=22)\n\n"
functools	partial	"Create a new function with partial application of the given arguments\nand keywords."
functools	partial.args	"tuple of arguments to future partial calls"
functools	partial.func	"function object to use in future partial calls"
functools	partial.keywords	"dictionary of keyword arguments to future partial calls"
functools	recursive_repr	"Decorator to make a repr function return fillvalue for a recursive call"
functools	reduce	"reduce(function, iterable[, initial], /) -> value\n\nApply a function of two arguments cumulatively to the items of an iterable, from left to right.\n\nThis effectively reduces the iterable to a single value.  If initial is present,\nit is placed before the items of the iterable in the calculation, and serves as\na default when the iterable is empty.\n\nFor example, reduce(lambda x, y: x+y, [1, 2, 3, 4, 5])\ncalculates ((((1 + 2) + 3) + 4) + 5)."
_functools		"Tools that operate on functions."
_functools	cmp_to_key	"Convert a cmp= function into a key= function.\n\n  mycmp\n    Function that compares two objects."
_functools	reduce	"reduce(function, iterable[, initial], /) -> value\n\nApply a function of two arguments cumulatively to the items of an iterable, from left to right.\n\nThis effectively reduces the iterable to a single value.  If initial is present,\nit is placed before the items of the iterable in the calculation, and serves as\na default when the iterable is empty.\n\nFor example, reduce(lambda x, y: x+y, [1, 2, 3, 4, 5])\ncalculates ((((1 + 2) + 3) + 4) + 5)."
gc		"This module provides access to the garbage collector for reference cycles.\n\nenable() -- Enable automatic garbage collection.\ndisable() -- Disable automatic garbage collection.\nisenabled() -- Returns true if automatic collection is enabled.\ncollect() -- Do a full collection right now.\nget_count() -- Return the current collection counts.\nget_stats() -- Return list of dictionaries containing per-generation stats.\nset_debug() -- Set debugging flags.\nget_debug() -- Get debugging flags.\nset_threshold() -- Set the collection thresholds.\nget_threshold() -- Return the current the collection thresholds.\nget_objects() -- Return a list of all objects tracked by the collector.\nis_tracked() -- Returns true if a given object is tracked.\nis_finalized() -- Returns true if a given object has been already finalized.\nget_referrers() -- Return the list of objects that refer to an object.\nget_referents() -- Return the list of objects that an object refers to.\nfreeze() -- Freeze all tracked objects and ignore them for future collections.\nunfreeze() -- Unfreeze all objects in the permanent generation.\nget_freeze_count() -- Return the number of objects in the permanent generation.\n"
gc	collect	"Run the garbage collector.\n\nWith no arguments, run a full collection.  The optional argument\nmay be an integer specifying which generation to collect.  A ValueError\nis raised if the generation number is invalid.\n\nThe number of unreachable objects is returned."
gc	disable	"Disable automatic garbage collection."
gc	enable	"Enable automatic garbage collection."
gc	freeze	"Freeze all current tracked objects and ignore them for future collections.\n\nThis can be used before a POSIX fork() call to make the gc copy-on-write friendly.\nNote: collection before a POSIX fork() call may free pages for future allocation\nwhich can cause copy-on-write."
gc	get_count	"Return a three-tuple of the current collection counts."
gc	get_debug	"Get the garbage collection debugging flags."
gc	get_freeze_count	"Return the number of objects in the permanent generation."
gc	get_objects	"Return a list of objects tracked by the collector (excluding the list returned).\n\n  generation\n    Generation to extract the objects from.\n\nIf generation is not None, return only the objects tracked by the collector\nthat are in that generation."
gc	get_referents	"Return the list of objects that are directly referred to by 'objs'."
gc	get_referrers	"Return the list of objects that directly refer to any of 'objs'."
gc	get_stats	"Return a list of dictionaries containing per-generation statistics."
gc	get_threshold	"Return the current collection thresholds."
gc	is_finalized	"Returns true if the object has been already finalized by the GC."
gc	is_tracked	"Returns true if the object is tracked by the garbage collector.\n\nSimple atomic objects will return false."
gc	isenabled	"Returns true if automatic garbage collection is enabled."
gc	set_debug	"Set the garbage collection debugging flags.\n\n  flags\n    An integer that can have the following bits turned on:\n      DEBUG_STATS - Print statistics during collection.\n      DEBUG_COLLECTABLE - Print collectable objects found.\n      DEBUG_UNCOLLECTABLE - Print unreachable but uncollectable objects\n        found.\n      DEBUG_SAVEALL - Save objects to gc.garbage rather than freeing them.\n      DEBUG_LEAK - Debug leaking programs (everything but STATS).\n\nDebugging information is written to sys.stderr."
gc	set_threshold	"set_threshold(threshold0, [threshold1, [threshold2]])\nSet the collection thresholds (the collection frequency).\n\nSetting 'threshold0' to zero disables collection."
gc	unfreeze	"Unfreeze all objects in the permanent generation.\n\nPut all objects in the permanent generation back into oldest generation."
getopt	error	null
getpass	getpass	"Prompt for a password, with echo turned off.\n\nArgs:\n  prompt: Written on stream to ask for the input.  Default: 'Password: '\n  stream: A writable file object to display the prompt.  Defaults to\n          the tty.  If no tty is available defaults to sys.stderr.\nReturns:\n  The seKr3t input.\nRaises:\n  EOFError: If our input tty or stdin was closed.\n  GetPassWarning: When we were unable to turn echo off on the input.\n\nAlways restores terminal settings before returning.\n"
gettext	Catalog	null
glob	_Globber.add_slash	"Return a callable object that calls the given method on its operand.\nAfter f = methodcaller('name'), the call f(r) returns r.name().\nAfter g = methodcaller('name', 'date', foo=1), the call g(r) returns\nr.name('date', foo=1)."
glob	_Globber.lstat	"Return a callable object that calls the given method on its operand.\nAfter f = methodcaller('name'), the call f(r) returns r.name().\nAfter g = methodcaller('name', 'date', foo=1), the call g(r) returns\nr.name('date', foo=1)."
glob	_StringGlobber.concat_path	"Same as a + b."
glob	_StringGlobber.lstat	"Perform a stat system call on the given path, without following symbolic links.\n\nLike stat(), but do not follow symbolic links.\nEquivalent to stat(path, follow_symlinks=False)."
glob	_StringGlobber.parse_entry	"Return a callable object that fetches the given attribute(s) from its operand.\nAfter f = attrgetter('name'), the call f(r) returns r.name.\nAfter g = attrgetter('name', 'date'), the call g(r) returns (r.name, r.date).\nAfter h = attrgetter('name.first', 'name.last'), the call h(r) returns\n(r.name.first, r.name.last)."
glob	_StringGlobber.scandir	"Return an iterator of DirEntry objects for given path.\n\npath can be specified as either str, bytes, or a path-like object.  If path\nis bytes, the names of yielded DirEntry objects will also be bytes; in\nall other circumstances they will be str.\n\nIf path is None, uses the path='.'."
graphlib	_NodeInfo.node	null
graphlib	_NodeInfo.npredecessors	null
graphlib	_NodeInfo.successors	null
grp		"Access to the Unix group database.\n\nGroup entries are reported as 4-tuples containing the following fields\nfrom the group database, in order:\n\n  gr_name   - name of the group\n  gr_passwd - group password (encrypted); often empty\n  gr_gid    - numeric ID of the group\n  gr_mem    - list of members\n\nThe gid is an integer, name and password are strings.  (Note that most\nusers are not explicitly listed as members of the groups they are in\naccording to the password database.  Check both databases to get\ncomplete membership information.)"
grp	getgrall	"Return a list of all available group entries, in arbitrary order.\n\nAn entry whose name starts with '+' or '-' represents an instruction\nto use YP/NIS and may not be accessible via getgrnam or getgrgid."
grp	getgrgid	"Return the group database entry for the given numeric group ID.\n\nIf id is not valid, raise KeyError."
grp	getgrnam	"Return the group database entry for the given group name.\n\nIf name is not valid, raise KeyError."
grp	struct_group	"grp.struct_group: Results from getgr*() routines.\n\nThis object may be accessed either as a tuple of\n  (gr_name,gr_passwd,gr_gid,gr_mem)\nor via the object attributes as named in the above tuple.\n"
grp	struct_group.gr_gid	"group id"
grp	struct_group.gr_mem	"group members"
grp	struct_group.gr_name	"group name"
grp	struct_group.gr_passwd	"password"
heapq	_heapify_max	"Maxheap variant of heapify."
heapq	_heappop_max	"Maxheap variant of heappop."
heapq	_heapreplace_max	"Maxheap variant of heapreplace."
heapq	heapify	"Transform list into a heap, in-place, in O(len(heap)) time."
heapq	heappushpop	"Push item on the heap, then pop and return the smallest item from the heap.\n\nThe combined action runs more efficiently than heappush() followed by\na separate call to heappop()."
heapq	heapreplace	"Pop and return the current smallest value, and add the new item.\n\nThis is more efficient than heappop() followed by heappush(), and can be\nmore appropriate when using a fixed-size heap.  Note that the value\nreturned may be larger than item!  That constrains reasonable uses of\nthis routine unless written as part of a conditional replacement:\n\n    if item > heap[0]:\n        item = heapreplace(heap, item)"
_heapq		"Heap queue algorithm (a.k.a. priority queue).\n\nHeaps are arrays for which a[k] <= a[2*k+1] and a[k] <= a[2*k+2] for\nall k, counting elements from 0.  For the sake of comparison,\nnon-existing elements are considered to be infinite.  The interesting\nproperty of a heap is that a[0] is always its smallest element.\n\nUsage:\n\nheap = []            # creates an empty heap\nheappush(heap, item) # pushes a new item on the heap\nitem = heappop(heap) # pops the smallest item from the heap\nitem = heap[0]       # smallest item on the heap without popping it\nheapify(x)           # transforms list into a heap, in-place, in linear time\nitem = heapreplace(heap, item) # pops and returns smallest item, and adds\n                               # new item; the heap size is unchanged\n\nOur API differs from textbook heap algorithms as follows:\n\n- We use 0-based indexing.  This makes the relationship between the\n  index for a node and the indexes for its children slightly less\n  obvious, but is more suitable since Python uses 0-based indexing.\n\n- Our heappop() method returns the smallest item, not the largest.\n\nThese two make it possible to view the heap as a regular Python list\nwithout surprises: heap[0] is the smallest item, and heap.sort()\nmaintains the heap invariant!\n"
_heapq	_heapify_max	"Maxheap variant of heapify."
_heapq	_heappop_max	"Maxheap variant of heappop."
_heapq	_heapreplace_max	"Maxheap variant of heapreplace."
_heapq	heapify	"Transform list into a heap, in-place, in O(len(heap)) time."
_heapq	heappop	"Pop the smallest item off the heap, maintaining the heap invariant."
_heapq	heappush	"Push item onto heap, maintaining the heap invariant."
_heapq	heappushpop	"Push item on the heap, then pop and return the smallest item from the heap.\n\nThe combined action runs more efficiently than heappush() followed by\na separate call to heappop()."
_heapq	heapreplace	"Pop and return the current smallest value, and add the new item.\n\nThis is more efficient than heappop() followed by heappush(), and can be\nmore appropriate when using a fixed-size heap.  Note that the value\nreturned may be larger than item!  That constrains reasonable uses of\nthis routine unless written as part of a conditional replacement:\n\n    if item > heap[0]:\n        item = heapreplace(heap, item)"
hmac	HMAC._hmac	null
hmac	HMAC._inner	null
hmac	HMAC._outer	null
hmac	HMAC.block_size	null
hmac	HMAC.digest_size	null
hmac	compare_digest	"Return 'a == b'.\n\nThis function uses an approach designed to prevent\ntiming analysis, making it appropriate for cryptography.\n\na and b must both be of the same type: either str (ASCII only),\nor any bytes-like object.\n\nNote: If a and b are of different lengths, or if an error occurs,\na timing attack could theoretically reveal information about the\ntypes and lengths of a and b--but not their values."
html.parser	unescape	"\nConvert all named and numeric character references (e.g. &gt;, &#62;,\n&x3e;) in the string s to the corresponding unicode characters.\nThis function uses the rules defined by the HTML 5 standard\nfor both valid and invalid character references, and the list of\nHTML 5 named character references defined in html.entities.html5.\n"
http	HTTPMethod._generate_next_value_	"\nReturn the lower-cased version of the member name.\n"
http	HTTPMethod._member_type_	"str(object='') -> str\nstr(bytes_or_buffer[, encoding[, errors]]) -> str\n\nCreate a new string object from the given object. If encoding or\nerrors is specified, then the object must expose a data buffer\nthat will be decoded using the given encoding and error handler.\nOtherwise, returns the result of object.__str__() (if defined)\nor repr(object).\nencoding defaults to 'utf-8'.\nerrors defaults to 'strict'."
http	HTTPMethod._new_member_	null
http	HTTPMethod._value_repr_	"Return repr(self)."
http	HTTPStatus._generate_next_value_	"\nGenerate the next value when not given.\n\nname: the name of the member\nstart: the initial start value or None\ncount: the number of existing members\nlast_values: the list of values assigned\n"
http	HTTPStatus._member_type_	"int([x]) -> integer\nint(x, base=10) -> integer\n\nConvert a number or string to an integer, or return 0 if no arguments\nare given.  If x is a number, return x.__int__().  For floating-point\nnumbers, this truncates towards zero.\n\nIf x is not a number or if base is given, then x must be a string,\nbytes, or bytearray instance representing an integer literal in the\ngiven base.  The literal can be preceded by '+' or '-' and be surrounded\nby whitespace.  The base defaults to 10.  Valid bases are 0 and 2-36.\nBase 0 means to interpret the base from the string as an integer literal.\n>>> int('0b100', base=0)\n4"
http	HTTPStatus._new_member_	null
http	HTTPStatus._value_repr_	"Return repr(self)."
http	_simple_enum	"\nClass decorator that converts a normal class into an :class:`Enum`.  No\nsafety checks are done, and some advanced behavior (such as\n:func:`__init_subclass__`) is not available.  Enum creation can be faster\nusing :func:`_simple_enum`.\n\n    >>> from enum import Enum, _simple_enum\n    >>> @_simple_enum(Enum)\n    ... class Color:\n    ...     RED = auto()\n    ...     GREEN = auto()\n    ...     BLUE = auto()\n    >>> Color\n    <enum 'Color'>\n"
http.client	HTTPConnection.response_class	null
http.client	error	null
http.cookiejar	timegm	"Unrelated but handy function to calculate Unix timestamp from GMT."
http.cookies	BaseCookie._BaseCookie__parse_string	null
http.cookies	BaseCookie._BaseCookie__set	"Private method for setting a cookie's value"
http.cookies	_nulljoin	"Concatenate any number of strings.\n\nThe string whose method is called is inserted in between each given string.\nThe result is returned as a new string.\n\nExample: '.'.join(['ab', 'pq', 'rs']) -> 'ab.pq.rs'"
http.cookies	_semispacejoin	"Concatenate any number of strings.\n\nThe string whose method is called is inserted in between each given string.\nThe result is returned as a new string.\n\nExample: '.'.join(['ab', 'pq', 'rs']) -> 'ab.pq.rs'"
http.cookies	_spacejoin	"Concatenate any number of strings.\n\nThe string whose method is called is inserted in between each given string.\nThe result is returned as a new string.\n\nExample: '.'.join(['ab', 'pq', 'rs']) -> 'ab.pq.rs'"
http.server	BaseHTTPRequestHandler.MessageClass	null
_imp		"(Extremely) low-level import machinery bits as used by importlib."
_imp	_fix_co_filename	"Changes code.co_filename to specify the passed-in file path.\n\n  code\n    Code object to change.\n  path\n    File path to use."
_imp	_frozen_module_names	"Returns the list of available frozen modules."
_imp	_override_frozen_modules_for_tests	"(internal-only) Override PyConfig.use_frozen_modules.\n\n(-1: \"off\", 1: \"on\", 0: no override)\nSee frozen_modules() in Lib/test/support/import_helper.py."
_imp	_override_multi_interp_extensions_check	"(internal-only) Override PyInterpreterConfig.check_multi_interp_extensions.\n\n(-1: \"never\", 1: \"always\", 0: no override)"
_imp	acquire_lock	"Acquires the interpreter's import lock for the current thread.\n\nThis lock should be used by import hooks to ensure thread-safety when importing\nmodules. On platforms without threads, this function does nothing."
_imp	create_builtin	"Create an extension module."
_imp	create_dynamic	"Create an extension module."
_imp	exec_builtin	"Initialize a built-in module."
_imp	exec_dynamic	"Initialize an extension module."
_imp	extension_suffixes	"Returns the list of file suffixes used to identify extension modules."
_imp	find_frozen	"Return info about the corresponding frozen module (if there is one) or None.\n\nThe returned info (a 2-tuple):\n\n * data         the raw marshalled bytes\n * is_package   whether or not it is a package\n * origname     the originally frozen module's name, or None if not\n                a stdlib module (this will usually be the same as\n                the module's current name)"
_imp	get_frozen_object	"Create a code object for a frozen module."
_imp	init_frozen	"Initializes a frozen module."
_imp	is_builtin	"Returns True if the module name corresponds to a built-in module."
_imp	is_frozen	"Returns True if the module name corresponds to a frozen module."
_imp	is_frozen_package	"Returns True if the module name is of a frozen package."
_imp	lock_held	"Return True if the import lock is currently held, else False.\n\nOn platforms without threads, return False."
_imp	release_lock	"Release the interpreter's import lock.\n\nOn platforms without threads, this function does nothing."
_imp	source_hash	null
importlib	__import__	"Import a module.\n\nThe 'globals' argument is used to infer where the import is occurring from\nto handle relative imports. The 'locals' argument is ignored. The\n'fromlist' argument specifies what should exist as attributes on the module\nbeing imported (e.g. ``from module import <fromlist>``).  The 'level'\nargument represents the package location to import from in a relative\nimport (e.g. ``from ..pkg import mod`` would have a 'level' of 2).\n\n"
importlib	_pack_uint32	"Convert a 32-bit integer to little-endian."
importlib	_unpack_uint32	"Convert 4 bytes in little-endian to an integer."
importlib.abc	InspectLoader.exec_module	"Execute the module."
importlib.abc	InspectLoader.load_module	"This method is deprecated."
importlib.metadata	PathDistribution.read_text	"Attempt to load metadata file given by the name.\n\nPython distribution metadata is organized by blobs of text\ntypically represented as \"files\" in the metadata directory\n(e.g. package-1.0.dist-info). These files include things\nlike:\n\n- METADATA: The distribution metadata including fields\n  like Name and Version and Description.\n- entry_points.txt: A series of entry points as defined in\n  `the entry points spec <https://packaging.python.org/en/latest/specifications/entry-points/#file-format>`_.\n- RECORD: A record of files according to\n  `this recording spec <https://packaging.python.org/en/latest/specifications/recording-installed-packages/#the-record-file>`_.\n\nA package may provide any set of files, including those\nnot listed here or none at all.\n\n:param filename: The name of the file in the distribution info.\n:return: The text if found, otherwise None.\n"
importlib.metadata	always_iterable	"If *obj* is iterable, return an iterator over its items::\n\n    >>> obj = (1, 2, 3)\n    >>> list(always_iterable(obj))\n    [1, 2, 3]\n\nIf *obj* is not iterable, return a one-item iterable containing *obj*::\n\n    >>> obj = 1\n    >>> list(always_iterable(obj))\n    [1]\n\nIf *obj* is ``None``, return an empty iterable:\n\n    >>> obj = None\n    >>> list(always_iterable(None))\n    []\n\nBy default, binary and text strings are not considered iterable::\n\n    >>> obj = 'foo'\n    >>> list(always_iterable(obj))\n    ['foo']\n\nIf *base_type* is set, objects for which ``isinstance(obj, base_type)``\nreturns ``True`` won't be considered iterable.\n\n    >>> obj = {'a': 1}\n    >>> list(always_iterable(obj))  # Iterate over the dict's keys\n    ['a']\n    >>> list(always_iterable(obj, base_type=dict))  # Treat dicts as a unit\n    [{'a': 1}]\n\nSet *base_type* to ``None`` to avoid any special handling and treat objects\nPython considers iterable as iterable:\n\n    >>> obj = 'foo'\n    >>> list(always_iterable(obj, base_type=None))\n    ['f', 'o', 'o']\n"
importlib.metadata	cast	"Cast a value to a type.\n\nThis returns the value unchanged.  To the type checker this\nsignals that the return value has the designated type, but at\nruntime we intentionally don't check anything (we want this\nto be as fast as possible).\n"
importlib.metadata	import_module	"Import a module.\n\nThe 'package' argument is required when performing a relative import. It\nspecifies the package to use as the anchor point from which to resolve the\nrelative import to an absolute import.\n\n"
importlib.metadata	method_cache	"\nWrap lru_cache to support storing the cache data in the object instances.\n\nAbstracts the common paradigm where the method explicitly saves an\nunderscore-prefixed protected property on first call and returns that\nsubsequently.\n\n>>> class MyClass:\n...     calls = 0\n...\n...     @method_cache\n...     def method(self, value):\n...         self.calls += 1\n...         return value\n\n>>> a = MyClass()\n>>> a.method(3)\n3\n>>> for x in range(75):\n...     res = a.method(x)\n>>> a.calls\n75\n\nNote that the apparent behavior will be exactly like that of lru_cache\nexcept that the cache is stored on each instance, so values in one\ninstance will not flush values from another, and when an instance is\ndeleted, so are the cached values for that instance.\n\n>>> b = MyClass()\n>>> for x in range(35):\n...     res = b.method(x)\n>>> b.calls\n35\n>>> a.method(0)\n0\n>>> a.calls\n75\n\nNote that if method had been decorated with ``functools.lru_cache()``,\na.calls would have been 76 (due to the cached value of 0 having been\nflushed by the 'b' instance).\n\nClear the cache with ``.cache_clear()``\n\n>>> a.method.cache_clear()\n\nSame for a method that hasn't yet been called.\n\n>>> c = MyClass()\n>>> c.method.cache_clear()\n\nAnother cache wrapper may be supplied:\n\n>>> cache = functools.lru_cache(maxsize=2)\n>>> MyClass.method2 = method_cache(lambda self: 3, cache_wrapper=cache)\n>>> a = MyClass()\n>>> a.method2()\n3\n\nCaution - do not subsequently wrap the method with another decorator, such\nas ``@property``, which changes the semantics of the function.\n\nSee also\nhttp://code.activestate.com/recipes/577452-a-memoize-decorator-for-instance-methods/\nfor another implementation and additional justification.\n"
importlib.metadata	pass_none	"\nWrap func so it's not called if its first param is None\n\n>>> print_text = pass_none(print)\n>>> print_text('text')\ntext\n>>> print_text(None)\n"
importlib.metadata	starmap	"Return an iterator whose values are returned from the function evaluated with an argument tuple taken from the given sequence."
importlib.metadata	unique_everseen	"List unique elements, preserving order. Remember all elements ever seen."
importlib.metadata._meta	PackageMetadata.get	"Helper for @overload to raise when called."
importlib.metadata._meta	PackageMetadata.get_all	"Helper for @overload to raise when called."
importlib.metadata._meta	overload	"Decorator for overloaded functions/methods.\n\nIn a stub file, place two or more stub definitions for the same\nfunction in a row, each decorated with @overload.\n\nFor example::\n\n    @overload\n    def utf8(value: None) -> None: ...\n    @overload\n    def utf8(value: bytes) -> bytes: ...\n    @overload\n    def utf8(value: str) -> bytes: ...\n\nIn a non-stub file (i.e. a regular .py file), do the same but\nfollow it with an implementation.  The implementation should *not*\nbe decorated with @overload::\n\n    @overload\n    def utf8(value: None) -> None: ...\n    @overload\n    def utf8(value: bytes) -> bytes: ...\n    @overload\n    def utf8(value: str) -> bytes: ...\n    def utf8(value):\n        ...  # implementation goes here\n\nThe overloads for a function can be retrieved at runtime using the\nget_overloads() function.\n"
importlib.metadata._text	method_cache	"\nWrap lru_cache to support storing the cache data in the object instances.\n\nAbstracts the common paradigm where the method explicitly saves an\nunderscore-prefixed protected property on first call and returns that\nsubsequently.\n\n>>> class MyClass:\n...     calls = 0\n...\n...     @method_cache\n...     def method(self, value):\n...         self.calls += 1\n...         return value\n\n>>> a = MyClass()\n>>> a.method(3)\n3\n>>> for x in range(75):\n...     res = a.method(x)\n>>> a.calls\n75\n\nNote that the apparent behavior will be exactly like that of lru_cache\nexcept that the cache is stored on each instance, so values in one\ninstance will not flush values from another, and when an instance is\ndeleted, so are the cached values for that instance.\n\n>>> b = MyClass()\n>>> for x in range(35):\n...     res = b.method(x)\n>>> b.calls\n35\n>>> a.method(0)\n0\n>>> a.calls\n75\n\nNote that if method had been decorated with ``functools.lru_cache()``,\na.calls would have been 76 (due to the cached value of 0 having been\nflushed by the 'b' instance).\n\nClear the cache with ``.cache_clear()``\n\n>>> a.method.cache_clear()\n\nSame for a method that hasn't yet been called.\n\n>>> c = MyClass()\n>>> c.method.cache_clear()\n\nAnother cache wrapper may be supplied:\n\n>>> cache = functools.lru_cache(maxsize=2)\n>>> MyClass.method2 = method_cache(lambda self: 3, cache_wrapper=cache)\n>>> a = MyClass()\n>>> a.method2()\n3\n\nCaution - do not subsequently wrap the method with another decorator, such\nas ``@property``, which changes the semantics of the function.\n\nSee also\nhttp://code.activestate.com/recipes/577452-a-memoize-decorator-for-instance-methods/\nfor another implementation and additional justification.\n"
importlib.resources	as_file	"\nGiven a Traversable object, return that object as a\npath on the local file system in a context manager.\n"
importlib.resources	contents	"Return an iterable over the named resources within the package.\n\nThe iterable returns :class:`str` resources (e.g. files).\nThe iterable does not recurse into subdirectories.\n"
importlib.resources	files	"\nGet a Traversable resource for an anchor.\n"
importlib.resources	is_resource	"Return ``True`` if there is a resource named *name* in the package,\n\nOtherwise returns ``False``.\n"
importlib.resources	open_binary	"Open for binary reading the *resource* within *package*."
importlib.resources	open_text	"Open for text reading the *resource* within *package*."
importlib.resources	path	"Return the path to the *resource* as an actual file system path."
importlib.resources	read_binary	"Read and return contents of *resource* within *package* as bytes."
importlib.resources	read_text	"Read and return contents of *resource* within *package* as str."
importlib.util	LazyLoader._LazyLoader__check_eager_loader	null
importlib.util	_find_spec	"Find a module's spec."
importlib.util	_resolve_name	"Resolve a relative module name to an absolute one."
importlib.util	cache_from_source	"Given the path to a .py file, return the path to its .pyc file.\n\nThe .py file does not need to exist; this simply returns the path to the\n.pyc file calculated as if the .py file were imported.\n\nThe 'optimization' parameter controls the presumed optimization level of\nthe bytecode file. If 'optimization' is not None, the string representation\nof the argument is taken and verified to be alphanumeric (else ValueError\nis raised).\n\nThe debug_override parameter is deprecated. If debug_override is not None,\na True value is the same as setting 'optimization' to the empty string\nwhile a False value is equivalent to setting 'optimization' to '1'.\n\nIf sys.implementation.cache_tag is None then NotImplementedError is raised.\n\n"
importlib.util	decode_source	"Decode bytes representing source code and return the string.\n\nUniversal newline support is used in the decoding.\n"
importlib.util	module_from_spec	"Create a module based on the provided spec."
importlib.util	source_from_cache	"Given the path to a .pyc. file, return the path to its .py file.\n\nThe .pyc file does not need to exist; this simply returns the path to\nthe .py file calculated to correspond to the .pyc file.  If path does\nnot conform to PEP 3147/488 format, ValueError will be raised. If\nsys.implementation.cache_tag is None then NotImplementedError is raised.\n\n"
importlib.util	spec_from_file_location	"Return a module spec based on a file location.\n\nTo indicate that the module is a package, set\nsubmodule_search_locations to a list of directory paths.  An\nempty list is sufficient, though its not otherwise useful to the\nimport system.\n\nThe loader must take a spec as its only __init__() arg.\n\n"
importlib.util	spec_from_loader	"Return a module spec based on various loader methods."
inspect	ArgInfo	"ArgInfo(args, varargs, keywords, locals)"
inspect	ArgInfo._asdict	"Return a new dict which maps field names to their values."
inspect	ArgInfo._make	null
inspect	ArgInfo._replace	"Return a new ArgInfo object replacing specified fields with new values"
inspect	Arguments	"Arguments(args, varargs, varkw)"
inspect	Arguments._asdict	"Return a new dict which maps field names to their values."
inspect	Arguments._make	null
inspect	Arguments._replace	"Return a new Arguments object replacing specified fields with new values"
inspect	Attribute	"Attribute(name, kind, defining_class, object)"
inspect	Attribute._asdict	"Return a new dict which maps field names to their values."
inspect	Attribute._make	null
inspect	Attribute._replace	"Return a new Attribute object replacing specified fields with new values"
inspect	BoundArguments._signature	null
inspect	BoundArguments.arguments	null
inspect	BufferFlags._generate_next_value_	"\nGenerate the next value when not given.\n\nname: the name of the member\nstart: the initial start value or None\ncount: the number of existing members\nlast_values: the last value assigned or None\n"
inspect	BufferFlags._member_type_	"int([x]) -> integer\nint(x, base=10) -> integer\n\nConvert a number or string to an integer, or return 0 if no arguments\nare given.  If x is a number, return x.__int__().  For floating-point\nnumbers, this truncates towards zero.\n\nIf x is not a number or if base is given, then x must be a string,\nbytes, or bytearray instance representing an integer literal in the\ngiven base.  The literal can be preceded by '+' or '-' and be surrounded\nby whitespace.  The base defaults to 10.  Valid bases are 0 and 2-36.\nBase 0 means to interpret the base from the string as an integer literal.\n>>> int('0b100', base=0)\n4"
inspect	BufferFlags._new_member_	"Create and return a new object.  See help(type) for accurate signature."
inspect	BufferFlags._value_repr_	"Return repr(self)."
inspect	ClosureVars	"ClosureVars(nonlocals, globals, builtins, unbound)"
inspect	ClosureVars._asdict	"Return a new dict which maps field names to their values."
inspect	ClosureVars._make	null
inspect	ClosureVars._replace	"Return a new ClosureVars object replacing specified fields with new values"
inspect	FullArgSpec	"FullArgSpec(args, varargs, varkw, defaults, kwonlyargs, kwonlydefaults, annotations)"
inspect	FullArgSpec._asdict	"Return a new dict which maps field names to their values."
inspect	FullArgSpec._make	null
inspect	FullArgSpec._replace	"Return a new FullArgSpec object replacing specified fields with new values"
inspect	Parameter._annotation	null
inspect	Parameter._default	null
inspect	Parameter._kind	null
inspect	Parameter._name	null
inspect	Parameter.empty	"Marker object for Signature.empty and Parameter.empty."
inspect	Signature._bound_arguments_cls	"Result of `Signature.bind` call.  Holds the mapping of arguments\nto the function's parameters.\n\nHas the following public attributes:\n\n* arguments : dict\n    An ordered mutable mapping of parameters' names to arguments' values.\n    Does not contain arguments' default values.\n* signature : Signature\n    The Signature object that created this instance.\n* args : tuple\n    Tuple of positional arguments values.\n* kwargs : dict\n    Dict of keyword arguments values.\n"
inspect	Signature._parameter_cls	"Represents a parameter in a function signature.\n\nHas the following public attributes:\n\n* name : str\n    The name of the parameter as a string.\n* default : object\n    The default value for the parameter if specified.  If the\n    parameter has no default value, this attribute is set to\n    `Parameter.empty`.\n* annotation\n    The annotation for the parameter if specified.  If the\n    parameter has no annotation, this attribute is set to\n    `Parameter.empty`.\n* kind : str\n    Describes how argument values are bound to the parameter.\n    Possible values: `Parameter.POSITIONAL_ONLY`,\n    `Parameter.POSITIONAL_OR_KEYWORD`, `Parameter.VAR_POSITIONAL`,\n    `Parameter.KEYWORD_ONLY`, `Parameter.VAR_KEYWORD`.\n"
inspect	Signature._parameters	null
inspect	Signature._return_annotation	null
inspect	Signature.empty	"Marker object for Signature.empty and Parameter.empty."
inspect	_FrameInfo	"_FrameInfo(frame, filename, lineno, function, code_context, index)"
inspect	_FrameInfo._asdict	"Return a new dict which maps field names to their values."
inspect	_FrameInfo._make	null
inspect	_FrameInfo._replace	"Return a new _FrameInfo object replacing specified fields with new values"
inspect	_ParameterKind._generate_next_value_	"\nGenerate the next value when not given.\n\nname: the name of the member\nstart: the initial start value or None\ncount: the number of existing members\nlast_values: the list of values assigned\n"
inspect	_ParameterKind._member_type_	"int([x]) -> integer\nint(x, base=10) -> integer\n\nConvert a number or string to an integer, or return 0 if no arguments\nare given.  If x is a number, return x.__int__().  For floating-point\nnumbers, this truncates towards zero.\n\nIf x is not a number or if base is given, then x must be a string,\nbytes, or bytearray instance representing an integer literal in the\ngiven base.  The literal can be preceded by '+' or '-' and be surrounded\nby whitespace.  The base defaults to 10.  Valid bases are 0 and 2-36.\nBase 0 means to interpret the base from the string as an integer literal.\n>>> int('0b100', base=0)\n4"
inspect	_ParameterKind._new_member_	null
inspect	_ParameterKind._value_repr_	"Return repr(self)."
inspect	_Traceback	"_Traceback(filename, lineno, function, code_context, index)"
inspect	_Traceback._asdict	"Return a new dict which maps field names to their values."
inspect	_Traceback._make	null
inspect	_Traceback._replace	"Return a new _Traceback object replacing specified fields with new values"
inspect	iskeyword	"x.__contains__(y) <==> y in x."
inspect	namedtuple	"Returns a new subclass of tuple with named fields.\n\n>>> Point = namedtuple('Point', ['x', 'y'])\n>>> Point.__doc__                   # docstring for the new class\n'Point(x, y)'\n>>> p = Point(11, y=22)             # instantiate with positional args or keywords\n>>> p[0] + p[1]                     # indexable like a plain tuple\n33\n>>> x, y = p                        # unpack like a regular tuple\n>>> x, y\n(11, 22)\n>>> p.x + p.y                       # fields also accessible by name\n33\n>>> d = p._asdict()                 # convert to a dictionary\n>>> d['x']\n11\n>>> Point(**d)                      # convert from a dictionary\nPoint(x=11, y=22)\n>>> p._replace(x=100)               # _replace() is like str.replace() but targets named fields\nPoint(x=100, y=22)\n\n"
io	BufferedIOBase	"Base class for buffered IO objects.\n\nThe main difference with RawIOBase is that the read() method\nsupports omitting the size argument, and does not have a default\nimplementation that defers to readinto().\n\nIn addition, read(), readinto() and write() may raise\nBlockingIOError if the underlying raw stream is in non-blocking\nmode and not ready; unlike their raw counterparts, they will never\nreturn None.\n\nA typical implementation should not inherit from a RawIOBase\nimplementation, but wrap one.\n"
io	BufferedRWPair	"A buffered reader and writer object together.\n\nA buffered reader object and buffered writer object put together to\nform a sequential IO object that can read and write. This is typically\nused with a socket or two-way pipe.\n\nreader and writer are RawIOBase objects that are readable and\nwriteable respectively. If the buffer_size is omitted it defaults to\nDEFAULT_BUFFER_SIZE."
io	BufferedRWPair.close	null
io	BufferedRWPair.closed	null
io	BufferedRWPair.flush	null
io	BufferedRWPair.isatty	null
io	BufferedRWPair.peek	null
io	BufferedRWPair.read	null
io	BufferedRWPair.read1	null
io	BufferedRWPair.readable	null
io	BufferedRWPair.readinto	null
io	BufferedRWPair.readinto1	null
io	BufferedRWPair.writable	null
io	BufferedRWPair.write	null
io	BufferedRandom	"A buffered interface to random access streams.\n\nThe constructor creates a reader and writer for a seekable stream,\nraw, given in the first argument. If the buffer_size is omitted it\ndefaults to DEFAULT_BUFFER_SIZE."
io	BufferedRandom._dealloc_warn	null
io	BufferedRandom._finalizing	null
io	BufferedRandom.close	null
io	BufferedRandom.closed	null
io	BufferedRandom.detach	null
io	BufferedRandom.fileno	null
io	BufferedRandom.flush	null
io	BufferedRandom.isatty	null
io	BufferedRandom.mode	null
io	BufferedRandom.name	null
io	BufferedRandom.peek	null
io	BufferedRandom.raw	null
io	BufferedRandom.read	null
io	BufferedRandom.read1	null
io	BufferedRandom.readable	null
io	BufferedRandom.readinto	null
io	BufferedRandom.readinto1	null
io	BufferedRandom.readline	null
io	BufferedRandom.seek	null
io	BufferedRandom.seekable	null
io	BufferedRandom.tell	null
io	BufferedRandom.truncate	null
io	BufferedRandom.writable	null
io	BufferedRandom.write	null
io	BufferedReader	"Create a new buffered reader using the given readable raw IO object."
io	BufferedReader._dealloc_warn	null
io	BufferedReader._finalizing	null
io	BufferedReader.close	null
io	BufferedReader.closed	null
io	BufferedReader.detach	null
io	BufferedReader.fileno	null
io	BufferedReader.flush	null
io	BufferedReader.isatty	null
io	BufferedReader.mode	null
io	BufferedReader.name	null
io	BufferedReader.peek	null
io	BufferedReader.raw	null
io	BufferedReader.read	null
io	BufferedReader.read1	null
io	BufferedReader.readable	null
io	BufferedReader.readinto	null
io	BufferedReader.readinto1	null
io	BufferedReader.readline	null
io	BufferedReader.seek	null
io	BufferedReader.seekable	null
io	BufferedReader.tell	null
io	BufferedReader.truncate	null
io	BufferedWriter	"A buffer for a writeable sequential RawIO object.\n\nThe constructor creates a BufferedWriter for the given writeable raw\nstream. If the buffer_size is not given, it defaults to\nDEFAULT_BUFFER_SIZE."
io	BufferedWriter._dealloc_warn	null
io	BufferedWriter._finalizing	null
io	BufferedWriter.close	null
io	BufferedWriter.closed	null
io	BufferedWriter.detach	null
io	BufferedWriter.fileno	null
io	BufferedWriter.flush	null
io	BufferedWriter.isatty	null
io	BufferedWriter.mode	null
io	BufferedWriter.name	null
io	BufferedWriter.raw	null
io	BufferedWriter.seek	null
io	BufferedWriter.seekable	null
io	BufferedWriter.tell	null
io	BufferedWriter.truncate	null
io	BufferedWriter.writable	null
io	BufferedWriter.write	null
io	BytesIO	"Buffered I/O implementation using an in-memory bytes buffer."
io	BytesIO.close	"Disable all I/O operations."
io	BytesIO.closed	"True if the file is closed."
io	BytesIO.flush	"Does nothing."
io	BytesIO.getbuffer	"Get a read-write view over the contents of the BytesIO object."
io	BytesIO.getvalue	"Retrieve the entire contents of the BytesIO object."
io	BytesIO.isatty	"Always returns False.\n\nBytesIO objects are not connected to a TTY-like device."
io	BytesIO.read	"Read at most size bytes, returned as a bytes object.\n\nIf the size argument is negative, read until EOF is reached.\nReturn an empty bytes object at EOF."
io	BytesIO.read1	"Read at most size bytes, returned as a bytes object.\n\nIf the size argument is negative or omitted, read until EOF is reached.\nReturn an empty bytes object at EOF."
io	BytesIO.readable	"Returns True if the IO object can be read."
io	BytesIO.readinto	"Read bytes into buffer.\n\nReturns number of bytes read (0 for EOF), or None if the object\nis set not to block and has no data to read."
io	BytesIO.readline	"Next line from the file, as a bytes object.\n\nRetain newline.  A non-negative size argument limits the maximum\nnumber of bytes to return (an incomplete line may be returned then).\nReturn an empty bytes object at EOF."
io	BytesIO.readlines	"List of bytes objects, each a line from the file.\n\nCall readline() repeatedly and return a list of the lines so read.\nThe optional size argument, if given, is an approximate bound on the\ntotal number of bytes in the lines returned."
io	BytesIO.seek	"Change stream position.\n\nSeek to byte offset pos relative to position indicated by whence:\n     0  Start of stream (the default).  pos should be >= 0;\n     1  Current position - pos may be negative;\n     2  End of stream - pos usually negative.\nReturns the new absolute position."
io	BytesIO.seekable	"Returns True if the IO object can be seeked."
io	BytesIO.tell	"Current file position, an integer."
io	BytesIO.truncate	"Truncate the file to at most size bytes.\n\nSize defaults to the current file position, as returned by tell().\nThe current file position is unchanged.  Returns the new size."
io	BytesIO.writable	"Returns True if the IO object can be written."
io	BytesIO.write	"Write bytes to file.\n\nReturn the number of bytes written."
io	BytesIO.writelines	"Write lines to the file.\n\nNote that newlines are not added.  lines can be any iterable object\nproducing bytes-like objects. This is equivalent to calling write() for\neach element."
io	FileIO	"Open a file.\n\nThe mode can be 'r' (default), 'w', 'x' or 'a' for reading,\nwriting, exclusive creation or appending.  The file will be created if it\ndoesn't exist when opened for writing or appending; it will be truncated\nwhen opened for writing.  A FileExistsError will be raised if it already\nexists when opened for creating. Opening a file for creating implies\nwriting so this mode behaves in a similar way to 'w'.Add a '+' to the mode\nto allow simultaneous reading and writing. A custom opener can be used by\npassing a callable as *opener*. The underlying file descriptor for the file\nobject is then obtained by calling opener with (*name*, *flags*).\n*opener* must return an open file descriptor (passing os.open as *opener*\nresults in functionality similar to passing None)."
io	FileIO._blksize	null
io	FileIO._dealloc_warn	null
io	FileIO._finalizing	null
io	FileIO.close	"Close the file.\n\nA closed file cannot be used for further I/O operations.  close() may be\ncalled more than once without error."
io	FileIO.closed	"True if the file is closed"
io	FileIO.closefd	"True if the file descriptor will be closed by close()."
io	FileIO.fileno	"Return the underlying file descriptor (an integer)."
io	FileIO.isatty	"True if the file is connected to a TTY device."
io	FileIO.mode	"String giving the file mode"
io	FileIO.read	"Read at most size bytes, returned as bytes.\n\nOnly makes one system call, so less data may be returned than requested.\nIn non-blocking mode, returns None if no data is available.\nReturn an empty bytes object at EOF."
io	FileIO.readable	"True if file was opened in a read mode."
io	FileIO.readall	"Read all data from the file, returned as bytes.\n\nIn non-blocking mode, returns as much as is immediately available,\nor None if no data is available.  Return an empty bytes object at EOF."
io	FileIO.readinto	"Same as RawIOBase.readinto()."
io	FileIO.seek	"Move to new file position and return the file position.\n\nArgument offset is a byte count.  Optional argument whence defaults to\nSEEK_SET or 0 (offset from start of file, offset should be >= 0); other values\nare SEEK_CUR or 1 (move relative to current position, positive or negative),\nand SEEK_END or 2 (move relative to end of file, usually negative, although\nmany platforms allow seeking beyond the end of a file).\n\nNote that not all file objects are seekable."
io	FileIO.seekable	"True if file supports random-access."
io	FileIO.tell	"Current file position.\n\nCan raise OSError for non seekable files."
io	FileIO.truncate	"Truncate the file to at most size bytes and return the truncated size.\n\nSize defaults to the current file position, as returned by tell().\nThe current file position is changed to the value of size."
io	FileIO.writable	"True if file was opened in a write mode."
io	FileIO.write	"Write buffer b to file, return number of bytes written.\n\nOnly makes one system call, so not all of the data may be written.\nThe number of bytes actually written is returned.  In non-blocking mode,\nreturns None if the write would block."
io	IOBase	"The abstract base class for all I/O classes.\n\nThis class provides dummy implementations for many methods that\nderived classes can override selectively; the default implementations\nrepresent a file that cannot be read, written or seeked.\n\nEven though IOBase does not declare read, readinto, or write because\ntheir signatures will vary, implementations and clients should\nconsider those methods part of the interface. Also, implementations\nmay raise UnsupportedOperation when operations they do not support are\ncalled.\n\nThe basic type used for binary data read from or written to a file is\nbytes. Other bytes-like objects are accepted as method arguments too.\nIn some cases (such as readinto), a writable object is required. Text\nI/O classes work with str data.\n\nNote that calling any method (except additional calls to close(),\nwhich are ignored) on a closed stream should raise a ValueError.\n\nIOBase (and its subclasses) support the iterator protocol, meaning\nthat an IOBase object can be iterated over yielding the lines in a\nstream.\n\nIOBase also supports the :keyword:`with` statement. In this example,\nfp is closed after the suite of the with statement is complete:\n\nwith open('spam.txt', 'r') as fp:\n    fp.write('Spam and eggs!')\n"
io	IncrementalNewlineDecoder	"Codec used when reading a file in universal newlines mode.\n\nIt wraps another incremental decoder, translating \\r\\n and \\r into \\n.\nIt also records the types of newlines encountered.  When used with\ntranslate=False, it ensures that the newline sequence is returned in\none piece. When used with decoder=None, it expects unicode strings as\ndecode input and translates newlines without first invoking an external\ndecoder."
io	IncrementalNewlineDecoder.decode	null
io	IncrementalNewlineDecoder.getstate	null
io	IncrementalNewlineDecoder.newlines	null
io	IncrementalNewlineDecoder.reset	null
io	IncrementalNewlineDecoder.setstate	null
io	RawIOBase	"Base class for raw binary I/O."
io	StringIO	"Text I/O implementation using an in-memory buffer.\n\nThe initial_value argument sets the value of object.  The newline\nargument is like the one of TextIOWrapper's constructor."
io	StringIO.close	"Close the IO object.\n\nAttempting any further operation after the object is closed\nwill raise a ValueError.\n\nThis method has no effect if the file is already closed."
io	StringIO.closed	null
io	StringIO.getvalue	"Retrieve the entire contents of the object."
io	StringIO.line_buffering	null
io	StringIO.newlines	null
io	StringIO.read	"Read at most size characters, returned as a string.\n\nIf the argument is negative or omitted, read until EOF\nis reached. Return an empty string at EOF."
io	StringIO.readable	"Returns True if the IO object can be read."
io	StringIO.readline	"Read until newline or EOF.\n\nReturns an empty string if EOF is hit immediately."
io	StringIO.seek	"Change stream position.\n\nSeek to character offset pos relative to position indicated by whence:\n    0  Start of stream (the default).  pos should be >= 0;\n    1  Current position - pos must be 0;\n    2  End of stream - pos must be 0.\nReturns the new absolute position."
io	StringIO.seekable	"Returns True if the IO object can be seeked."
io	StringIO.tell	"Tell the current file position."
io	StringIO.truncate	"Truncate size to pos.\n\nThe pos argument defaults to the current file position, as\nreturned by tell().  The current file position is unchanged.\nReturns the new absolute position."
io	StringIO.writable	"Returns True if the IO object can be written."
io	StringIO.write	"Write string to file.\n\nReturns the number of characters written, which is always equal to\nthe length of the string."
io	TextIOBase	"Base class for text I/O.\n\nThis class provides a character and line based interface to stream\nI/O. There is no readinto method because Python's character strings\nare immutable.\n"
io	TextIOWrapper	"Character and line based layer over a BufferedIOBase object, buffer.\n\nencoding gives the name of the encoding that the stream will be\ndecoded or encoded with. It defaults to locale.getencoding().\n\nerrors determines the strictness of encoding and decoding (see\nhelp(codecs.Codec) or the documentation for codecs.register) and\ndefaults to \"strict\".\n\nnewline controls how line endings are handled. It can be None, '',\n'\\n', '\\r', and '\\r\\n'.  It works as follows:\n\n* On input, if newline is None, universal newlines mode is\n  enabled. Lines in the input can end in '\\n', '\\r', or '\\r\\n', and\n  these are translated into '\\n' before being returned to the\n  caller. If it is '', universal newline mode is enabled, but line\n  endings are returned to the caller untranslated. If it has any of\n  the other legal values, input lines are only terminated by the given\n  string, and the line ending is returned to the caller untranslated.\n\n* On output, if newline is None, any '\\n' characters written are\n  translated to the system default line separator, os.linesep. If\n  newline is '' or '\\n', no translation takes place. If newline is any\n  of the other legal values, any '\\n' characters written are translated\n  to the given string.\n\nIf line_buffering is True, a call to flush is implied when a call to\nwrite contains a newline character."
io	TextIOWrapper._CHUNK_SIZE	null
io	TextIOWrapper._finalizing	null
io	TextIOWrapper.buffer	null
io	TextIOWrapper.close	null
io	TextIOWrapper.closed	null
io	TextIOWrapper.detach	null
io	TextIOWrapper.encoding	null
io	TextIOWrapper.errors	null
io	TextIOWrapper.fileno	null
io	TextIOWrapper.flush	null
io	TextIOWrapper.isatty	null
io	TextIOWrapper.line_buffering	null
io	TextIOWrapper.name	null
io	TextIOWrapper.newlines	null
io	TextIOWrapper.read	null
io	TextIOWrapper.readable	null
io	TextIOWrapper.readline	null
io	TextIOWrapper.reconfigure	"Reconfigure the text stream with new parameters.\n\nThis also does an implicit stream flush."
io	TextIOWrapper.seek	"Set the stream position, and return the new stream position.\n\n  cookie\n    Zero or an opaque number returned by tell().\n  whence\n    The relative position to seek from.\n\nFour operations are supported, given by the following argument\ncombinations:\n\n- seek(0, SEEK_SET): Rewind to the start of the stream.\n- seek(cookie, SEEK_SET): Restore a previous position;\n  'cookie' must be a number returned by tell().\n- seek(0, SEEK_END): Fast-forward to the end of the stream.\n- seek(0, SEEK_CUR): Leave the current stream position unchanged.\n\nAny other argument combinations are invalid,\nand may raise exceptions."
io	TextIOWrapper.seekable	null
io	TextIOWrapper.tell	"Return the stream position as an opaque number.\n\nThe return value of tell() can be given as input to seek(), to restore a\nprevious stream position."
io	TextIOWrapper.truncate	null
io	TextIOWrapper.writable	null
io	TextIOWrapper.write	null
io	TextIOWrapper.write_through	null
io	UnsupportedOperation	null
io	open	"Open file and return a stream.  Raise OSError upon failure.\n\nfile is either a text or byte string giving the name (and the path\nif the file isn't in the current working directory) of the file to\nbe opened or an integer file descriptor of the file to be\nwrapped. (If a file descriptor is given, it is closed when the\nreturned I/O object is closed, unless closefd is set to False.)\n\nmode is an optional string that specifies the mode in which the file\nis opened. It defaults to 'r' which means open for reading in text\nmode.  Other common values are 'w' for writing (truncating the file if\nit already exists), 'x' for creating and writing to a new file, and\n'a' for appending (which on some Unix systems, means that all writes\nappend to the end of the file regardless of the current seek position).\nIn text mode, if encoding is not specified the encoding used is platform\ndependent: locale.getencoding() is called to get the current locale encoding.\n(For reading and writing raw bytes use binary mode and leave encoding\nunspecified.) The available modes are:\n\n========= ===============================================================\nCharacter Meaning\n--------- ---------------------------------------------------------------\n'r'       open for reading (default)\n'w'       open for writing, truncating the file first\n'x'       create a new file and open it for writing\n'a'       open for writing, appending to the end of the file if it exists\n'b'       binary mode\n't'       text mode (default)\n'+'       open a disk file for updating (reading and writing)\n========= ===============================================================\n\nThe default mode is 'rt' (open for reading text). For binary random\naccess, the mode 'w+b' opens and truncates the file to 0 bytes, while\n'r+b' opens the file without truncation. The 'x' mode implies 'w' and\nraises an `FileExistsError` if the file already exists.\n\nPython distinguishes between files opened in binary and text modes,\neven when the underlying operating system doesn't. Files opened in\nbinary mode (appending 'b' to the mode argument) return contents as\nbytes objects without any decoding. In text mode (the default, or when\n't' is appended to the mode argument), the contents of the file are\nreturned as strings, the bytes having been first decoded using a\nplatform-dependent encoding or using the specified encoding if given.\n\nbuffering is an optional integer used to set the buffering policy.\nPass 0 to switch buffering off (only allowed in binary mode), 1 to select\nline buffering (only usable in text mode), and an integer > 1 to indicate\nthe size of a fixed-size chunk buffer.  When no buffering argument is\ngiven, the default buffering policy works as follows:\n\n* Binary files are buffered in fixed-size chunks; the size of the buffer\n  is chosen using a heuristic trying to determine the underlying device's\n  \"block size\" and falling back on `io.DEFAULT_BUFFER_SIZE`.\n  On many systems, the buffer will typically be 4096 or 8192 bytes long.\n\n* \"Interactive\" text files (files for which isatty() returns True)\n  use line buffering.  Other text files use the policy described above\n  for binary files.\n\nencoding is the name of the encoding used to decode or encode the\nfile. This should only be used in text mode. The default encoding is\nplatform dependent, but any encoding supported by Python can be\npassed.  See the codecs module for the list of supported encodings.\n\nerrors is an optional string that specifies how encoding errors are to\nbe handled---this argument should not be used in binary mode. Pass\n'strict' to raise a ValueError exception if there is an encoding error\n(the default of None has the same effect), or pass 'ignore' to ignore\nerrors. (Note that ignoring encoding errors can lead to data loss.)\nSee the documentation for codecs.register or run 'help(codecs.Codec)'\nfor a list of the permitted encoding error strings.\n\nnewline controls how universal newlines works (it only applies to text\nmode). It can be None, '', '\\n', '\\r', and '\\r\\n'.  It works as\nfollows:\n\n* On input, if newline is None, universal newlines mode is\n  enabled. Lines in the input can end in '\\n', '\\r', or '\\r\\n', and\n  these are translated into '\\n' before being returned to the\n  caller. If it is '', universal newline mode is enabled, but line\n  endings are returned to the caller untranslated. If it has any of\n  the other legal values, input lines are only terminated by the given\n  string, and the line ending is returned to the caller untranslated.\n\n* On output, if newline is None, any '\\n' characters written are\n  translated to the system default line separator, os.linesep. If\n  newline is '' or '\\n', no translation takes place. If newline is any\n  of the other legal values, any '\\n' characters written are translated\n  to the given string.\n\nIf closefd is False, the underlying file descriptor will be kept open\nwhen the file is closed. This does not work when a file name is given\nand must be True in that case.\n\nA custom opener can be used by passing a callable as *opener*. The\nunderlying file descriptor for the file object is then obtained by\ncalling *opener* with (*file*, *flags*). *opener* must return an open\nfile descriptor (passing os.open as *opener* results in functionality\nsimilar to passing None).\n\nopen() returns a file object whose type depends on the mode, and\nthrough which the standard file operations such as reading and writing\nare performed. When open() is used to open a file in a text mode ('w',\n'r', 'wt', 'rt', etc.), it returns a TextIOWrapper. When used to open\na file in a binary mode, the returned class varies: in read binary\nmode, it returns a BufferedReader; in write binary and append binary\nmodes, it returns a BufferedWriter, and in read/write mode, it returns\na BufferedRandom.\n\nIt is also possible to use a string or bytearray as a file for both\nreading and writing. For strings StringIO can be used like a file\nopened in a text mode, and for bytes a BytesIO can be used like a file\nopened in a binary mode."
io	open_code	"Opens the provided file with the intent to import the contents.\n\nThis may perform extra validation beyond open(), but is otherwise interchangeable\nwith calling open(path, 'rb')."
io	text_encoding	"A helper function to choose the text encoding.\n\nWhen encoding is not None, this function returns it.\nOtherwise, this function returns the default text encoding\n(i.e. \"locale\" or \"utf-8\" depends on UTF-8 mode).\n\nThis function emits an EncodingWarning if encoding is None and\nsys.flags.warn_default_encoding is true.\n\nThis can be used in APIs with an encoding=None parameter.\nHowever, please consider using encoding=\"utf-8\" for new APIs."
_io		"The io module provides the Python interfaces to stream handling. The\nbuiltin open function is defined in this module.\n\nAt the top of the I/O hierarchy is the abstract base class IOBase. It\ndefines the basic interface to a stream. Note, however, that there is no\nseparation between reading and writing to streams; implementations are\nallowed to raise an OSError if they do not support a given operation.\n\nExtending IOBase is RawIOBase which deals simply with the reading and\nwriting of raw bytes to a stream. FileIO subclasses RawIOBase to provide\nan interface to OS files.\n\nBufferedIOBase deals with buffering on a raw byte stream (RawIOBase). Its\nsubclasses, BufferedWriter, BufferedReader, and BufferedRWPair buffer\nstreams that are readable, writable, and both respectively.\nBufferedRandom provides a buffered interface to random access\nstreams. BytesIO is a simple stream of in-memory bytes.\n\nAnother IOBase subclass, TextIOBase, deals with the encoding and decoding\nof streams into text. TextIOWrapper, which extends it, is a buffered text\ninterface to a buffered raw stream (`BufferedIOBase`). Finally, StringIO\nis an in-memory stream for text.\n\nArgument names are not part of the specification, and only the arguments\nof open() are intended to be used as keyword arguments.\n\ndata:\n\nDEFAULT_BUFFER_SIZE\n\n   An int containing the default buffer size used by the module's buffered\n   I/O classes. open() uses the file's blksize (as obtained by os.stat) if\n   possible.\n"
_io	BufferedRWPair	"A buffered reader and writer object together.\n\nA buffered reader object and buffered writer object put together to\nform a sequential IO object that can read and write. This is typically\nused with a socket or two-way pipe.\n\nreader and writer are RawIOBase objects that are readable and\nwriteable respectively. If the buffer_size is omitted it defaults to\nDEFAULT_BUFFER_SIZE."
_io	BufferedRWPair.close	null
_io	BufferedRWPair.closed	null
_io	BufferedRWPair.flush	null
_io	BufferedRWPair.isatty	null
_io	BufferedRWPair.peek	null
_io	BufferedRWPair.read	null
_io	BufferedRWPair.read1	null
_io	BufferedRWPair.readable	null
_io	BufferedRWPair.readinto	null
_io	BufferedRWPair.readinto1	null
_io	BufferedRWPair.writable	null
_io	BufferedRWPair.write	null
_io	BufferedRandom	"A buffered interface to random access streams.\n\nThe constructor creates a reader and writer for a seekable stream,\nraw, given in the first argument. If the buffer_size is omitted it\ndefaults to DEFAULT_BUFFER_SIZE."
_io	BufferedRandom._dealloc_warn	null
_io	BufferedRandom._finalizing	null
_io	BufferedRandom.close	null
_io	BufferedRandom.closed	null
_io	BufferedRandom.detach	null
_io	BufferedRandom.fileno	null
_io	BufferedRandom.flush	null
_io	BufferedRandom.isatty	null
_io	BufferedRandom.mode	null
_io	BufferedRandom.name	null
_io	BufferedRandom.peek	null
_io	BufferedRandom.raw	null
_io	BufferedRandom.read	null
_io	BufferedRandom.read1	null
_io	BufferedRandom.readable	null
_io	BufferedRandom.readinto	null
_io	BufferedRandom.readinto1	null
_io	BufferedRandom.readline	null
_io	BufferedRandom.seek	null
_io	BufferedRandom.seekable	null
_io	BufferedRandom.tell	null
_io	BufferedRandom.truncate	null
_io	BufferedRandom.writable	null
_io	BufferedRandom.write	null
_io	BufferedReader	"Create a new buffered reader using the given readable raw IO object."
_io	BufferedReader._dealloc_warn	null
_io	BufferedReader._finalizing	null
_io	BufferedReader.close	null
_io	BufferedReader.closed	null
_io	BufferedReader.detach	null
_io	BufferedReader.fileno	null
_io	BufferedReader.flush	null
_io	BufferedReader.isatty	null
_io	BufferedReader.mode	null
_io	BufferedReader.name	null
_io	BufferedReader.peek	null
_io	BufferedReader.raw	null
_io	BufferedReader.read	null
_io	BufferedReader.read1	null
_io	BufferedReader.readable	null
_io	BufferedReader.readinto	null
_io	BufferedReader.readinto1	null
_io	BufferedReader.readline	null
_io	BufferedReader.seek	null
_io	BufferedReader.seekable	null
_io	BufferedReader.tell	null
_io	BufferedReader.truncate	null
_io	BufferedWriter	"A buffer for a writeable sequential RawIO object.\n\nThe constructor creates a BufferedWriter for the given writeable raw\nstream. If the buffer_size is not given, it defaults to\nDEFAULT_BUFFER_SIZE."
_io	BufferedWriter._dealloc_warn	null
_io	BufferedWriter._finalizing	null
_io	BufferedWriter.close	null
_io	BufferedWriter.closed	null
_io	BufferedWriter.detach	null
_io	BufferedWriter.fileno	null
_io	BufferedWriter.flush	null
_io	BufferedWriter.isatty	null
_io	BufferedWriter.mode	null
_io	BufferedWriter.name	null
_io	BufferedWriter.raw	null
_io	BufferedWriter.seek	null
_io	BufferedWriter.seekable	null
_io	BufferedWriter.tell	null
_io	BufferedWriter.truncate	null
_io	BufferedWriter.writable	null
_io	BufferedWriter.write	null
_io	BytesIO	"Buffered I/O implementation using an in-memory bytes buffer."
_io	BytesIO.close	"Disable all I/O operations."
_io	BytesIO.closed	"True if the file is closed."
_io	BytesIO.flush	"Does nothing."
_io	BytesIO.getbuffer	"Get a read-write view over the contents of the BytesIO object."
_io	BytesIO.getvalue	"Retrieve the entire contents of the BytesIO object."
_io	BytesIO.isatty	"Always returns False.\n\nBytesIO objects are not connected to a TTY-like device."
_io	BytesIO.read	"Read at most size bytes, returned as a bytes object.\n\nIf the size argument is negative, read until EOF is reached.\nReturn an empty bytes object at EOF."
_io	BytesIO.read1	"Read at most size bytes, returned as a bytes object.\n\nIf the size argument is negative or omitted, read until EOF is reached.\nReturn an empty bytes object at EOF."
_io	BytesIO.readable	"Returns True if the IO object can be read."
_io	BytesIO.readinto	"Read bytes into buffer.\n\nReturns number of bytes read (0 for EOF), or None if the object\nis set not to block and has no data to read."
_io	BytesIO.readline	"Next line from the file, as a bytes object.\n\nRetain newline.  A non-negative size argument limits the maximum\nnumber of bytes to return (an incomplete line may be returned then).\nReturn an empty bytes object at EOF."
_io	BytesIO.readlines	"List of bytes objects, each a line from the file.\n\nCall readline() repeatedly and return a list of the lines so read.\nThe optional size argument, if given, is an approximate bound on the\ntotal number of bytes in the lines returned."
_io	BytesIO.seek	"Change stream position.\n\nSeek to byte offset pos relative to position indicated by whence:\n     0  Start of stream (the default).  pos should be >= 0;\n     1  Current position - pos may be negative;\n     2  End of stream - pos usually negative.\nReturns the new absolute position."
_io	BytesIO.seekable	"Returns True if the IO object can be seeked."
_io	BytesIO.tell	"Current file position, an integer."
_io	BytesIO.truncate	"Truncate the file to at most size bytes.\n\nSize defaults to the current file position, as returned by tell().\nThe current file position is unchanged.  Returns the new size."
_io	BytesIO.writable	"Returns True if the IO object can be written."
_io	BytesIO.write	"Write bytes to file.\n\nReturn the number of bytes written."
_io	BytesIO.writelines	"Write lines to the file.\n\nNote that newlines are not added.  lines can be any iterable object\nproducing bytes-like objects. This is equivalent to calling write() for\neach element."
_io	FileIO	"Open a file.\n\nThe mode can be 'r' (default), 'w', 'x' or 'a' for reading,\nwriting, exclusive creation or appending.  The file will be created if it\ndoesn't exist when opened for writing or appending; it will be truncated\nwhen opened for writing.  A FileExistsError will be raised if it already\nexists when opened for creating. Opening a file for creating implies\nwriting so this mode behaves in a similar way to 'w'.Add a '+' to the mode\nto allow simultaneous reading and writing. A custom opener can be used by\npassing a callable as *opener*. The underlying file descriptor for the file\nobject is then obtained by calling opener with (*name*, *flags*).\n*opener* must return an open file descriptor (passing os.open as *opener*\nresults in functionality similar to passing None)."
_io	FileIO._blksize	null
_io	FileIO._dealloc_warn	null
_io	FileIO._finalizing	null
_io	FileIO.close	"Close the file.\n\nA closed file cannot be used for further I/O operations.  close() may be\ncalled more than once without error."
_io	FileIO.closed	"True if the file is closed"
_io	FileIO.closefd	"True if the file descriptor will be closed by close()."
_io	FileIO.fileno	"Return the underlying file descriptor (an integer)."
_io	FileIO.isatty	"True if the file is connected to a TTY device."
_io	FileIO.mode	"String giving the file mode"
_io	FileIO.read	"Read at most size bytes, returned as bytes.\n\nOnly makes one system call, so less data may be returned than requested.\nIn non-blocking mode, returns None if no data is available.\nReturn an empty bytes object at EOF."
_io	FileIO.readable	"True if file was opened in a read mode."
_io	FileIO.readall	"Read all data from the file, returned as bytes.\n\nIn non-blocking mode, returns as much as is immediately available,\nor None if no data is available.  Return an empty bytes object at EOF."
_io	FileIO.readinto	"Same as RawIOBase.readinto()."
_io	FileIO.seek	"Move to new file position and return the file position.\n\nArgument offset is a byte count.  Optional argument whence defaults to\nSEEK_SET or 0 (offset from start of file, offset should be >= 0); other values\nare SEEK_CUR or 1 (move relative to current position, positive or negative),\nand SEEK_END or 2 (move relative to end of file, usually negative, although\nmany platforms allow seeking beyond the end of a file).\n\nNote that not all file objects are seekable."
_io	FileIO.seekable	"True if file supports random-access."
_io	FileIO.tell	"Current file position.\n\nCan raise OSError for non seekable files."
_io	FileIO.truncate	"Truncate the file to at most size bytes and return the truncated size.\n\nSize defaults to the current file position, as returned by tell().\nThe current file position is changed to the value of size."
_io	FileIO.writable	"True if file was opened in a write mode."
_io	FileIO.write	"Write buffer b to file, return number of bytes written.\n\nOnly makes one system call, so not all of the data may be written.\nThe number of bytes actually written is returned.  In non-blocking mode,\nreturns None if the write would block."
_io	IncrementalNewlineDecoder	"Codec used when reading a file in universal newlines mode.\n\nIt wraps another incremental decoder, translating \\r\\n and \\r into \\n.\nIt also records the types of newlines encountered.  When used with\ntranslate=False, it ensures that the newline sequence is returned in\none piece. When used with decoder=None, it expects unicode strings as\ndecode input and translates newlines without first invoking an external\ndecoder."
_io	IncrementalNewlineDecoder.decode	null
_io	IncrementalNewlineDecoder.getstate	null
_io	IncrementalNewlineDecoder.newlines	null
_io	IncrementalNewlineDecoder.reset	null
_io	IncrementalNewlineDecoder.setstate	null
_io	StringIO	"Text I/O implementation using an in-memory buffer.\n\nThe initial_value argument sets the value of object.  The newline\nargument is like the one of TextIOWrapper's constructor."
_io	StringIO.close	"Close the IO object.\n\nAttempting any further operation after the object is closed\nwill raise a ValueError.\n\nThis method has no effect if the file is already closed."
_io	StringIO.closed	null
_io	StringIO.getvalue	"Retrieve the entire contents of the object."
_io	StringIO.line_buffering	null
_io	StringIO.newlines	null
_io	StringIO.read	"Read at most size characters, returned as a string.\n\nIf the argument is negative or omitted, read until EOF\nis reached. Return an empty string at EOF."
_io	StringIO.readable	"Returns True if the IO object can be read."
_io	StringIO.readline	"Read until newline or EOF.\n\nReturns an empty string if EOF is hit immediately."
_io	StringIO.seek	"Change stream position.\n\nSeek to character offset pos relative to position indicated by whence:\n    0  Start of stream (the default).  pos should be >= 0;\n    1  Current position - pos must be 0;\n    2  End of stream - pos must be 0.\nReturns the new absolute position."
_io	StringIO.seekable	"Returns True if the IO object can be seeked."
_io	StringIO.tell	"Tell the current file position."
_io	StringIO.truncate	"Truncate size to pos.\n\nThe pos argument defaults to the current file position, as\nreturned by tell().  The current file position is unchanged.\nReturns the new absolute position."
_io	StringIO.writable	"Returns True if the IO object can be written."
_io	StringIO.write	"Write string to file.\n\nReturns the number of characters written, which is always equal to\nthe length of the string."
_io	TextIOWrapper	"Character and line based layer over a BufferedIOBase object, buffer.\n\nencoding gives the name of the encoding that the stream will be\ndecoded or encoded with. It defaults to locale.getencoding().\n\nerrors determines the strictness of encoding and decoding (see\nhelp(codecs.Codec) or the documentation for codecs.register) and\ndefaults to \"strict\".\n\nnewline controls how line endings are handled. It can be None, '',\n'\\n', '\\r', and '\\r\\n'.  It works as follows:\n\n* On input, if newline is None, universal newlines mode is\n  enabled. Lines in the input can end in '\\n', '\\r', or '\\r\\n', and\n  these are translated into '\\n' before being returned to the\n  caller. If it is '', universal newline mode is enabled, but line\n  endings are returned to the caller untranslated. If it has any of\n  the other legal values, input lines are only terminated by the given\n  string, and the line ending is returned to the caller untranslated.\n\n* On output, if newline is None, any '\\n' characters written are\n  translated to the system default line separator, os.linesep. If\n  newline is '' or '\\n', no translation takes place. If newline is any\n  of the other legal values, any '\\n' characters written are translated\n  to the given string.\n\nIf line_buffering is True, a call to flush is implied when a call to\nwrite contains a newline character."
_io	TextIOWrapper._CHUNK_SIZE	null
_io	TextIOWrapper._finalizing	null
_io	TextIOWrapper.buffer	null
_io	TextIOWrapper.close	null
_io	TextIOWrapper.closed	null
_io	TextIOWrapper.detach	null
_io	TextIOWrapper.encoding	null
_io	TextIOWrapper.errors	null
_io	TextIOWrapper.fileno	null
_io	TextIOWrapper.flush	null
_io	TextIOWrapper.isatty	null
_io	TextIOWrapper.line_buffering	null
_io	TextIOWrapper.name	null
_io	TextIOWrapper.newlines	null
_io	TextIOWrapper.read	null
_io	TextIOWrapper.readable	null
_io	TextIOWrapper.readline	null
_io	TextIOWrapper.reconfigure	"Reconfigure the text stream with new parameters.\n\nThis also does an implicit stream flush."
_io	TextIOWrapper.seek	"Set the stream position, and return the new stream position.\n\n  cookie\n    Zero or an opaque number returned by tell().\n  whence\n    The relative position to seek from.\n\nFour operations are supported, given by the following argument\ncombinations:\n\n- seek(0, SEEK_SET): Rewind to the start of the stream.\n- seek(cookie, SEEK_SET): Restore a previous position;\n  'cookie' must be a number returned by tell().\n- seek(0, SEEK_END): Fast-forward to the end of the stream.\n- seek(0, SEEK_CUR): Leave the current stream position unchanged.\n\nAny other argument combinations are invalid,\nand may raise exceptions."
_io	TextIOWrapper.seekable	null
_io	TextIOWrapper.tell	"Return the stream position as an opaque number.\n\nThe return value of tell() can be given as input to seek(), to restore a\nprevious stream position."
_io	TextIOWrapper.truncate	null
_io	TextIOWrapper.writable	null
_io	TextIOWrapper.write	null
_io	TextIOWrapper.write_through	null
_io	_BufferedIOBase	"Base class for buffered IO objects.\n\nThe main difference with RawIOBase is that the read() method\nsupports omitting the size argument, and does not have a default\nimplementation that defers to readinto().\n\nIn addition, read(), readinto() and write() may raise\nBlockingIOError if the underlying raw stream is in non-blocking\nmode and not ready; unlike their raw counterparts, they will never\nreturn None.\n\nA typical implementation should not inherit from a RawIOBase\nimplementation, but wrap one.\n"
_io	_BufferedIOBase.detach	"Disconnect this buffer from its underlying raw stream and return it.\n\nAfter the raw stream has been detached, the buffer is in an unusable\nstate."
_io	_BufferedIOBase.read	"Read and return up to n bytes.\n\nIf the size argument is omitted, None, or negative, read and\nreturn all data until EOF.\n\nIf the size argument is positive, and the underlying raw stream is\nnot 'interactive', multiple raw reads may be issued to satisfy\nthe byte count (unless EOF is reached first).\nHowever, for interactive raw streams (as well as sockets and pipes),\nat most one raw read will be issued, and a short result does not\nimply that EOF is imminent.\n\nReturn an empty bytes object on EOF.\n\nReturn None if the underlying raw stream was open in non-blocking\nmode and no data is available at the moment."
_io	_BufferedIOBase.read1	"Read and return up to size bytes, with at most one read() call to the underlying raw stream.\n\nReturn an empty bytes object on EOF.\nA short result does not imply that EOF is imminent."
_io	_BufferedIOBase.readinto	null
_io	_BufferedIOBase.readinto1	null
_io	_BufferedIOBase.write	"Write buffer b to the IO stream.\n\nReturn the number of bytes written, which is always\nthe length of b in bytes.\n\nRaise BlockingIOError if the buffer is full and the\nunderlying raw stream cannot accept more data at the moment."
_io	_BytesIOBuffer	null
_io	_IOBase	"The abstract base class for all I/O classes.\n\nThis class provides dummy implementations for many methods that\nderived classes can override selectively; the default implementations\nrepresent a file that cannot be read, written or seeked.\n\nEven though IOBase does not declare read, readinto, or write because\ntheir signatures will vary, implementations and clients should\nconsider those methods part of the interface. Also, implementations\nmay raise UnsupportedOperation when operations they do not support are\ncalled.\n\nThe basic type used for binary data read from or written to a file is\nbytes. Other bytes-like objects are accepted as method arguments too.\nIn some cases (such as readinto), a writable object is required. Text\nI/O classes work with str data.\n\nNote that calling any method (except additional calls to close(),\nwhich are ignored) on a closed stream should raise a ValueError.\n\nIOBase (and its subclasses) support the iterator protocol, meaning\nthat an IOBase object can be iterated over yielding the lines in a\nstream.\n\nIOBase also supports the :keyword:`with` statement. In this example,\nfp is closed after the suite of the with statement is complete:\n\nwith open('spam.txt', 'r') as fp:\n    fp.write('Spam and eggs!')\n"
_io	_IOBase._checkClosed	null
_io	_IOBase._checkReadable	null
_io	_IOBase._checkSeekable	null
_io	_IOBase._checkWritable	null
_io	_IOBase.close	"Flush and close the IO object.\n\nThis method has no effect if the file is already closed."
_io	_IOBase.closed	null
_io	_IOBase.fileno	"Return underlying file descriptor if one exists.\n\nRaise OSError if the IO object does not use a file descriptor."
_io	_IOBase.flush	"Flush write buffers, if applicable.\n\nThis is not implemented for read-only and non-blocking streams."
_io	_IOBase.isatty	"Return whether this is an 'interactive' stream.\n\nReturn False if it can't be determined."
_io	_IOBase.readable	"Return whether object was opened for reading.\n\nIf False, read() will raise OSError."
_io	_IOBase.readline	"Read and return a line from the stream.\n\nIf size is specified, at most size bytes will be read.\n\nThe line terminator is always b'\\n' for binary files; for text\nfiles, the newlines argument to open can be used to select the line\nterminator(s) recognized."
_io	_IOBase.readlines	"Return a list of lines from the stream.\n\nhint can be specified to control the number of lines read: no more\nlines will be read if the total size (in bytes/characters) of all\nlines so far exceeds hint."
_io	_IOBase.seek	"Change the stream position to the given byte offset.\n\n  offset\n    The stream position, relative to 'whence'.\n  whence\n    The relative position to seek from.\n\nThe offset is interpreted relative to the position indicated by whence.\nValues for whence are:\n\n* os.SEEK_SET or 0 -- start of stream (the default); offset should be zero or positive\n* os.SEEK_CUR or 1 -- current stream position; offset may be negative\n* os.SEEK_END or 2 -- end of stream; offset is usually negative\n\nReturn the new absolute position."
_io	_IOBase.seekable	"Return whether object supports random access.\n\nIf False, seek(), tell() and truncate() will raise OSError.\nThis method may need to do a test seek()."
_io	_IOBase.tell	"Return current stream position."
_io	_IOBase.truncate	"Truncate file to size bytes.\n\nFile pointer is left unchanged. Size defaults to the current IO position\nas reported by tell(). Return the new size."
_io	_IOBase.writable	"Return whether object was opened for writing.\n\nIf False, write() will raise OSError."
_io	_IOBase.writelines	"Write a list of lines to stream.\n\nLine separators are not added, so it is usual for each of the\nlines provided to have a line separator at the end."
_io	_RawIOBase	"Base class for raw binary I/O."
_io	_RawIOBase.read	null
_io	_RawIOBase.readall	"Read until EOF, using multiple read() call."
_io	_RawIOBase.readinto	null
_io	_RawIOBase.write	null
_io	_TextIOBase	"Base class for text I/O.\n\nThis class provides a character and line based interface to stream\nI/O. There is no readinto method because Python's character strings\nare immutable.\n"
_io	_TextIOBase.detach	"Separate the underlying buffer from the TextIOBase and return it.\n\nAfter the underlying buffer has been detached, the TextIO is in an unusable state."
_io	_TextIOBase.encoding	"Encoding of the text stream.\n\nSubclasses should override."
_io	_TextIOBase.errors	"The error setting of the decoder or encoder.\n\nSubclasses should override."
_io	_TextIOBase.newlines	"Line endings translated so far.\n\nOnly line endings translated during reading are considered.\n\nSubclasses should override."
_io	_TextIOBase.read	"Read at most size characters from stream.\n\nRead from underlying buffer until we have size characters or we hit EOF.\nIf size is negative or omitted, read until EOF."
_io	_TextIOBase.readline	"Read until newline or EOF.\n\nReturn an empty string if EOF is hit immediately.\nIf size is specified, at most size characters will be read."
_io	_TextIOBase.write	"Write string s to stream.\n\nReturn the number of characters written\n(which is always equal to the length of the string)."
_io	open	"Open file and return a stream.  Raise OSError upon failure.\n\nfile is either a text or byte string giving the name (and the path\nif the file isn't in the current working directory) of the file to\nbe opened or an integer file descriptor of the file to be\nwrapped. (If a file descriptor is given, it is closed when the\nreturned I/O object is closed, unless closefd is set to False.)\n\nmode is an optional string that specifies the mode in which the file\nis opened. It defaults to 'r' which means open for reading in text\nmode.  Other common values are 'w' for writing (truncating the file if\nit already exists), 'x' for creating and writing to a new file, and\n'a' for appending (which on some Unix systems, means that all writes\nappend to the end of the file regardless of the current seek position).\nIn text mode, if encoding is not specified the encoding used is platform\ndependent: locale.getencoding() is called to get the current locale encoding.\n(For reading and writing raw bytes use binary mode and leave encoding\nunspecified.) The available modes are:\n\n========= ===============================================================\nCharacter Meaning\n--------- ---------------------------------------------------------------\n'r'       open for reading (default)\n'w'       open for writing, truncating the file first\n'x'       create a new file and open it for writing\n'a'       open for writing, appending to the end of the file if it exists\n'b'       binary mode\n't'       text mode (default)\n'+'       open a disk file for updating (reading and writing)\n========= ===============================================================\n\nThe default mode is 'rt' (open for reading text). For binary random\naccess, the mode 'w+b' opens and truncates the file to 0 bytes, while\n'r+b' opens the file without truncation. The 'x' mode implies 'w' and\nraises an `FileExistsError` if the file already exists.\n\nPython distinguishes between files opened in binary and text modes,\neven when the underlying operating system doesn't. Files opened in\nbinary mode (appending 'b' to the mode argument) return contents as\nbytes objects without any decoding. In text mode (the default, or when\n't' is appended to the mode argument), the contents of the file are\nreturned as strings, the bytes having been first decoded using a\nplatform-dependent encoding or using the specified encoding if given.\n\nbuffering is an optional integer used to set the buffering policy.\nPass 0 to switch buffering off (only allowed in binary mode), 1 to select\nline buffering (only usable in text mode), and an integer > 1 to indicate\nthe size of a fixed-size chunk buffer.  When no buffering argument is\ngiven, the default buffering policy works as follows:\n\n* Binary files are buffered in fixed-size chunks; the size of the buffer\n  is chosen using a heuristic trying to determine the underlying device's\n  \"block size\" and falling back on `io.DEFAULT_BUFFER_SIZE`.\n  On many systems, the buffer will typically be 4096 or 8192 bytes long.\n\n* \"Interactive\" text files (files for which isatty() returns True)\n  use line buffering.  Other text files use the policy described above\n  for binary files.\n\nencoding is the name of the encoding used to decode or encode the\nfile. This should only be used in text mode. The default encoding is\nplatform dependent, but any encoding supported by Python can be\npassed.  See the codecs module for the list of supported encodings.\n\nerrors is an optional string that specifies how encoding errors are to\nbe handled---this argument should not be used in binary mode. Pass\n'strict' to raise a ValueError exception if there is an encoding error\n(the default of None has the same effect), or pass 'ignore' to ignore\nerrors. (Note that ignoring encoding errors can lead to data loss.)\nSee the documentation for codecs.register or run 'help(codecs.Codec)'\nfor a list of the permitted encoding error strings.\n\nnewline controls how universal newlines works (it only applies to text\nmode). It can be None, '', '\\n', '\\r', and '\\r\\n'.  It works as\nfollows:\n\n* On input, if newline is None, universal newlines mode is\n  enabled. Lines in the input can end in '\\n', '\\r', or '\\r\\n', and\n  these are translated into '\\n' before being returned to the\n  caller. If it is '', universal newline mode is enabled, but line\n  endings are returned to the caller untranslated. If it has any of\n  the other legal values, input lines are only terminated by the given\n  string, and the line ending is returned to the caller untranslated.\n\n* On output, if newline is None, any '\\n' characters written are\n  translated to the system default line separator, os.linesep. If\n  newline is '' or '\\n', no translation takes place. If newline is any\n  of the other legal values, any '\\n' characters written are translated\n  to the given string.\n\nIf closefd is False, the underlying file descriptor will be kept open\nwhen the file is closed. This does not work when a file name is given\nand must be True in that case.\n\nA custom opener can be used by passing a callable as *opener*. The\nunderlying file descriptor for the file object is then obtained by\ncalling *opener* with (*file*, *flags*). *opener* must return an open\nfile descriptor (passing os.open as *opener* results in functionality\nsimilar to passing None).\n\nopen() returns a file object whose type depends on the mode, and\nthrough which the standard file operations such as reading and writing\nare performed. When open() is used to open a file in a text mode ('w',\n'r', 'wt', 'rt', etc.), it returns a TextIOWrapper. When used to open\na file in a binary mode, the returned class varies: in read binary\nmode, it returns a BufferedReader; in write binary and append binary\nmodes, it returns a BufferedWriter, and in read/write mode, it returns\na BufferedRandom.\n\nIt is also possible to use a string or bytearray as a file for both\nreading and writing. For strings StringIO can be used like a file\nopened in a text mode, and for bytes a BytesIO can be used like a file\nopened in a binary mode."
_io	open_code	"Opens the provided file with the intent to import the contents.\n\nThis may perform extra validation beyond open(), but is otherwise interchangeable\nwith calling open(path, 'rb')."
_io	text_encoding	"A helper function to choose the text encoding.\n\nWhen encoding is not None, this function returns it.\nOtherwise, this function returns the default text encoding\n(i.e. \"locale\" or \"utf-8\" depends on UTF-8 mode).\n\nThis function emits an EncodingWarning if encoding is None and\nsys.flags.warn_default_encoding is true.\n\nThis can be used in APIs with an encoding=None parameter.\nHowever, please consider using encoding=\"utf-8\" for new APIs."
ipaddress	IPv4Address._constants	null
ipaddress	IPv4Address._ip	null
ipaddress	IPv4Network._address_class	"Represent and manipulate single IPv4 Addresses."
ipaddress	IPv4Network._constants	null
ipaddress	IPv6Address._constants	null
ipaddress	IPv6Address._ip	null
ipaddress	IPv6Address._scope_id	null
ipaddress	IPv6Network._address_class	"Represent and manipulate single IPv6 Addresses."
ipaddress	IPv6Network._constants	null
ipaddress	_BaseNetwork._constants	null
itertools		"Functional tools for creating and using iterators.\n\nInfinite iterators:\ncount(start=0, step=1) --> start, start+step, start+2*step, ...\ncycle(p) --> p0, p1, ... plast, p0, p1, ...\nrepeat(elem [,n]) --> elem, elem, elem, ... endlessly or up to n times\n\nIterators terminating on the shortest input sequence:\naccumulate(p[, func]) --> p0, p0+p1, p0+p1+p2\nbatched(p, n) --> [p0, p1, ..., p_n-1], [p_n, p_n+1, ..., p_2n-1], ...\nchain(p, q, ...) --> p0, p1, ... plast, q0, q1, ...\nchain.from_iterable([p, q, ...]) --> p0, p1, ... plast, q0, q1, ...\ncompress(data, selectors) --> (d[0] if s[0]), (d[1] if s[1]), ...\ndropwhile(predicate, seq) --> seq[n], seq[n+1], starting when predicate fails\ngroupby(iterable[, keyfunc]) --> sub-iterators grouped by value of keyfunc(v)\nfilterfalse(predicate, seq) --> elements of seq where predicate(elem) is False\nislice(seq, [start,] stop [, step]) --> elements from\n       seq[start:stop:step]\npairwise(s) --> (s[0],s[1]), (s[1],s[2]), (s[2], s[3]), ...\nstarmap(fun, seq) --> fun(*seq[0]), fun(*seq[1]), ...\ntee(it, n=2) --> (it1, it2 , ... itn) splits one iterator into n\ntakewhile(predicate, seq) --> seq[0], seq[1], until predicate fails\nzip_longest(p, q, ...) --> (p[0], q[0]), (p[1], q[1]), ...\n\nCombinatoric generators:\nproduct(p, q, ... [repeat=1]) --> cartesian product\npermutations(p[, r])\ncombinations(p, r)\ncombinations_with_replacement(p, r)\n"
itertools	_grouper	null
itertools	_tee	"Iterator wrapped to make it copyable."
itertools	_tee_dataobject	"teedataobject(iterable, values, next, /)\n--\n\nData container common to multiple tee objects."
itertools	accumulate	"Return series of accumulated sums (or other binary function results)."
itertools	batched	"Batch data into tuples of length n. The last batch may be shorter than n.\n\nLoops over the input iterable and accumulates data into tuples\nup to size n.  The input is consumed lazily, just enough to\nfill a batch.  The result is yielded as soon as a batch is full\nor when the input iterable is exhausted.\n\n    >>> for batch in batched('ABCDEFG', 3):\n    ...     print(batch)\n    ...\n    ('A', 'B', 'C')\n    ('D', 'E', 'F')\n    ('G',)\n\nIf \"strict\" is True, raises a ValueError if the final batch is shorter\nthan n."
itertools	chain	"Return a chain object whose .__next__() method returns elements from the\nfirst iterable until it is exhausted, then elements from the next\niterable, until all of the iterables are exhausted."
itertools	chain.from_iterable	"Alternative chain() constructor taking a single iterable argument that evaluates lazily."
itertools	combinations	"Return successive r-length combinations of elements in the iterable.\n\ncombinations(range(4), 3) --> (0,1,2), (0,1,3), (0,2,3), (1,2,3)"
itertools	combinations_with_replacement	"Return successive r-length combinations of elements in the iterable allowing individual elements to have successive repeats.\n\ncombinations_with_replacement('ABC', 2) --> ('A','A'), ('A','B'), ('A','C'), ('B','B'), ('B','C'), ('C','C')"
itertools	compress	"Return data elements corresponding to true selector elements.\n\nForms a shorter iterator from selected data elements using the selectors to\nchoose the data elements."
itertools	count	"Return a count object whose .__next__() method returns consecutive values.\n\nEquivalent to:\n    def count(firstval=0, step=1):\n        x = firstval\n        while 1:\n            yield x\n            x += step"
itertools	cycle	"Return elements from the iterable until it is exhausted. Then repeat the sequence indefinitely."
itertools	dropwhile	"Drop items from the iterable while predicate(item) is true.\n\nAfterwards, return every element until the iterable is exhausted."
itertools	filterfalse	"Return those items of iterable for which function(item) is false.\n\nIf function is None, return the items that are false."
itertools	groupby	"make an iterator that returns consecutive keys and groups from the iterable\n\n  iterable\n    Elements to divide into groups according to the key function.\n  key\n    A function for computing the group category for each element.\n    If the key function is not specified or is None, the element itself\n    is used for grouping."
itertools	islice	"islice(iterable, stop) --> islice object\nislice(iterable, start, stop[, step]) --> islice object\n\nReturn an iterator whose next() method returns selected values from an\niterable.  If start is specified, will skip all preceding elements;\notherwise, start defaults to zero.  Step defaults to one.  If\nspecified as another value, step determines how many values are\nskipped between successive calls.  Works like a slice() on a list\nbut returns an iterator."
itertools	pairwise	"Return an iterator of overlapping pairs taken from the input iterator.\n\n    s -> (s0,s1), (s1,s2), (s2, s3), ..."
itertools	permutations	"Return successive r-length permutations of elements in the iterable.\n\npermutations(range(3), 2) --> (0,1), (0,2), (1,0), (1,2), (2,0), (2,1)"
itertools	product	"Cartesian product of input iterables.  Equivalent to nested for-loops.\n\nFor example, product(A, B) returns the same as:  ((x,y) for x in A for y in B).\nThe leftmost iterators are in the outermost for-loop, so the output tuples\ncycle in a manner similar to an odometer (with the rightmost element changing\non every iteration).\n\nTo compute the product of an iterable with itself, specify the number\nof repetitions with the optional repeat keyword argument. For example,\nproduct(A, repeat=4) means the same as product(A, A, A, A).\n\nproduct('ab', range(3)) --> ('a',0) ('a',1) ('a',2) ('b',0) ('b',1) ('b',2)\nproduct((0,1), (0,1), (0,1)) --> (0,0,0) (0,0,1) (0,1,0) (0,1,1) (1,0,0) ..."
itertools	repeat	"repeat(object [,times]) -> create an iterator which returns the object\nfor the specified number of times.  If not specified, returns the object\nendlessly."
itertools	starmap	"Return an iterator whose values are returned from the function evaluated with an argument tuple taken from the given sequence."
itertools	takewhile	"Return successive entries from an iterable as long as the predicate evaluates to true for each entry."
itertools	tee	"Returns a tuple of n independent iterators."
itertools	zip_longest	"Return a zip_longest object whose .__next__() method returns a tuple where\nthe i-th element comes from the i-th iterable argument.  The .__next__()\nmethod continues until the longest iterable in the argument sequence\nis exhausted and then it raises StopIteration.  When the shorter iterables\nare exhausted, the fillvalue is substituted in their place.  The fillvalue\ndefaults to None or can be specified by a keyword argument.\n"
_json		"json speedups\n"
_json	encode_basestring	"encode_basestring(string) -> string\n\nReturn a JSON representation of a Python string"
_json	encode_basestring_ascii	"encode_basestring_ascii(string) -> string\n\nReturn an ASCII-only JSON representation of a Python string"
_json	make_encoder	"Encoder(markers, default, encoder, indent, key_separator, item_separator, sort_keys, skipkeys, allow_nan)"
_json	make_encoder.default	"default"
_json	make_encoder.encoder	"encoder"
_json	make_encoder.indent	"indent"
_json	make_encoder.item_separator	"item_separator"
_json	make_encoder.key_separator	"key_separator"
_json	make_encoder.markers	"markers"
_json	make_encoder.skipkeys	"skipkeys"
_json	make_encoder.sort_keys	"sort_keys"
_json	make_scanner	"JSON scanner object"
_json	make_scanner.object_hook	"object_hook"
_json	make_scanner.object_pairs_hook	null
_json	make_scanner.parse_constant	"parse_constant"
_json	make_scanner.parse_float	"parse_float"
_json	make_scanner.parse_int	"parse_int"
_json	make_scanner.strict	"strict"
_json	scanstring	"scanstring(string, end, strict=True) -> (string, end)\n\nScan the string s for a JSON string. End is the index of the\ncharacter in s after the quote that started the JSON string.\nUnescapes all valid JSON string escape sequences and raises ValueError\non attempt to decode an invalid string. If strict is False then literal\ncontrol characters are allowed in the string.\n\nReturns a tuple of the decoded string and the index of the character in s\nafter the end quote."
json.decoder	c_scanstring	"scanstring(string, end, strict=True) -> (string, end)\n\nScan the string s for a JSON string. End is the index of the\ncharacter in s after the quote that started the JSON string.\nUnescapes all valid JSON string escape sequences and raises ValueError\non attempt to decode an invalid string. If strict is False then literal\ncontrol characters are allowed in the string.\n\nReturns a tuple of the decoded string and the index of the character in s\nafter the end quote."
json.decoder	scanstring	"scanstring(string, end, strict=True) -> (string, end)\n\nScan the string s for a JSON string. End is the index of the\ncharacter in s after the quote that started the JSON string.\nUnescapes all valid JSON string escape sequences and raises ValueError\non attempt to decode an invalid string. If strict is False then literal\ncontrol characters are allowed in the string.\n\nReturns a tuple of the decoded string and the index of the character in s\nafter the end quote."
json.encoder	c_encode_basestring	"encode_basestring(string) -> string\n\nReturn a JSON representation of a Python string"
json.encoder	c_encode_basestring_ascii	"encode_basestring_ascii(string) -> string\n\nReturn an ASCII-only JSON representation of a Python string"
json.encoder	c_make_encoder	"Encoder(markers, default, encoder, indent, key_separator, item_separator, sort_keys, skipkeys, allow_nan)"
json.encoder	c_make_encoder.default	"default"
json.encoder	c_make_encoder.encoder	"encoder"
json.encoder	c_make_encoder.indent	"indent"
json.encoder	c_make_encoder.item_separator	"item_separator"
json.encoder	c_make_encoder.key_separator	"key_separator"
json.encoder	c_make_encoder.markers	"markers"
json.encoder	c_make_encoder.skipkeys	"skipkeys"
json.encoder	c_make_encoder.sort_keys	"sort_keys"
json.encoder	encode_basestring	"encode_basestring(string) -> string\n\nReturn a JSON representation of a Python string"
json.encoder	encode_basestring_ascii	"encode_basestring_ascii(string) -> string\n\nReturn an ASCII-only JSON representation of a Python string"
keyword	iskeyword	"x.__contains__(y) <==> y in x."
keyword	issoftkeyword	"x.__contains__(y) <==> y in x."
locale	Error	null
locale	_localeconv	"Returns numeric and monetary locale-specific parameters."
locale	_setlocale	"Activates/queries locale processing."
locale	bind_textdomain_codeset	"Bind the C library's domain to codeset."
locale	bindtextdomain	"Bind the C library's domain to dir."
locale	dcgettext	"Return translation of msg in domain and category."
locale	dgettext	"dgettext(domain, msg) -> string\n\nReturn translation of msg in domain."
locale	getencoding	"Get the current locale encoding."
locale	gettext	"gettext(msg) -> string\n\nReturn translation of msg."
locale	localeconv	"Returns numeric and monetary locale-specific parameters."
locale	nl_langinfo	"Return the value for the locale information associated with key."
locale	setlocale	"Set the locale for the given category.  The locale can be\na string, an iterable of two strings (language code and encoding),\nor None.\n\nIterables are converted to strings using the locale aliasing\nengine.  Locale strings are passed directly to the C lib.\n\ncategory may be given as one of the LC_* values.\n\n"
locale	strcoll	"Compares two strings according to the locale."
locale	strxfrm	"Return a string that can be used as a key for locale-aware comparisons."
locale	textdomain	"Set the C library's textdmain to domain, returning the new domain."
logging	Formatter.converter	"localtime([seconds]) -> (tm_year,tm_mon,tm_mday,tm_hour,tm_min,\n                          tm_sec,tm_wday,tm_yday,tm_isdst)\n\nConvert seconds since the Epoch to a time tuple expressing local time.\nWhen 'seconds' is not passed in, convert the current time instead."
logging	Handler.name	null
logging	_logRecordFactory	"\nA LogRecord instance represents an event being logged.\n\nLogRecord instances are created every time something is logged. They\ncontain all the information pertinent to the event being logged. The\nmain information passed in is in msg and args, which are combined\nusing str(msg) % args to create the message field of the record. The\nrecord also includes information such as when the record was created,\nthe source line where the logging call was made, and any exception\ninformation to be logged.\n"
logging	_logRecordFactory.getMessage	"\nReturn the message for this LogRecord.\n\nReturn the message for this LogRecord after merging any user-supplied\narguments with the message.\n"
logging	_loggerClass	"\nInstances of the Logger class represent a single logging channel. A\n\"logging channel\" indicates an area of an application. Exactly how an\n\"area\" is defined is up to the application developer. Since an\napplication can have any number of areas, logging channels are identified\nby a unique string. Application areas can be nested (e.g. an area\nof \"input processing\" might include sub-areas \"read CSV files\", \"read\nXLS files\" and \"read Gnumeric files\"). To cater for this natural nesting,\nchannel names are organized into a namespace hierarchy where levels are\nseparated by periods, much like the Java or Python package namespace. So\nin the instance given above, channel names might be \"input\" for the upper\nlevel, and \"input.csv\", \"input.xls\" and \"input.gnu\" for the sub-levels.\nThere is no arbitrary limit to the depth of nesting.\n"
logging	_loggerClass._log	"\nLow-level logging routine which creates a LogRecord and then calls\nall the handlers of this logger to handle the record.\n"
logging	_loggerClass.addHandler	"\nAdd the specified handler to this logger.\n"
logging	_loggerClass.callHandlers	"\nPass a record to all relevant handlers.\n\nLoop through all handlers for this logger and its parents in the\nlogger hierarchy. If no handler was found, output a one-off error\nmessage to sys.stderr. Stop searching up the hierarchy whenever a\nlogger with the \"propagate\" attribute set to zero is found - that\nwill be the last logger whose handlers are called.\n"
logging	_loggerClass.critical	"\nLog 'msg % args' with severity 'CRITICAL'.\n\nTo pass exception information, use the keyword argument exc_info with\na true value, e.g.\n\nlogger.critical(\"Houston, we have a %s\", \"major disaster\", exc_info=True)\n"
logging	_loggerClass.debug	"\nLog 'msg % args' with severity 'DEBUG'.\n\nTo pass exception information, use the keyword argument exc_info with\na true value, e.g.\n\nlogger.debug(\"Houston, we have a %s\", \"thorny problem\", exc_info=True)\n"
logging	_loggerClass.error	"\nLog 'msg % args' with severity 'ERROR'.\n\nTo pass exception information, use the keyword argument exc_info with\na true value, e.g.\n\nlogger.error(\"Houston, we have a %s\", \"major problem\", exc_info=True)\n"
logging	_loggerClass.exception	"\nConvenience method for logging an ERROR with exception information.\n"
logging	_loggerClass.fatal	"\nDon't use this method, use critical() instead.\n"
logging	_loggerClass.findCaller	"\nFind the stack frame of the caller so that we can note the source\nfile name, line number and function name.\n"
logging	_loggerClass.getChild	"\nGet a logger which is a descendant to this one.\n\nThis is a convenience method, such that\n\nlogging.getLogger('abc').getChild('def.ghi')\n\nis the same as\n\nlogging.getLogger('abc.def.ghi')\n\nIt's useful, for example, when the parent logger is named using\n__name__ rather than a literal string.\n"
logging	_loggerClass.getChildren	null
logging	_loggerClass.getEffectiveLevel	"\nGet the effective level for this logger.\n\nLoop through this logger and its parents in the logger hierarchy,\nlooking for a non-zero logging level. Return the first one found.\n"
logging	_loggerClass.handle	"\nCall the handlers for the specified record.\n\nThis method is used for unpickled records received from a socket, as\nwell as those created locally. Logger-level filtering is applied.\n"
logging	_loggerClass.hasHandlers	"\nSee if this logger has any handlers configured.\n\nLoop through all handlers for this logger and its parents in the\nlogger hierarchy. Return True if a handler was found, else False.\nStop searching up the hierarchy whenever a logger with the \"propagate\"\nattribute set to zero is found - that will be the last logger which\nis checked for the existence of handlers.\n"
logging	_loggerClass.info	"\nLog 'msg % args' with severity 'INFO'.\n\nTo pass exception information, use the keyword argument exc_info with\na true value, e.g.\n\nlogger.info(\"Houston, we have a %s\", \"notable problem\", exc_info=True)\n"
logging	_loggerClass.isEnabledFor	"\nIs this logger enabled for level 'level'?\n"
logging	_loggerClass.log	"\nLog 'msg % args' with the integer severity 'level'.\n\nTo pass exception information, use the keyword argument exc_info with\na true value, e.g.\n\nlogger.log(level, \"We have a %s\", \"mysterious problem\", exc_info=True)\n"
logging	_loggerClass.makeRecord	"\nA factory method which can be overridden in subclasses to create\nspecialized LogRecords.\n"
logging	_loggerClass.removeHandler	"\nRemove the specified handler from this logger.\n"
logging	_loggerClass.setLevel	"\nSet the logging level of this logger.  level must be an int or a str.\n"
logging	_loggerClass.warn	null
logging	_loggerClass.warning	"\nLog 'msg % args' with severity 'WARNING'.\n\nTo pass exception information, use the keyword argument exc_info with\na true value, e.g.\n\nlogger.warning(\"Houston, we have a %s\", \"bit of a problem\", exc_info=True)\n"
logging	currentframe	null
logging.config	BaseConfigurator.importer	"Import a module.\n\nBecause this function is meant for use by the Python\ninterpreter and not for general use, it is better to use\nimportlib.import_module() to programmatically import a module.\n\nThe globals argument is only used to determine the context;\nthey are not modified.  The locals argument is unused.  The fromlist\nshould be a list of names to emulate ``from name import ...``, or an\nempty list to emulate ``import name``.\nWhen importing a module from a package, note that __import__('A.B', ...)\nreturns package A when fromlist is empty, but its submodule B when\nfromlist is not empty.  The level argument is used to determine whether to\nperform absolute or relative imports: 0 is absolute, while a positive number\nis the number of parent directories to search relative to the current module."
logging.config	dictConfigClass	"\nConfigure logging using a dictionary-like object to describe the\nconfiguration.\n"
logging.config	dictConfigClass._configure_queue_handler	null
logging.config	dictConfigClass.add_filters	"Add filters to a filterer from a list of names."
logging.config	dictConfigClass.add_handlers	"Add handlers to a logger from a list of names."
logging.config	dictConfigClass.common_logger_config	"\nPerform configuration which is common to root and non-root loggers.\n"
logging.config	dictConfigClass.configure	"Do the configuration."
logging.config	dictConfigClass.configure_filter	"Configure a filter from a dictionary."
logging.config	dictConfigClass.configure_formatter	"Configure a formatter from a dictionary."
logging.config	dictConfigClass.configure_handler	"Configure a handler from a dictionary."
logging.config	dictConfigClass.configure_logger	"Configure a non-root logger from a dictionary."
logging.config	dictConfigClass.configure_root	"Configure a root logger from a dictionary."
_lsprof		"Fast profiler"
_lsprof	Profiler	"Profiler(timer=None, timeunit=None, subcalls=True, builtins=True)\n\n    Builds a profiler object using the specified timer function.\n    The default timer is a fast built-in one based on real time.\n    For custom timer functions returning integers, timeunit can\n    be a float specifying a scale (i.e. how long each integer unit\n    is, in seconds).\n"
_lsprof	Profiler._ccall_callback	null
_lsprof	Profiler._creturn_callback	null
_lsprof	Profiler._pyreturn_callback	null
_lsprof	Profiler._pystart_callback	null
_lsprof	Profiler.clear	"clear()\n\nClear all profiling information collected so far.\n"
_lsprof	Profiler.disable	"disable()\n\nStop collecting profiling information.\n"
_lsprof	Profiler.enable	"enable(subcalls=True, builtins=True)\n\nStart collecting profiling information.\nIf 'subcalls' is True, also records for each function\nstatistics separated according to its current caller.\nIf 'builtins' is True, records the time spent in\nbuilt-in functions separately from their caller.\n"
_lsprof	Profiler.getstats	"list of profiler_entry objects.\n\ngetstats() -> list of profiler_entry objects\n\nReturn all information collected by the profiler.\nEach profiler_entry is a tuple-like object with the\nfollowing attributes:\n\n    code          code object\n    callcount     how many times this was called\n    reccallcount  how many times called recursively\n    totaltime     total time in this entry\n    inlinetime    inline time in this entry (not in subcalls)\n    calls         details of the calls\n\nThe calls attribute is either None or a list of\nprofiler_subentry objects:\n\n    code          called code object\n    callcount     how many times this is called\n    reccallcount  how many times this is called recursively\n    totaltime     total time spent in this call\n    inlinetime    inline time (not in further subcalls)"
_lsprof	profiler_entry	null
_lsprof	profiler_entry.callcount	"how many times this was called"
_lsprof	profiler_entry.calls	"details of the calls"
_lsprof	profiler_entry.code	"code object or built-in function name"
_lsprof	profiler_entry.inlinetime	"inline time in this entry (not in subcalls)"
_lsprof	profiler_entry.reccallcount	"how many times called recursively"
_lsprof	profiler_entry.totaltime	"total time in this entry"
_lsprof	profiler_subentry	null
_lsprof	profiler_subentry.callcount	"how many times this is called"
_lsprof	profiler_subentry.code	"called code object or built-in function name"
_lsprof	profiler_subentry.inlinetime	"inline time (not in further subcalls)"
_lsprof	profiler_subentry.reccallcount	"how many times this is called recursively"
_lsprof	profiler_subentry.totaltime	"total time spent in this call"
lzma	_decode_filter_properties	"Return a bytes object encoding the options (properties) of the filter specified by *filter* (a dict).\n\nThe result does not include the filter ID itself, only the options."
lzma	_encode_filter_properties	"Return a bytes object encoding the options (properties) of the filter specified by *filter* (a dict).\n\nThe result does not include the filter ID itself, only the options."
lzma	is_check_supported	"Test whether the given integrity check is supported.\n\nAlways returns True for CHECK_NONE and CHECK_CRC32."
marshal		"This module contains functions that can read and write Python values in\na binary format. The format is specific to Python, but independent of\nmachine architecture issues.\n\nNot all Python object types are supported; in general, only objects\nwhose value is independent from a particular invocation of Python can be\nwritten and read by this module. The following types are supported:\nNone, integers, floating-point numbers, strings, bytes, bytearrays,\ntuples, lists, sets, dictionaries, and code objects, where it\nshould be understood that tuples, lists and dictionaries are only\nsupported as long as the values contained therein are themselves\nsupported; and recursive lists and dictionaries should not be written\n(they will cause infinite loops).\n\nVariables:\n\nversion -- indicates the format that the module uses. Version 0 is the\n    historical format, version 1 shares interned strings and version 2\n    uses a binary format for floating-point numbers.\n    Version 3 shares common object references (New in version 3.4).\n\nFunctions:\n\ndump() -- write value to a file\nload() -- read value from a file\ndumps() -- marshal value as a bytes object\nloads() -- read value from a bytes-like object"
marshal	dump	"Write the value on the open file.\n\n  value\n    Must be a supported type.\n  file\n    Must be a writeable binary file.\n  version\n    Indicates the data format that dump should use.\n  allow_code\n    Allow to write code objects.\n\nIf the value has (or contains an object that has) an unsupported type, a\nValueError exception is raised - but garbage data will also be written\nto the file. The object will not be properly read back by load()."
marshal	dumps	"Return the bytes object that would be written to a file by dump(value, file).\n\n  value\n    Must be a supported type.\n  version\n    Indicates the data format that dumps should use.\n  allow_code\n    Allow to write code objects.\n\nRaise a ValueError exception if value has (or contains an object that has) an\nunsupported type."
marshal	load	"Read one value from the open file and return it.\n\n  file\n    Must be readable binary file.\n  allow_code\n    Allow to load code objects.\n\nIf no valid value is read (e.g. because the data has a different Python\nversion's incompatible marshal format), raise EOFError, ValueError or\nTypeError.\n\nNote: If an object containing an unsupported type was marshalled with\ndump(), load() will substitute None for the unmarshallable type."
marshal	loads	"Convert the bytes-like object to a value.\n\n  allow_code\n    Allow to load code objects.\n\nIf no valid value is found, raise EOFError, ValueError or TypeError.  Extra\nbytes in the input are ignored."
math		"This module provides access to the mathematical functions\ndefined by the C standard."
math	acos	"Return the arc cosine (measured in radians) of x.\n\nThe result is between 0 and pi."
math	acosh	"Return the inverse hyperbolic cosine of x."
math	asin	"Return the arc sine (measured in radians) of x.\n\nThe result is between -pi/2 and pi/2."
math	asinh	"Return the inverse hyperbolic sine of x."
math	atan	"Return the arc tangent (measured in radians) of x.\n\nThe result is between -pi/2 and pi/2."
math	atan2	"Return the arc tangent (measured in radians) of y/x.\n\nUnlike atan(y/x), the signs of both x and y are considered."
math	atanh	"Return the inverse hyperbolic tangent of x."
math	cbrt	"Return the cube root of x."
math	ceil	"Return the ceiling of x as an Integral.\n\nThis is the smallest integer >= x."
math	comb	"Number of ways to choose k items from n items without repetition and without order.\n\nEvaluates to n! / (k! * (n - k)!) when k <= n and evaluates\nto zero when k > n.\n\nAlso called the binomial coefficient because it is equivalent\nto the coefficient of k-th term in polynomial expansion of the\nexpression (1 + x)**n.\n\nRaises TypeError if either of the arguments are not integers.\nRaises ValueError if either of the arguments are negative."
math	copysign	"Return a float with the magnitude (absolute value) of x but the sign of y.\n\nOn platforms that support signed zeros, copysign(1.0, -0.0)\nreturns -1.0.\n"
math	cos	"Return the cosine of x (measured in radians)."
math	cosh	"Return the hyperbolic cosine of x."
math	degrees	"Convert angle x from radians to degrees."
math	dist	"Return the Euclidean distance between two points p and q.\n\nThe points should be specified as sequences (or iterables) of\ncoordinates.  Both inputs must have the same dimension.\n\nRoughly equivalent to:\n    sqrt(sum((px - qx) ** 2.0 for px, qx in zip(p, q)))"
math	erf	"Error function at x."
math	erfc	"Complementary error function at x."
math	exp	"Return e raised to the power of x."
math	exp2	"Return 2 raised to the power of x."
math	expm1	"Return exp(x)-1.\n\nThis function avoids the loss of precision involved in the direct evaluation of exp(x)-1 for small x."
math	fabs	"Return the absolute value of the float x."
math	factorial	"Find n!."
math	floor	"Return the floor of x as an Integral.\n\nThis is the largest integer <= x."
math	fma	"Fused multiply-add operation.\n\nCompute (x * y) + z with a single round."
math	fmod	"Return fmod(x, y), according to platform C.\n\nx % y may differ."
math	frexp	"Return the mantissa and exponent of x, as pair (m, e).\n\nm is a float and e is an int, such that x = m * 2.**e.\nIf x is 0, m and e are both 0.  Else 0.5 <= abs(m) < 1.0."
math	fsum	"Return an accurate floating-point sum of values in the iterable seq.\n\nAssumes IEEE-754 floating-point arithmetic."
math	gamma	"Gamma function at x."
math	gcd	"Greatest Common Divisor."
math	hypot	"hypot(*coordinates) -> value\n\nMultidimensional Euclidean distance from the origin to a point.\n\nRoughly equivalent to:\n    sqrt(sum(x**2 for x in coordinates))\n\nFor a two dimensional point (x, y), gives the hypotenuse\nusing the Pythagorean theorem:  sqrt(x*x + y*y).\n\nFor example, the hypotenuse of a 3/4/5 right triangle is:\n\n    >>> hypot(3.0, 4.0)\n    5.0\n"
math	isclose	"Determine whether two floating-point numbers are close in value.\n\n  rel_tol\n    maximum difference for being considered \"close\", relative to the\n    magnitude of the input values\n  abs_tol\n    maximum difference for being considered \"close\", regardless of the\n    magnitude of the input values\n\nReturn True if a is close in value to b, and False otherwise.\n\nFor the values to be considered close, the difference between them\nmust be smaller than at least one of the tolerances.\n\n-inf, inf and NaN behave similarly to the IEEE 754 Standard.  That\nis, NaN is not close to anything, even itself.  inf and -inf are\nonly close to themselves."
math	isfinite	"Return True if x is neither an infinity nor a NaN, and False otherwise."
math	isinf	"Return True if x is a positive or negative infinity, and False otherwise."
math	isnan	"Return True if x is a NaN (not a number), and False otherwise."
math	isqrt	"Return the integer part of the square root of the input."
math	lcm	"Least Common Multiple."
math	ldexp	"Return x * (2**i).\n\nThis is essentially the inverse of frexp()."
math	lgamma	"Natural logarithm of absolute value of Gamma function at x."
math	log	"log(x, [base=math.e])\nReturn the logarithm of x to the given base.\n\nIf the base is not specified, returns the natural logarithm (base e) of x."
math	log10	"Return the base 10 logarithm of x."
math	log1p	"Return the natural logarithm of 1+x (base e).\n\nThe result is computed in a way which is accurate for x near zero."
math	log2	"Return the base 2 logarithm of x."
math	modf	"Return the fractional and integer parts of x.\n\nBoth results carry the sign of x and are floats."
math	nextafter	"Return the floating-point value the given number of steps after x towards y.\n\nIf steps is not specified or is None, it defaults to 1.\n\nRaises a TypeError, if x or y is not a double, or if steps is not an integer.\nRaises ValueError if steps is negative."
math	perm	"Number of ways to choose k items from n items without repetition and with order.\n\nEvaluates to n! / (n - k)! when k <= n and evaluates\nto zero when k > n.\n\nIf k is not specified or is None, then k defaults to n\nand the function returns n!.\n\nRaises TypeError if either of the arguments are not integers.\nRaises ValueError if either of the arguments are negative."
math	pow	"Return x**y (x to the power of y)."
math	prod	"Calculate the product of all the elements in the input iterable.\n\nThe default start value for the product is 1.\n\nWhen the iterable is empty, return the start value.  This function is\nintended specifically for use with numeric values and may reject\nnon-numeric types."
math	radians	"Convert angle x from degrees to radians."
math	remainder	"Difference between x and the closest integer multiple of y.\n\nReturn x - n*y where n*y is the closest integer multiple of y.\nIn the case where x is exactly halfway between two multiples of\ny, the nearest even value of n is used. The result is always exact."
math	sin	"Return the sine of x (measured in radians)."
math	sinh	"Return the hyperbolic sine of x."
math	sqrt	"Return the square root of x."
math	sumprod	"Return the sum of products of values from two iterables p and q.\n\nRoughly equivalent to:\n\n    sum(itertools.starmap(operator.mul, zip(p, q, strict=True)))\n\nFor float and mixed int/float inputs, the intermediate products\nand sums are computed with extended precision."
math	tan	"Return the tangent of x (measured in radians)."
math	tanh	"Return the hyperbolic tangent of x."
math	trunc	"Truncates the Real x to the nearest Integral toward 0.\n\nUses the __trunc__ magic method."
math	ulp	"Return the value of the least significant bit of the float x."
mmap		null
mmap	mmap	"Windows: mmap(fileno, length[, tagname[, access[, offset]]])\n\nMaps length bytes from the file specified by the file handle fileno,\nand returns a mmap object.  If length is larger than the current size\nof the file, the file is extended to contain length bytes.  If length\nis 0, the maximum length of the map is the current size of the file,\nexcept that if the file is empty Windows raises an exception (you cannot\ncreate an empty mapping on Windows).\n\nUnix: mmap(fileno, length[, flags[, prot[, access[, offset[, trackfd]]]]])\n\nMaps length bytes from the file specified by the file descriptor fileno,\nand returns a mmap object.  If length is 0, the maximum length of the map\nwill be the current size of the file when mmap is called.\nflags specifies the nature of the mapping. MAP_PRIVATE creates a\nprivate copy-on-write mapping, so changes to the contents of the mmap\nobject will be private to this process, and MAP_SHARED creates a mapping\nthat's shared with all other processes mapping the same areas of the file.\nThe default value is MAP_SHARED.\n\nTo map anonymous memory, pass -1 as the fileno (both versions)."
mmap	mmap.close	null
mmap	mmap.closed	null
mmap	mmap.find	null
mmap	mmap.flush	null
mmap	mmap.madvise	null
mmap	mmap.move	null
mmap	mmap.read	null
mmap	mmap.read_byte	null
mmap	mmap.readline	null
mmap	mmap.resize	null
mmap	mmap.rfind	null
mmap	mmap.seek	null
mmap	mmap.seekable	null
mmap	mmap.size	null
mmap	mmap.tell	null
mmap	mmap.write	null
mmap	mmap.write_byte	null
multiprocessing	active_children	"\nReturn list of process objects corresponding to live child processes\n"
multiprocessing	current_process	"\nReturn process object representing the current process\n"
multiprocessing	parent_process	"\nReturn process object representing the parent process\n"
ntpath	commonprefix	"Given a list of pathnames, returns the longest common leading component"
ntpath	exists	"Test whether a path exists.  Returns False for broken symbolic links"
ntpath	getatime	"Return the last access time of a file, reported by os.stat()."
ntpath	getctime	"Return the metadata change time of a file, reported by os.stat()."
ntpath	getmtime	"Return the last modification time of a file, reported by os.stat()."
ntpath	getsize	"Return the size of a file, reported by os.stat()."
ntpath	isdevdrive	"Determines whether the specified path is on a Windows Dev Drive.\nDev Drives are not supported on the current platform"
ntpath	isdir	"Return true if the pathname refers to an existing directory."
ntpath	isfile	"Test whether a path is a regular file"
ntpath	isjunction	"Test whether a path is a junction\nJunctions are not supported on the current platform"
ntpath	islink	"Test whether a path is a symbolic link"
ntpath	lexists	"Test whether a path exists.  Returns True for broken symbolic links"
ntpath	samefile	"Test whether two pathnames reference the same actual file or directory\n\nThis is determined by the device number and i-node number and\nraises an exception if an os.stat() call on either pathname fails.\n"
ntpath	sameopenfile	"Test whether two open file objects reference the same file"
ntpath	samestat	"Test whether two stat buffers reference the same file"
ntpath	splitext	"Split the extension from a pathname.\n\nExtension is everything from the last dot to the end, ignoring\nleading dots.  Returns \"(root, ext)\"; ext may be empty."
numbers	abstractmethod	"A decorator indicating abstract methods.\n\nRequires that the metaclass is ABCMeta or derived from it.  A\nclass that has a metaclass derived from ABCMeta cannot be\ninstantiated unless all of its abstract methods are overridden.\nThe abstract methods can be called using any of the normal\n'super' call mechanisms.  abstractmethod() may be used to declare\nabstract methods for properties and descriptors.\n\nUsage:\n\n    class C(metaclass=ABCMeta):\n        @abstractmethod\n        def my_abstract_method(self, arg1, arg2, argN):\n            ...\n"
_operator		"Operator interface.\n\nThis module exports a set of functions implemented in C corresponding\nto the intrinsic operators of Python.  For example, operator.add(x, y)\nis equivalent to the expression x+y.  The function names are those\nused for special methods; variants without leading and trailing\n'__' are also provided for convenience."
_operator	_compare_digest	"Return 'a == b'.\n\nThis function uses an approach designed to prevent\ntiming analysis, making it appropriate for cryptography.\n\na and b must both be of the same type: either str (ASCII only),\nor any bytes-like object.\n\nNote: If a and b are of different lengths, or if an error occurs,\na timing attack could theoretically reveal information about the\ntypes and lengths of a and b--but not their values."
_operator	abs	"Same as abs(a)."
_operator	add	"Same as a + b."
_operator	and_	"Same as a & b."
_operator	call	"Same as obj(*args, **kwargs)."
_operator	concat	"Same as a + b, for a and b sequences."
_operator	contains	"Same as b in a (note reversed operands)."
_operator	countOf	"Return the number of items in a which are, or which equal, b."
_operator	delitem	"Same as del a[b]."
_operator	eq	"Same as a == b."
_operator	floordiv	"Same as a // b."
_operator	ge	"Same as a >= b."
_operator	getitem	"Same as a[b]."
_operator	gt	"Same as a > b."
_operator	iadd	"Same as a += b."
_operator	iand	"Same as a &= b."
_operator	iconcat	"Same as a += b, for a and b sequences."
_operator	ifloordiv	"Same as a //= b."
_operator	ilshift	"Same as a <<= b."
_operator	imatmul	"Same as a @= b."
_operator	imod	"Same as a %= b."
_operator	imul	"Same as a *= b."
_operator	index	"Same as a.__index__()"
_operator	indexOf	"Return the first index of b in a."
_operator	inv	"Same as ~a."
_operator	invert	"Same as ~a."
_operator	ior	"Same as a |= b."
_operator	ipow	"Same as a **= b."
_operator	irshift	"Same as a >>= b."
_operator	is_	"Same as a is b."
_operator	is_not	"Same as a is not b."
_operator	isub	"Same as a -= b."
_operator	itruediv	"Same as a /= b."
_operator	ixor	"Same as a ^= b."
_operator	le	"Same as a <= b."
_operator	length_hint	"Return an estimate of the number of items in obj.\n\nThis is useful for presizing containers when building from an iterable.\n\nIf the object supports len(), the result will be exact.\nOtherwise, it may over- or under-estimate by an arbitrary amount.\nThe result will be an integer >= 0."
_operator	lshift	"Same as a << b."
_operator	lt	"Same as a < b."
_operator	matmul	"Same as a @ b."
_operator	mod	"Same as a % b."
_operator	mul	"Same as a * b."
_operator	ne	"Same as a != b."
_operator	neg	"Same as -a."
_operator	not_	"Same as not a."
_operator	or_	"Same as a | b."
_operator	pos	"Same as +a."
_operator	pow	"Same as a ** b."
_operator	rshift	"Same as a >> b."
_operator	setitem	"Same as a[b] = c."
_operator	sub	"Same as a - b."
_operator	truediv	"Same as a / b."
_operator	truth	"Return True if a is true, False otherwise."
_operator	xor	"Same as a ^ b."
operator		"Operator interface.\n\nThis module exports a set of functions implemented in C corresponding\nto the intrinsic operators of Python.  For example, operator.add(x, y)\nis equivalent to the expression x+y.  The function names are those\nused for special methods; variants without leading and trailing\n'__' are also provided for convenience."
operator	__abs__	"Same as abs(a)."
operator	__add__	"Same as a + b."
operator	__and__	"Same as a & b."
operator	__call__	"Same as obj(*args, **kwargs)."
operator	__concat__	"Same as a + b, for a and b sequences."
operator	__contains__	"Same as b in a (note reversed operands)."
operator	__delitem__	"Same as del a[b]."
operator	__eq__	"Same as a == b."
operator	__floordiv__	"Same as a // b."
operator	__ge__	"Same as a >= b."
operator	__getitem__	"Same as a[b]."
operator	__gt__	"Same as a > b."
operator	__iadd__	"Same as a += b."
operator	__iand__	"Same as a &= b."
operator	__iconcat__	"Same as a += b, for a and b sequences."
operator	__ifloordiv__	"Same as a //= b."
operator	__ilshift__	"Same as a <<= b."
operator	__imatmul__	"Same as a @= b."
operator	__imod__	"Same as a %= b."
operator	__imul__	"Same as a *= b."
operator	__index__	"Same as a.__index__()"
operator	__inv__	"Same as ~a."
operator	__invert__	"Same as ~a."
operator	__ior__	"Same as a |= b."
operator	__ipow__	"Same as a **= b."
operator	__irshift__	"Same as a >>= b."
operator	__isub__	"Same as a -= b."
operator	__itruediv__	"Same as a /= b."
operator	__ixor__	"Same as a ^= b."
operator	__le__	"Same as a <= b."
operator	__lshift__	"Same as a << b."
operator	__lt__	"Same as a < b."
operator	__matmul__	"Same as a @ b."
operator	__mod__	"Same as a % b."
operator	__mul__	"Same as a * b."
operator	__ne__	"Same as a != b."
operator	__neg__	"Same as -a."
operator	__not__	"Same as not a."
operator	__or__	"Same as a | b."
operator	__pos__	"Same as +a."
operator	__pow__	"Same as a ** b."
operator	__rshift__	"Same as a >> b."
operator	__setitem__	"Same as a[b] = c."
operator	__sub__	"Same as a - b."
operator	__truediv__	"Same as a / b."
operator	__xor__	"Same as a ^ b."
operator	_abs	"Return the absolute value of the argument."
operator	attrgetter	"Return a callable object that fetches the given attribute(s) from its operand.\nAfter f = attrgetter('name'), the call f(r) returns r.name.\nAfter g = attrgetter('name', 'date'), the call g(r) returns (r.name, r.date).\nAfter h = attrgetter('name.first', 'name.last'), the call h(r) returns\n(r.name.first, r.name.last)."
operator	index	"Same as a.__index__()"
operator	invert	"Same as ~a."
operator	itemgetter	"Return a callable object that fetches the given item(s) from its operand.\nAfter f = itemgetter(2), the call f(r) returns r[2].\nAfter g = itemgetter(2, 5, 3), the call g(r) returns (r[2], r[5], r[3])"
operator	length_hint	"Return an estimate of the number of items in obj.\n\nThis is useful for presizing containers when building from an iterable.\n\nIf the object supports len(), the result will be exact.\nOtherwise, it may over- or under-estimate by an arbitrary amount.\nThe result will be an integer >= 0."
operator	methodcaller	"Return a callable object that calls the given method on its operand.\nAfter f = methodcaller('name'), the call f(r) returns r.name().\nAfter g = methodcaller('name', 'date', foo=1), the call g(r) returns\nr.name('date', foo=1)."
optparse	_	null
optparse	make_option	"\nInstance attributes:\n  _short_opts : [string]\n  _long_opts : [string]\n\n  action : string\n  type : string\n  dest : string\n  default : any\n  nargs : int\n  const : any\n  choices : [string]\n  callback : function\n  callback_args : (any*)\n  callback_kwargs : { string : any }\n  help : string\n  metavar : string\n"
optparse	make_option._check_action	null
optparse	make_option._check_callback	null
optparse	make_option._check_choice	null
optparse	make_option._check_const	null
optparse	make_option._check_dest	null
optparse	make_option._check_nargs	null
optparse	make_option._check_opt_strings	null
optparse	make_option._check_type	null
optparse	make_option._set_attrs	null
optparse	make_option._set_opt_strings	null
optparse	make_option.check_value	null
optparse	make_option.convert_value	null
optparse	make_option.get_opt_string	null
optparse	make_option.process	null
optparse	make_option.take_action	null
optparse	make_option.takes_value	null
os	DirEntry	null
os	DirEntry.inode	"Return inode of the entry; cached per entry."
os	DirEntry.is_dir	"Return True if the entry is a directory; cached per entry."
os	DirEntry.is_file	"Return True if the entry is a file; cached per entry."
os	DirEntry.is_junction	"Return True if the entry is a junction; cached per entry."
os	DirEntry.is_symlink	"Return True if the entry is a symbolic link; cached per entry."
os	DirEntry.name	"the entry's base filename, relative to scandir() \"path\" argument"
os	DirEntry.path	"the entry's full path name; equivalent to os.path.join(scandir_path, entry.name)"
os	DirEntry.stat	"Return stat_result object for the entry; cached per entry."
os	WCOREDUMP	"Return True if the process returning status was dumped to a core file."
os	WEXITSTATUS	"Return the process return code from status."
os	WIFCONTINUED	"Return True if a particular process was continued from a job control stop.\n\nReturn True if the process returning status was continued from a\njob control stop."
os	WIFEXITED	"Return True if the process returning status exited via the exit() system call."
os	WIFSIGNALED	"Return True if the process returning status was terminated by a signal."
os	WIFSTOPPED	"Return True if the process returning status was stopped."
os	WSTOPSIG	"Return the signal that stopped the process that provided the status value."
os	WTERMSIG	"Return the signal that terminated the process that provided the status value."
os	_check_methods	null
os	_exit	"Exit to the system with specified status, without normal exit processing."
os	abort	"Abort the interpreter immediately.\n\nThis function 'dumps core' or otherwise fails in the hardest way possible\non the hosting operating system.  This function never returns."
os	access	"Use the real uid/gid to test for access to a path.\n\n  path\n    Path to be tested; can be string, bytes, or a path-like object.\n  mode\n    Operating-system mode bitfield.  Can be F_OK to test existence,\n    or the inclusive-OR of R_OK, W_OK, and X_OK.\n  dir_fd\n    If not None, it should be a file descriptor open to a directory,\n    and path should be relative; path will then be relative to that\n    directory.\n  effective_ids\n    If True, access will use the effective uid/gid instead of\n    the real uid/gid.\n  follow_symlinks\n    If False, and the last element of the path is a symbolic link,\n    access will examine the symbolic link itself instead of the file\n    the link points to.\n\ndir_fd, effective_ids, and follow_symlinks may not be implemented\n  on your platform.  If they are unavailable, using them will raise a\n  NotImplementedError.\n\nNote that most operations will use the effective uid/gid, therefore this\n  routine can be used in a suid/sgid environment to test if the invoking user\n  has the specified access to the path."
os	chdir	"Change the current working directory to the specified path.\n\npath may always be specified as a string.\nOn some platforms, path may also be specified as an open file descriptor.\n  If this functionality is unavailable, using it raises an exception."
os	chmod	"Change the access permissions of a file.\n\n  path\n    Path to be modified.  May always be specified as a str, bytes, or a path-like object.\n    On some platforms, path may also be specified as an open file descriptor.\n    If this functionality is unavailable, using it raises an exception.\n  mode\n    Operating-system mode bitfield.\n    Be careful when using number literals for *mode*. The conventional UNIX notation for\n    numeric modes uses an octal base, which needs to be indicated with a ``0o`` prefix in\n    Python.\n  dir_fd\n    If not None, it should be a file descriptor open to a directory,\n    and path should be relative; path will then be relative to that\n    directory.\n  follow_symlinks\n    If False, and the last element of the path is a symbolic link,\n    chmod will modify the symbolic link itself instead of the file\n    the link points to.\n\nIt is an error to use dir_fd or follow_symlinks when specifying path as\n  an open file descriptor.\ndir_fd and follow_symlinks may not be implemented on your platform.\n  If they are unavailable, using them will raise a NotImplementedError."
os	chown	"Change the owner and group id of path to the numeric uid and gid.\\\n\n  path\n    Path to be examined; can be string, bytes, a path-like object, or open-file-descriptor int.\n  dir_fd\n    If not None, it should be a file descriptor open to a directory,\n    and path should be relative; path will then be relative to that\n    directory.\n  follow_symlinks\n    If False, and the last element of the path is a symbolic link,\n    stat will examine the symbolic link itself instead of the file\n    the link points to.\n\npath may always be specified as a string.\nOn some platforms, path may also be specified as an open file descriptor.\n  If this functionality is unavailable, using it raises an exception.\nIf dir_fd is not None, it should be a file descriptor open to a directory,\n  and path should be relative; path will then be relative to that directory.\nIf follow_symlinks is False, and the last element of the path is a symbolic\n  link, chown will modify the symbolic link itself instead of the file the\n  link points to.\nIt is an error to use dir_fd or follow_symlinks when specifying path as\n  an open file descriptor.\ndir_fd and follow_symlinks may not be implemented on your platform.\n  If they are unavailable, using them will raise a NotImplementedError."
os	chroot	"Change root directory to path."
os	close	"Close a file descriptor."
os	closerange	"Closes all file descriptors in [fd_low, fd_high), ignoring errors."
os	confstr	"Return a string-valued system configuration variable."
os	copy_file_range	"Copy count bytes from one file descriptor to another.\n\n  src\n    Source file descriptor.\n  dst\n    Destination file descriptor.\n  count\n    Number of bytes to copy.\n  offset_src\n    Starting offset in src.\n  offset_dst\n    Starting offset in dst.\n\nIf offset_src is None, then src is read from the current position;\nrespectively for offset_dst."
os	cpu_count	"Return the number of logical CPUs in the system.\n\nReturn None if indeterminable."
os	ctermid	"Return the name of the controlling terminal for this process."
os	device_encoding	"Return a string describing the encoding of a terminal's file descriptor.\n\nThe file descriptor must be attached to a terminal.\nIf the device is not a terminal, return None."
os	dup	"Return a duplicate of a file descriptor."
os	dup2	"Duplicate file descriptor."
os	eventfd	"Creates and returns an event notification file descriptor."
os	eventfd_read	"Read eventfd value"
os	eventfd_write	"Write eventfd value."
os	execv	"Execute an executable path with arguments, replacing current process.\n\n  path\n    Path of executable file.\n  argv\n    Tuple or list of strings."
os	execve	"Execute an executable path with arguments, replacing current process.\n\n  path\n    Path of executable file.\n  argv\n    Tuple or list of strings.\n  env\n    Dictionary of strings mapping to strings."
os	fchdir	"Change to the directory of the given file descriptor.\n\nfd must be opened on a directory, not a file.\nEquivalent to os.chdir(fd)."
os	fchmod	"Change the access permissions of the file given by file descriptor fd.\n\n  fd\n    The file descriptor of the file to be modified.\n  mode\n    Operating-system mode bitfield.\n    Be careful when using number literals for *mode*. The conventional UNIX notation for\n    numeric modes uses an octal base, which needs to be indicated with a ``0o`` prefix in\n    Python.\n\nEquivalent to os.chmod(fd, mode)."
os	fchown	"Change the owner and group id of the file specified by file descriptor.\n\nEquivalent to os.chown(fd, uid, gid)."
os	fdatasync	"Force write of fd to disk without forcing update of metadata."
os	fork	"Fork a child process.\n\nReturn 0 to child process and PID of child to parent process."
os	forkpty	"Fork a new process with a new pseudo-terminal as controlling tty.\n\nReturns a tuple of (pid, master_fd).\nLike fork(), return pid of 0 to the child process,\nand pid of child to the parent process.\nTo both, return fd of newly opened pseudo-terminal."
os	fpathconf	"Return the configuration limit name for the file descriptor fd.\n\nIf there is no limit, return -1."
os	fsdecode	"Decode filename (an os.PathLike, bytes, or str) from the filesystem\nencoding with 'surrogateescape' error handler, return str unchanged. On\nWindows, use 'strict' error handler if the file system encoding is\n'mbcs' (which is the default encoding).\n"
os	fsencode	"Encode filename (an os.PathLike, bytes, or str) to the filesystem\nencoding with 'surrogateescape' error handler, return bytes unchanged.\nOn Windows, use 'strict' error handler if the file system encoding is\n'mbcs' (which is the default encoding).\n"
os	fspath	"Return the file system path representation of the object.\n\nIf the object is str or bytes, then allow it to pass through as-is. If the\nobject defines __fspath__(), then return the result of that method. All other\ntypes raise a TypeError."
os	fstat	"Perform a stat system call on the given file descriptor.\n\nLike stat(), but for an open file descriptor.\nEquivalent to os.stat(fd)."
os	fstatvfs	"Perform an fstatvfs system call on the given fd.\n\nEquivalent to statvfs(fd)."
os	fsync	"Force write of fd to disk."
os	ftruncate	"Truncate a file, specified by file descriptor, to a specific length."
os	get_blocking	"Get the blocking mode of the file descriptor.\n\nReturn False if the O_NONBLOCK flag is set, True if the flag is cleared."
os	get_inheritable	"Get the close-on-exe flag of the specified file descriptor."
os	get_terminal_size	"Return the size of the terminal window as (columns, lines).\n\nThe optional argument fd (default standard output) specifies\nwhich file descriptor should be queried.\n\nIf the file descriptor is not connected to a terminal, an OSError\nis thrown.\n\nThis function will only be defined if an implementation is\navailable for this system.\n\nshutil.get_terminal_size is the high-level function which should\nnormally be used, os.get_terminal_size is the low-level implementation."
os	getcwd	"Return a unicode string representing the current working directory."
os	getcwdb	"Return a bytes string representing the current working directory."
os	getegid	"Return the current process's effective group id."
os	geteuid	"Return the current process's effective user id."
os	getgid	"Return the current process's group id."
os	getgrouplist	"Returns a list of groups to which a user belongs.\n\n  user\n    username to lookup\n  group\n    base group id of the user"
os	getgroups	"Return list of supplemental group IDs for the process."
os	getloadavg	"Return average recent system load information.\n\nReturn the number of processes in the system run queue averaged over\nthe last 1, 5, and 15 minutes as a tuple of three floats.\nRaises OSError if the load average was unobtainable."
os	getlogin	"Return the actual login name."
os	getpgid	"Call the system call getpgid(), and return the result."
os	getpgrp	"Return the current process group id."
os	getpid	"Return the current process id."
os	getppid	"Return the parent's process id.\n\nIf the parent process has already exited, Windows machines will still\nreturn its id; others systems will return the id of the 'init' process (1)."
os	getpriority	"Return program scheduling priority."
os	getrandom	"Obtain a series of random bytes."
os	getresgid	"Return a tuple of the current process's real, effective, and saved group ids."
os	getresuid	"Return a tuple of the current process's real, effective, and saved user ids."
os	getsid	"Call the system call getsid(pid) and return the result."
os	getuid	"Return the current process's user id."
os	getxattr	"Return the value of extended attribute attribute on path.\n\npath may be either a string, a path-like object, or an open file descriptor.\nIf follow_symlinks is False, and the last element of the path is a symbolic\n  link, getxattr will examine the symbolic link itself instead of the file\n  the link points to."
os	grantpt	"Grant access to the slave pseudo-terminal device.\n\n  fd\n    File descriptor of a master pseudo-terminal device.\n\nPerforms a grantpt() C function call."
os	initgroups	"Initialize the group access list.\n\nCall the system initgroups() to initialize the group access list with all of\nthe groups of which the specified username is a member, plus the specified\ngroup id."
os	isatty	"Return True if the fd is connected to a terminal.\n\nReturn True if the file descriptor is an open file descriptor\nconnected to the slave end of a terminal."
os	kill	"Kill a process with a signal."
os	killpg	"Kill a process group with a signal."
os	lchown	"Change the owner and group id of path to the numeric uid and gid.\n\nThis function will not follow symbolic links.\nEquivalent to os.chown(path, uid, gid, follow_symlinks=False)."
os	link	"Create a hard link to a file.\n\nIf either src_dir_fd or dst_dir_fd is not None, it should be a file\n  descriptor open to a directory, and the respective path string (src or dst)\n  should be relative; the path will then be relative to that directory.\nIf follow_symlinks is False, and the last element of src is a symbolic\n  link, link will create a link to the symbolic link itself instead of the\n  file the link points to.\nsrc_dir_fd, dst_dir_fd, and follow_symlinks may not be implemented on your\n  platform.  If they are unavailable, using them will raise a\n  NotImplementedError."
os	listdir	"Return a list containing the names of the files in the directory.\n\npath can be specified as either str, bytes, or a path-like object.  If path is bytes,\n  the filenames returned will also be bytes; in all other circumstances\n  the filenames returned will be str.\nIf path is None, uses the path='.'.\nOn some platforms, path may also be specified as an open file descriptor;\\\n  the file descriptor must refer to a directory.\n  If this functionality is unavailable, using it raises NotImplementedError.\n\nThe list is in arbitrary order.  It does not include the special\nentries '.' and '..' even if they are present in the directory."
os	listxattr	"Return a list of extended attributes on path.\n\npath may be either None, a string, a path-like object, or an open file descriptor.\nif path is None, listxattr will examine the current directory.\nIf follow_symlinks is False, and the last element of the path is a symbolic\n  link, listxattr will examine the symbolic link itself instead of the file\n  the link points to."
os	lockf	"Apply, test or remove a POSIX lock on an open file descriptor.\n\n  fd\n    An open file descriptor.\n  command\n    One of F_LOCK, F_TLOCK, F_ULOCK or F_TEST.\n  length\n    The number of bytes to lock, starting at the current position."
os	login_tty	"Prepare the tty of which fd is a file descriptor for a new login session.\n\nMake the calling process a session leader; make the tty the\ncontrolling tty, the stdin, the stdout, and the stderr of the\ncalling process; close fd."
os	lseek	"Set the position of a file descriptor.  Return the new position.\n\n  fd\n    An open file descriptor, as returned by os.open().\n  position\n    Position, interpreted relative to 'whence'.\n  whence\n    The relative position to seek from. Valid values are:\n    - SEEK_SET: seek from the start of the file.\n    - SEEK_CUR: seek from the current file position.\n    - SEEK_END: seek from the end of the file.\n\nThe return value is the number of bytes relative to the beginning of the file."
os	lstat	"Perform a stat system call on the given path, without following symbolic links.\n\nLike stat(), but do not follow symbolic links.\nEquivalent to stat(path, follow_symlinks=False)."
os	major	"Extracts a device major number from a raw device number."
os	makedev	"Composes a raw device number from the major and minor device numbers."
os	memfd_create	null
os	minor	"Extracts a device minor number from a raw device number."
os	mkdir	"Create a directory.\n\nIf dir_fd is not None, it should be a file descriptor open to a directory,\n  and path should be relative; path will then be relative to that directory.\ndir_fd may not be implemented on your platform.\n  If it is unavailable, using it will raise a NotImplementedError.\n\nThe mode argument is ignored on Windows. Where it is used, the current umask\nvalue is first masked out."
os	mkfifo	"Create a \"fifo\" (a POSIX named pipe).\n\nIf dir_fd is not None, it should be a file descriptor open to a directory,\n  and path should be relative; path will then be relative to that directory.\ndir_fd may not be implemented on your platform.\n  If it is unavailable, using it will raise a NotImplementedError."
os	mknod	"Create a node in the file system.\n\nCreate a node in the file system (file, device special file or named pipe)\nat path.  mode specifies both the permissions to use and the\ntype of node to be created, being combined (bitwise OR) with one of\nS_IFREG, S_IFCHR, S_IFBLK, and S_IFIFO.  If S_IFCHR or S_IFBLK is set on mode,\ndevice defines the newly created device special file (probably using\nos.makedev()).  Otherwise device is ignored.\n\nIf dir_fd is not None, it should be a file descriptor open to a directory,\n  and path should be relative; path will then be relative to that directory.\ndir_fd may not be implemented on your platform.\n  If it is unavailable, using it will raise a NotImplementedError."
os	nice	"Add increment to the priority of process and return the new priority."
os	open	"Open a file for low level IO.  Returns a file descriptor (integer).\n\nIf dir_fd is not None, it should be a file descriptor open to a directory,\n  and path should be relative; path will then be relative to that directory.\ndir_fd may not be implemented on your platform.\n  If it is unavailable, using it will raise a NotImplementedError."
os	openpty	"Open a pseudo-terminal.\n\nReturn a tuple of (master_fd, slave_fd) containing open file descriptors\nfor both the master and slave ends."
os	pathconf	"Return the configuration limit name for the file or directory path.\n\nIf there is no limit, return -1.\nOn some platforms, path may also be specified as an open file descriptor.\n  If this functionality is unavailable, using it raises an exception."
os	pidfd_open	"Return a file descriptor referring to the process *pid*.\n\nThe descriptor can be used to perform process management without races and\nsignals."
os	pipe	"Create a pipe.\n\nReturns a tuple of two file descriptors:\n  (read_fd, write_fd)"
os	pipe2	"Create a pipe with flags set atomically.\n\nReturns a tuple of two file descriptors:\n  (read_fd, write_fd)\n\nflags can be constructed by ORing together one or more of these values:\nO_NONBLOCK, O_CLOEXEC."
os	posix_fadvise	"Announce an intention to access data in a specific pattern.\n\nAnnounce an intention to access data in a specific pattern, thus allowing\nthe kernel to make optimizations.\nThe advice applies to the region of the file specified by fd starting at\noffset and continuing for length bytes.\nadvice is one of POSIX_FADV_NORMAL, POSIX_FADV_SEQUENTIAL,\nPOSIX_FADV_RANDOM, POSIX_FADV_NOREUSE, POSIX_FADV_WILLNEED, or\nPOSIX_FADV_DONTNEED."
os	posix_fallocate	"Ensure a file has allocated at least a particular number of bytes on disk.\n\nEnsure that the file specified by fd encompasses a range of bytes\nstarting at offset bytes from the beginning and continuing for length bytes."
os	posix_openpt	"Open and return a file descriptor for a master pseudo-terminal device.\n\nPerforms a posix_openpt() C function call. The oflag argument is used to\nset file status flags and file access modes as specified in the manual page\nof posix_openpt() of your system."
os	posix_spawn	"Execute the program specified by path in a new process.\n\n  path\n    Path of executable file.\n  argv\n    Tuple or list of strings.\n  env\n    Dictionary of strings mapping to strings.\n  file_actions\n    A sequence of file action tuples.\n  setpgroup\n    The pgroup to use with the POSIX_SPAWN_SETPGROUP flag.\n  resetids\n    If the value is `true` the POSIX_SPAWN_RESETIDS will be activated.\n  setsid\n    If the value is `true` the POSIX_SPAWN_SETSID or POSIX_SPAWN_SETSID_NP will be activated.\n  setsigmask\n    The sigmask to use with the POSIX_SPAWN_SETSIGMASK flag.\n  setsigdef\n    The sigmask to use with the POSIX_SPAWN_SETSIGDEF flag.\n  scheduler\n    A tuple with the scheduler policy (optional) and parameters."
os	posix_spawnp	"Execute the program specified by path in a new process.\n\n  path\n    Path of executable file.\n  argv\n    Tuple or list of strings.\n  env\n    Dictionary of strings mapping to strings.\n  file_actions\n    A sequence of file action tuples.\n  setpgroup\n    The pgroup to use with the POSIX_SPAWN_SETPGROUP flag.\n  resetids\n    If the value is `True` the POSIX_SPAWN_RESETIDS will be activated.\n  setsid\n    If the value is `True` the POSIX_SPAWN_SETSID or POSIX_SPAWN_SETSID_NP will be activated.\n  setsigmask\n    The sigmask to use with the POSIX_SPAWN_SETSIGMASK flag.\n  setsigdef\n    The sigmask to use with the POSIX_SPAWN_SETSIGDEF flag.\n  scheduler\n    A tuple with the scheduler policy (optional) and parameters."
os	pread	"Read a number of bytes from a file descriptor starting at a particular offset.\n\nRead length bytes from file descriptor fd, starting at offset bytes from\nthe beginning of the file.  The file offset remains unchanged."
os	preadv	"Reads from a file descriptor into a number of mutable bytes-like objects.\n\nCombines the functionality of readv() and pread(). As readv(), it will\ntransfer data into each buffer until it is full and then move on to the next\nbuffer in the sequence to hold the rest of the data. Its fourth argument,\nspecifies the file offset at which the input operation is to be performed. It\nwill return the total number of bytes read (which can be less than the total\ncapacity of all the objects).\n\nThe flags argument contains a bitwise OR of zero or more of the following flags:\n\n- RWF_HIPRI\n- RWF_NOWAIT\n\nUsing non-zero flags requires Linux 4.6 or newer."
os	ptsname	"Return the name of the slave pseudo-terminal device.\n\n  fd\n    File descriptor of a master pseudo-terminal device.\n\nIf the ptsname_r() C function is available, it is called;\notherwise, performs a ptsname() C function call."
os	putenv	"Change or add an environment variable."
os	pwrite	"Write bytes to a file descriptor starting at a particular offset.\n\nWrite buffer to fd, starting at offset bytes from the beginning of\nthe file.  Returns the number of bytes written.  Does not change the\ncurrent file offset."
os	pwritev	"Writes the contents of bytes-like objects to a file descriptor at a given offset.\n\nCombines the functionality of writev() and pwrite(). All buffers must be a sequence\nof bytes-like objects. Buffers are processed in array order. Entire contents of first\nbuffer is written before proceeding to second, and so on. The operating system may\nset a limit (sysconf() value SC_IOV_MAX) on the number of buffers that can be used.\nThis function writes the contents of each object to the file descriptor and returns\nthe total number of bytes written.\n\nThe flags argument contains a bitwise OR of zero or more of the following flags:\n\n- RWF_DSYNC\n- RWF_SYNC\n- RWF_APPEND\n\nUsing non-zero flags requires Linux 4.7 or newer."
os	read	"Read from a file descriptor.  Returns a bytes object."
os	readlink	"Return a string representing the path to which the symbolic link points.\n\nIf dir_fd is not None, it should be a file descriptor open to a directory,\nand path should be relative; path will then be relative to that directory.\n\ndir_fd may not be implemented on your platform.  If it is unavailable,\nusing it will raise a NotImplementedError."
os	readv	"Read from a file descriptor fd into an iterable of buffers.\n\nThe buffers should be mutable buffers accepting bytes.\nreadv will transfer data into each buffer until it is full\nand then move on to the next buffer in the sequence to hold\nthe rest of the data.\n\nreadv returns the total number of bytes read,\nwhich may be less than the total capacity of all the buffers."
os	register_at_fork	"Register callables to be called when forking a new process.\n\n  before\n    A callable to be called in the parent before the fork() syscall.\n  after_in_child\n    A callable to be called in the child after fork().\n  after_in_parent\n    A callable to be called in the parent after fork().\n\n'before' callbacks are called in reverse order.\n'after_in_child' and 'after_in_parent' callbacks are called in order."
os	remove	"Remove a file (same as unlink()).\n\nIf dir_fd is not None, it should be a file descriptor open to a directory,\n  and path should be relative; path will then be relative to that directory.\ndir_fd may not be implemented on your platform.\n  If it is unavailable, using it will raise a NotImplementedError."
os	removexattr	"Remove extended attribute attribute on path.\n\npath may be either a string, a path-like object, or an open file descriptor.\nIf follow_symlinks is False, and the last element of the path is a symbolic\n  link, removexattr will modify the symbolic link itself instead of the file\n  the link points to."
os	rename	"Rename a file or directory.\n\nIf either src_dir_fd or dst_dir_fd is not None, it should be a file\n  descriptor open to a directory, and the respective path string (src or dst)\n  should be relative; the path will then be relative to that directory.\nsrc_dir_fd and dst_dir_fd, may not be implemented on your platform.\n  If they are unavailable, using them will raise a NotImplementedError."
os	replace	"Rename a file or directory, overwriting the destination.\n\nIf either src_dir_fd or dst_dir_fd is not None, it should be a file\n  descriptor open to a directory, and the respective path string (src or dst)\n  should be relative; the path will then be relative to that directory.\nsrc_dir_fd and dst_dir_fd, may not be implemented on your platform.\n  If they are unavailable, using them will raise a NotImplementedError."
os	rmdir	"Remove a directory.\n\nIf dir_fd is not None, it should be a file descriptor open to a directory,\n  and path should be relative; path will then be relative to that directory.\ndir_fd may not be implemented on your platform.\n  If it is unavailable, using it will raise a NotImplementedError."
os	scandir	"Return an iterator of DirEntry objects for given path.\n\npath can be specified as either str, bytes, or a path-like object.  If path\nis bytes, the names of yielded DirEntry objects will also be bytes; in\nall other circumstances they will be str.\n\nIf path is None, uses the path='.'."
os	sched_get_priority_max	"Get the maximum scheduling priority for policy."
os	sched_get_priority_min	"Get the minimum scheduling priority for policy."
os	sched_getaffinity	"Return the affinity of the process identified by pid (or the current process if zero).\n\nThe affinity is returned as a set of CPU identifiers."
os	sched_getparam	"Returns scheduling parameters for the process identified by pid.\n\nIf pid is 0, returns parameters for the calling process.\nReturn value is an instance of sched_param."
os	sched_getscheduler	"Get the scheduling policy for the process identified by pid.\n\nPassing 0 for pid returns the scheduling policy for the calling process."
os	sched_param	"Currently has only one field: sched_priority\n\n  sched_priority\n    A scheduling parameter."
os	sched_param.sched_priority	"the scheduling priority"
os	sched_rr_get_interval	"Return the round-robin quantum for the process identified by pid, in seconds.\n\nValue returned is a float."
os	sched_setaffinity	"Set the CPU affinity of the process identified by pid to mask.\n\nmask should be an iterable of integers identifying CPUs."
os	sched_setparam	"Set scheduling parameters for the process identified by pid.\n\nIf pid is 0, sets parameters for the calling process.\nparam should be an instance of sched_param."
os	sched_setscheduler	"Set the scheduling policy for the process identified by pid.\n\nIf pid is 0, the calling process is changed.\nparam is an instance of sched_param."
os	sched_yield	"Voluntarily relinquish the CPU."
os	sendfile	"Copy count bytes from file descriptor in_fd to file descriptor out_fd."
os	set_blocking	"Set the blocking mode of the specified file descriptor.\n\nSet the O_NONBLOCK flag if blocking is False,\nclear the O_NONBLOCK flag otherwise."
os	set_inheritable	"Set the inheritable flag of the specified file descriptor."
os	setegid	"Set the current process's effective group id."
os	seteuid	"Set the current process's effective user id."
os	setgid	"Set the current process's group id."
os	setgroups	"Set the groups of the current process to list."
os	setns	"Move the calling thread into different namespaces.\n\n  fd\n    A file descriptor to a namespace.\n  nstype\n    Type of namespace."
os	setpgid	"Call the system call setpgid(pid, pgrp)."
os	setpgrp	"Make the current process the leader of its process group."
os	setpriority	"Set program scheduling priority."
os	setregid	"Set the current process's real and effective group ids."
os	setresgid	"Set the current process's real, effective, and saved group ids."
os	setresuid	"Set the current process's real, effective, and saved user ids."
os	setreuid	"Set the current process's real and effective user ids."
os	setsid	"Call the system call setsid()."
os	setuid	"Set the current process's user id."
os	setxattr	"Set extended attribute attribute on path to value.\n\npath may be either a string, a path-like object,  or an open file descriptor.\nIf follow_symlinks is False, and the last element of the path is a symbolic\n  link, setxattr will modify the symbolic link itself instead of the file\n  the link points to."
os	splice	"Transfer count bytes from one pipe to a descriptor or vice versa.\n\n  src\n    Source file descriptor.\n  dst\n    Destination file descriptor.\n  count\n    Number of bytes to copy.\n  offset_src\n    Starting offset in src.\n  offset_dst\n    Starting offset in dst.\n  flags\n    Flags to modify the semantics of the call.\n\nIf offset_src is None, then src is read from the current position;\nrespectively for offset_dst. The offset associated to the file\ndescriptor that refers to a pipe must be None."
os	stat	"Perform a stat system call on the given path.\n\n  path\n    Path to be examined; can be string, bytes, a path-like object or\n    open-file-descriptor int.\n  dir_fd\n    If not None, it should be a file descriptor open to a directory,\n    and path should be a relative string; path will then be relative to\n    that directory.\n  follow_symlinks\n    If False, and the last element of the path is a symbolic link,\n    stat will examine the symbolic link itself instead of the file\n    the link points to.\n\ndir_fd and follow_symlinks may not be implemented\n  on your platform.  If they are unavailable, using them will raise a\n  NotImplementedError.\n\nIt's an error to use dir_fd or follow_symlinks when specifying path as\n  an open file descriptor."
os	stat_result	"stat_result: Result from stat, fstat, or lstat.\n\nThis object may be accessed either as a tuple of\n  (mode, ino, dev, nlink, uid, gid, size, atime, mtime, ctime)\nor via the attributes st_mode, st_ino, st_dev, st_nlink, st_uid, and so on.\n\nPosix/windows: If your platform supports st_blksize, st_blocks, st_rdev,\nor st_flags, they are available as attributes only.\n\nSee os.stat for more information."
os	stat_result.st_atime	"time of last access"
os	stat_result.st_atime_ns	"time of last access in nanoseconds"
os	stat_result.st_blksize	"blocksize for filesystem I/O"
os	stat_result.st_blocks	"number of blocks allocated"
os	stat_result.st_ctime	"time of last change"
os	stat_result.st_ctime_ns	"time of last change in nanoseconds"
os	stat_result.st_dev	"device"
os	stat_result.st_gid	"group ID of owner"
os	stat_result.st_ino	"inode"
os	stat_result.st_mode	"protection bits"
os	stat_result.st_mtime	"time of last modification"
os	stat_result.st_mtime_ns	"time of last modification in nanoseconds"
os	stat_result.st_nlink	"number of hard links"
os	stat_result.st_rdev	"device type (if inode device)"
os	stat_result.st_size	"total size, in bytes"
os	stat_result.st_uid	"user ID of owner"
os	statvfs	"Perform a statvfs system call on the given path.\n\npath may always be specified as a string.\nOn some platforms, path may also be specified as an open file descriptor.\n  If this functionality is unavailable, using it raises an exception."
os	statvfs_result	"statvfs_result: Result from statvfs or fstatvfs.\n\nThis object may be accessed either as a tuple of\n  (bsize, frsize, blocks, bfree, bavail, files, ffree, favail, flag, namemax),\nor via the attributes f_bsize, f_frsize, f_blocks, f_bfree, and so on.\n\nSee os.statvfs for more information."
os	statvfs_result.f_bavail	null
os	statvfs_result.f_bfree	null
os	statvfs_result.f_blocks	null
os	statvfs_result.f_bsize	null
os	statvfs_result.f_favail	null
os	statvfs_result.f_ffree	null
os	statvfs_result.f_files	null
os	statvfs_result.f_flag	null
os	statvfs_result.f_frsize	null
os	statvfs_result.f_fsid	null
os	statvfs_result.f_namemax	null
os	strerror	"Translate an error code to a message string."
os	symlink	"Create a symbolic link pointing to src named dst.\n\ntarget_is_directory is required on Windows if the target is to be\n  interpreted as a directory.  (On Windows, symlink requires\n  Windows 6.0 or greater, and raises a NotImplementedError otherwise.)\n  target_is_directory is ignored on non-Windows platforms.\n\nIf dir_fd is not None, it should be a file descriptor open to a directory,\n  and path should be relative; path will then be relative to that directory.\ndir_fd may not be implemented on your platform.\n  If it is unavailable, using it will raise a NotImplementedError."
os	sync	"Force write of everything to disk."
os	sysconf	"Return an integer-valued system configuration variable."
os	system	"Execute the command in a subshell."
os	tcgetpgrp	"Return the process group associated with the terminal specified by fd."
os	tcsetpgrp	"Set the process group associated with the terminal specified by fd."
os	terminal_size	"A tuple of (columns, lines) for holding terminal window size"
os	terminal_size.columns	"width of the terminal window in characters"
os	terminal_size.lines	"height of the terminal window in characters"
os	timerfd_create	"Create and return a timer file descriptor.\n\n  clockid\n    A valid clock ID constant as timer file descriptor.\n\n    time.CLOCK_REALTIME\n    time.CLOCK_MONOTONIC\n    time.CLOCK_BOOTTIME\n  flags\n    0 or a bit mask of os.TFD_NONBLOCK or os.TFD_CLOEXEC.\n\n    os.TFD_NONBLOCK\n        If *TFD_NONBLOCK* is set as a flag, read doesn't blocks.\n        If *TFD_NONBLOCK* is not set as a flag, read block until the timer fires.\n\n    os.TFD_CLOEXEC\n        If *TFD_CLOEXEC* is set as a flag, enable the close-on-exec flag"
os	timerfd_gettime	"Return a tuple of a timer file descriptor's (interval, next expiration) in float seconds.\n\n  fd\n    A timer file descriptor."
os	timerfd_gettime_ns	"Return a tuple of a timer file descriptor's (interval, next expiration) in nanoseconds.\n\n  fd\n    A timer file descriptor."
os	timerfd_settime	"Alter a timer file descriptor's internal timer in seconds.\n\n  fd\n    A timer file descriptor.\n  flags\n    0 or a bit mask of TFD_TIMER_ABSTIME or TFD_TIMER_CANCEL_ON_SET.\n  initial\n    The initial expiration time, in seconds.\n  interval\n    The timer's interval, in seconds."
os	timerfd_settime_ns	"Alter a timer file descriptor's internal timer in nanoseconds.\n\n  fd\n    A timer file descriptor.\n  flags\n    0 or a bit mask of TFD_TIMER_ABSTIME or TFD_TIMER_CANCEL_ON_SET.\n  initial\n    initial expiration timing in seconds.\n  interval\n    interval for the timer in seconds."
os	times	"Return a collection containing process timing information.\n\nThe object returned behaves like a named tuple with these fields:\n  (utime, stime, cutime, cstime, elapsed_time)\nAll fields are floating-point numbers."
os	times_result	"times_result: Result from os.times().\n\nThis object may be accessed either as a tuple of\n  (user, system, children_user, children_system, elapsed),\nor via the attributes user, system, children_user, children_system,\nand elapsed.\n\nSee os.times for more information."
os	times_result.children_system	"system time of children"
os	times_result.children_user	"user time of children"
os	times_result.elapsed	"elapsed time since an arbitrary point in the past"
os	times_result.system	"system time"
os	times_result.user	"user time"
os	truncate	"Truncate a file, specified by path, to a specific length.\n\nOn some platforms, path may also be specified as an open file descriptor.\n  If this functionality is unavailable, using it raises an exception."
os	ttyname	"Return the name of the terminal device connected to 'fd'.\n\n  fd\n    Integer file descriptor handle."
os	umask	"Set the current numeric umask and return the previous umask."
os	uname	"Return an object identifying the current operating system.\n\nThe object behaves like a named tuple with the following fields:\n  (sysname, nodename, release, version, machine)"
os	uname_result	"uname_result: Result from os.uname().\n\nThis object may be accessed either as a tuple of\n  (sysname, nodename, release, version, machine),\nor via the attributes sysname, nodename, release, version, and machine.\n\nSee os.uname for more information."
os	uname_result.machine	"hardware identifier"
os	uname_result.nodename	"name of machine on network (implementation-defined)"
os	uname_result.release	"operating system release"
os	uname_result.sysname	"operating system name"
os	uname_result.version	"operating system version"
os	unlink	"Remove a file (same as remove()).\n\nIf dir_fd is not None, it should be a file descriptor open to a directory,\n  and path should be relative; path will then be relative to that directory.\ndir_fd may not be implemented on your platform.\n  If it is unavailable, using it will raise a NotImplementedError."
os	unlockpt	"Unlock a pseudo-terminal master/slave pair.\n\n  fd\n    File descriptor of a master pseudo-terminal device.\n\nPerforms an unlockpt() C function call."
os	unsetenv	"Delete an environment variable."
os	unshare	"Disassociate parts of a process (or thread) execution context.\n\n  flags\n    Namespaces to be unshared."
os	urandom	"Return a bytes object containing random bytes suitable for cryptographic use."
os	utime	"Set the access and modified time of path.\n\npath may always be specified as a string.\nOn some platforms, path may also be specified as an open file descriptor.\n  If this functionality is unavailable, using it raises an exception.\n\nIf times is not None, it must be a tuple (atime, mtime);\n    atime and mtime should be expressed as float seconds since the epoch.\nIf ns is specified, it must be a tuple (atime_ns, mtime_ns);\n    atime_ns and mtime_ns should be expressed as integer nanoseconds\n    since the epoch.\nIf times is None and ns is unspecified, utime uses the current time.\nSpecifying tuples for both times and ns is an error.\n\nIf dir_fd is not None, it should be a file descriptor open to a directory,\n  and path should be relative; path will then be relative to that directory.\nIf follow_symlinks is False, and the last element of the path is a symbolic\n  link, utime will modify the symbolic link itself instead of the file the\n  link points to.\nIt is an error to use dir_fd or follow_symlinks when specifying path\n  as an open file descriptor.\ndir_fd and follow_symlinks may not be available on your platform.\n  If they are unavailable, using them will raise a NotImplementedError."
os	wait	"Wait for completion of a child process.\n\nReturns a tuple of information about the child process:\n    (pid, status)"
os	wait3	"Wait for completion of a child process.\n\nReturns a tuple of information about the child process:\n  (pid, status, rusage)"
os	wait4	"Wait for completion of a specific child process.\n\nReturns a tuple of information about the child process:\n  (pid, status, rusage)"
os	waitid	"Returns the result of waiting for a process or processes.\n\n  idtype\n    Must be one of be P_PID, P_PGID or P_ALL.\n  id\n    The id to wait on.\n  options\n    Constructed from the ORing of one or more of WEXITED, WSTOPPED\n    or WCONTINUED and additionally may be ORed with WNOHANG or WNOWAIT.\n\nReturns either waitid_result or None if WNOHANG is specified and there are\nno children in a waitable state."
os	waitid_result	"waitid_result: Result from waitid.\n\nThis object may be accessed either as a tuple of\n  (si_pid, si_uid, si_signo, si_status, si_code),\nor via the attributes si_pid, si_uid, and so on.\n\nSee os.waitid for more information."
os	waitid_result.si_code	null
os	waitid_result.si_pid	null
os	waitid_result.si_signo	null
os	waitid_result.si_status	null
os	waitid_result.si_uid	null
os	waitpid	"Wait for completion of a given child process.\n\nReturns a tuple of information regarding the child process:\n    (pid, status)\n\nThe options argument is ignored on Windows."
os	waitstatus_to_exitcode	"Convert a wait status to an exit code.\n\nOn Unix:\n\n* If WIFEXITED(status) is true, return WEXITSTATUS(status).\n* If WIFSIGNALED(status) is true, return -WTERMSIG(status).\n* Otherwise, raise a ValueError.\n\nOn Windows, return status shifted right by 8 bits.\n\nOn Unix, if the process is being traced or if waitpid() was called with\nWUNTRACED option, the caller must first check if WIFSTOPPED(status) is true.\nThis function must not be called if WIFSTOPPED(status) is true."
os	write	"Write a bytes object to a file descriptor."
os	writev	"Iterate over buffers, and write the contents of each to a file descriptor.\n\nReturns the total number of bytes written.\nbuffers must be a sequence of bytes-like objects."
pathlib._abc	PurePathBase._globber	"Class providing shell-style pattern matching and globbing.\n    "
pathlib._abc	PurePathBase._raw_path	null
pathlib._abc	PurePathBase._resolving	null
pathlib._abc	S_ISBLK	"S_ISBLK(mode) -> bool\n\nReturn True if mode is from a block special device file."
pathlib._abc	S_ISCHR	"S_ISCHR(mode) -> bool\n\nReturn True if mode is from a character special device file."
pathlib._abc	S_ISDIR	"S_ISDIR(mode) -> bool\n\nReturn True if mode is from a directory."
pathlib._abc	S_ISFIFO	"S_ISFIFO(mode) -> bool\n\nReturn True if mode is from a FIFO (named pipe)."
pathlib._abc	S_ISLNK	"S_ISLNK(mode) -> bool\n\nReturn True if mode is from a symbolic link."
pathlib._abc	S_ISREG	"S_ISREG(mode) -> bool\n\nReturn True if mode is from a regular file."
pathlib._abc	S_ISSOCK	"S_ISSOCK(mode) -> bool\n\nReturn True if mode is from a socket."
pathlib._local	Path._remove_leading_dot	"Return a callable object that fetches the given item(s) from its operand.\nAfter f = itemgetter(2), the call f(r) returns r[2].\nAfter g = itemgetter(2, 5, 3), the call g(r) returns (r[2], r[5], r[3])"
pathlib._local	Path._remove_trailing_slash	"Return a callable object that fetches the given item(s) from its operand.\nAfter f = itemgetter(2), the call f(r) returns r[2].\nAfter g = itemgetter(2, 5, 3), the call g(r) returns (r[2], r[5], r[3])"
pathlib._local	Path.as_uri	"Return the path as a URI."
pathlib._local	PurePath._drv	null
pathlib._local	PurePath._globber	null
pathlib._local	PurePath._hash	null
pathlib._local	PurePath._parts_normcase_cached	null
pathlib._local	PurePath._raw_paths	null
pathlib._local	PurePath._root	null
pathlib._local	PurePath._str	null
pathlib._local	PurePath._str_normcase_cached	null
pathlib._local	PurePath._tail_cached	null
pathlib._local	_PathParents._drv	null
pathlib._local	_PathParents._path	null
pathlib._local	_PathParents._root	null
pathlib._local	_PathParents._tail	null
pathlib._local	chain	"Return a chain object whose .__next__() method returns elements from the\nfirst iterable until it is exhausted, then elements from the next\niterable, until all of the iterables are exhausted."
pathlib._local	chain.from_iterable	"Alternative chain() constructor taking a single iterable argument that evaluates lazily."
pdb	Pdb.complete_b	null
pdb	Pdb.complete_break	null
pdb	Pdb.complete_cl	null
pdb	Pdb.complete_clear	null
pdb	Pdb.complete_commands	null
pdb	Pdb.complete_condition	null
pdb	Pdb.complete_debug	null
pdb	Pdb.complete_disable	null
pdb	Pdb.complete_display	null
pdb	Pdb.complete_enable	null
pdb	Pdb.complete_ignore	null
pdb	Pdb.complete_p	null
pdb	Pdb.complete_pp	null
pdb	Pdb.complete_print	null
pdb	Pdb.complete_source	null
pdb	Pdb.complete_tbreak	null
pdb	Pdb.complete_whatis	null
pdb	Pdb.do_a	"a(rgs)\n\nPrint the argument list of the current function.\n"
pdb	Pdb.do_b	"b(reak) [ ([filename:]lineno | function) [, condition] ]\n\nWithout argument, list all breaks.\n\nWith a line number argument, set a break at this line in the\ncurrent file.  With a function name, set a break at the first\nexecutable line of that function.  If a second argument is\npresent, it is a string specifying an expression which must\nevaluate to true before the breakpoint is honored.\n\nThe line number may be prefixed with a filename and a colon,\nto specify a breakpoint in another file (probably one that\nhasn't been loaded yet).  The file is searched for on\nsys.path; the .py suffix may be omitted.\n"
pdb	Pdb.do_bt	"w(here)\n\nPrint a stack trace, with the most recent frame at the bottom.\nAn arrow indicates the \"current frame\", which determines the\ncontext of most commands.  'bt' is an alias for this command.\n"
pdb	Pdb.do_c	"c(ont(inue))\n\nContinue execution, only stop when a breakpoint is encountered.\n"
pdb	Pdb.do_cl	"cl(ear) [filename:lineno | bpnumber ...]\n\nWith a space separated list of breakpoint numbers, clear\nthose breakpoints.  Without argument, clear all breaks (but\nfirst ask confirmation).  With a filename:lineno argument,\nclear all breaks at that line in that file.\n"
pdb	Pdb.do_cont	"c(ont(inue))\n\nContinue execution, only stop when a breakpoint is encountered.\n"
pdb	Pdb.do_d	"d(own) [count]\n\nMove the current frame count (default one) levels down in the\nstack trace (to a newer frame).\n"
pdb	Pdb.do_exit	"q(uit) | exit\n\nQuit from the debugger. The program being executed is aborted.\n"
pdb	Pdb.do_h	"h(elp)\n\nWithout argument, print the list of available commands.\nWith a command name as argument, print help about that command.\n\"help pdb\" shows the full pdb documentation.\n\"help exec\" gives help on the ! command.\n"
pdb	Pdb.do_j	"j(ump) lineno\n\nSet the next line that will be executed.  Only available in\nthe bottom-most frame.  This lets you jump back and execute\ncode again, or jump forward to skip code that you don't want\nto run.\n\nIt should be noted that not all jumps are allowed -- for\ninstance it is not possible to jump into the middle of a\nfor loop or out of a finally clause.\n"
pdb	Pdb.do_l	"l(ist) [first[, last] | .]\n\nList source code for the current file.  Without arguments,\nlist 11 lines around the current line or continue the previous\nlisting.  With . as argument, list 11 lines around the current\nline.  With one argument, list 11 lines starting at that line.\nWith two arguments, list the given range; if the second\nargument is less than the first, it is a count.\n\nThe current line in the current frame is indicated by \"->\".\nIf an exception is being debugged, the line where the\nexception was originally raised or propagated is indicated by\n\">>\", if it differs from the current line.\n"
pdb	Pdb.do_ll	"ll | longlist\n\nList the whole source code for the current function or frame.\n"
pdb	Pdb.do_n	"n(ext)\n\nContinue execution until the next line in the current function\nis reached or it returns.\n"
pdb	Pdb.do_q	"q(uit) | exit\n\nQuit from the debugger. The program being executed is aborted.\n"
pdb	Pdb.do_r	"r(eturn)\n\nContinue execution until the current function returns.\n"
pdb	Pdb.do_restart	"run [args...]\n\nRestart the debugged python program. If a string is supplied\nit is split with \"shlex\", and the result is used as the new\nsys.argv.  History, breakpoints, actions and debugger options\nare preserved.  \"restart\" is an alias for \"run\".\n"
pdb	Pdb.do_rv	"retval\n\nPrint the return value for the last return of a function.\n"
pdb	Pdb.do_s	"s(tep)\n\nExecute the current line, stop at the first possible occasion\n(either in a function that is called or in the current\nfunction).\n"
pdb	Pdb.do_u	"u(p) [count]\n\nMove the current frame count (default one) levels up in the\nstack trace (to an older frame).\n"
pdb	Pdb.do_unt	"unt(il) [lineno]\n\nWithout argument, continue execution until the line with a\nnumber greater than the current one is reached.  With a line\nnumber, continue execution until a line with a number greater\nor equal to that is reached.  In both cases, also stop when\nthe current frame returns.\n"
pdb	Pdb.do_w	"w(here)\n\nPrint a stack trace, with the most recent frame at the bottom.\nAn arrow indicates the \"current frame\", which determines the\ncontext of most commands.  'bt' is an alias for this command.\n"
pdb	Pdb.user_opcode	"This function is called when we stop or break at this line."
pdb	contextmanager	"@contextmanager decorator.\n\nTypical usage:\n\n    @contextmanager\n    def some_generator(<arguments>):\n        <setup>\n        try:\n            yield <value>\n        finally:\n            <cleanup>\n\nThis makes this:\n\n    with some_generator(<arguments>) as <variable>:\n        <body>\n\nequivalent to this:\n\n    <setup>\n    try:\n        <variable> = <value>\n        <body>\n    finally:\n        <cleanup>\n"
pickle	PickleBuffer	"Wrapper for potentially out-of-band buffers"
pickle	PickleBuffer.raw	"Return a memoryview of the raw memory underlying this buffer.\nWill raise BufferError is the buffer isn't contiguous."
pickle	PickleBuffer.release	"Release the underlying buffer exposed by the PickleBuffer object."
pickle	PickleError	null
pickle	Pickler	"This takes a binary file for writing a pickle data stream.\n\nThe optional *protocol* argument tells the pickler to use the given\nprotocol; supported protocols are 0, 1, 2, 3, 4 and 5.  The default\nprotocol is 4. It was introduced in Python 3.4, and is incompatible\nwith previous versions.\n\nSpecifying a negative protocol version selects the highest protocol\nversion supported.  The higher the protocol used, the more recent the\nversion of Python needed to read the pickle produced.\n\nThe *file* argument must have a write() method that accepts a single\nbytes argument. It can thus be a file object opened for binary\nwriting, an io.BytesIO instance, or any other custom object that meets\nthis interface.\n\nIf *fix_imports* is True and protocol is less than 3, pickle will try\nto map the new Python 3 names to the old module names used in Python\n2, so that the pickle data stream is readable with Python 2.\n\nIf *buffer_callback* is None (the default), buffer views are\nserialized into *file* as part of the pickle stream.\n\nIf *buffer_callback* is not None, then it can be called any number\nof times with a buffer view.  If the callback returns a false value\n(such as None), the given buffer is out-of-band; otherwise the\nbuffer is serialized in-band, i.e. inside the pickle stream.\n\nIt is an error if *buffer_callback* is not None and *protocol*\nis None or smaller than 5."
pickle	Pickler.bin	null
pickle	Pickler.clear_memo	"Clears the pickler's \"memo\".\n\nThe memo is the data structure that remembers which objects the\npickler has already seen, so that shared or recursive objects are\npickled by reference and not by value.  This method is useful when\nre-using picklers."
pickle	Pickler.dispatch_table	null
pickle	Pickler.dump	"Write a pickled representation of the given object to the open file."
pickle	Pickler.fast	null
pickle	Pickler.memo	null
pickle	Pickler.persistent_id	null
pickle	PicklingError	null
pickle	Unpickler	"This takes a binary file for reading a pickle data stream.\n\nThe protocol version of the pickle is detected automatically, so no\nprotocol argument is needed.  Bytes past the pickled object's\nrepresentation are ignored.\n\nThe argument *file* must have two methods, a read() method that takes\nan integer argument, and a readline() method that requires no\narguments.  Both methods should return bytes.  Thus *file* can be a\nbinary file object opened for reading, an io.BytesIO object, or any\nother custom object that meets this interface.\n\nOptional keyword arguments are *fix_imports*, *encoding* and *errors*,\nwhich are used to control compatibility support for pickle stream\ngenerated by Python 2.  If *fix_imports* is True, pickle will try to\nmap the old Python 2 names to the new names used in Python 3.  The\n*encoding* and *errors* tell pickle how to decode 8-bit string\ninstances pickled by Python 2; these default to 'ASCII' and 'strict',\nrespectively.  The *encoding* can be 'bytes' to read these 8-bit\nstring instances as bytes objects."
pickle	Unpickler.find_class	"Return an object from a specified module.\n\nIf necessary, the module will be imported. Subclasses may override\nthis method (e.g. to restrict unpickling of arbitrary classes and\nfunctions).\n\nThis method is called whenever a class or a function object is\nneeded.  Both arguments passed are str objects."
pickle	Unpickler.load	"Load a pickle.\n\nRead a pickled object representation from the open file object given\nin the constructor, and return the reconstituted object hierarchy\nspecified therein."
pickle	Unpickler.memo	null
pickle	Unpickler.persistent_load	null
pickle	UnpicklingError	null
pickle	dump	"Write a pickled representation of obj to the open file object file.\n\nThis is equivalent to ``Pickler(file, protocol).dump(obj)``, but may\nbe more efficient.\n\nThe optional *protocol* argument tells the pickler to use the given\nprotocol; supported protocols are 0, 1, 2, 3, 4 and 5.  The default\nprotocol is 4. It was introduced in Python 3.4, and is incompatible\nwith previous versions.\n\nSpecifying a negative protocol version selects the highest protocol\nversion supported.  The higher the protocol used, the more recent the\nversion of Python needed to read the pickle produced.\n\nThe *file* argument must have a write() method that accepts a single\nbytes argument.  It can thus be a file object opened for binary\nwriting, an io.BytesIO instance, or any other custom object that meets\nthis interface.\n\nIf *fix_imports* is True and protocol is less than 3, pickle will try\nto map the new Python 3 names to the old module names used in Python\n2, so that the pickle data stream is readable with Python 2.\n\nIf *buffer_callback* is None (the default), buffer views are serialized\ninto *file* as part of the pickle stream.  It is an error if\n*buffer_callback* is not None and *protocol* is None or smaller than 5."
pickle	dumps	"Return the pickled representation of the object as a bytes object.\n\nThe optional *protocol* argument tells the pickler to use the given\nprotocol; supported protocols are 0, 1, 2, 3, 4 and 5.  The default\nprotocol is 4. It was introduced in Python 3.4, and is incompatible\nwith previous versions.\n\nSpecifying a negative protocol version selects the highest protocol\nversion supported.  The higher the protocol used, the more recent the\nversion of Python needed to read the pickle produced.\n\nIf *fix_imports* is True and *protocol* is less than 3, pickle will\ntry to map the new Python 3 names to the old module names used in\nPython 2, so that the pickle data stream is readable with Python 2.\n\nIf *buffer_callback* is None (the default), buffer views are serialized\ninto *file* as part of the pickle stream.  It is an error if\n*buffer_callback* is not None and *protocol* is None or smaller than 5."
pickle	islice	"islice(iterable, stop) --> islice object\nislice(iterable, start, stop[, step]) --> islice object\n\nReturn an iterator whose next() method returns selected values from an\niterable.  If start is specified, will skip all preceding elements;\notherwise, start defaults to zero.  Step defaults to one.  If\nspecified as another value, step determines how many values are\nskipped between successive calls.  Works like a slice() on a list\nbut returns an iterator."
pickle	load	"Read and return an object from the pickle data stored in a file.\n\nThis is equivalent to ``Unpickler(file).load()``, but may be more\nefficient.\n\nThe protocol version of the pickle is detected automatically, so no\nprotocol argument is needed.  Bytes past the pickled object's\nrepresentation are ignored.\n\nThe argument *file* must have two methods, a read() method that takes\nan integer argument, and a readline() method that requires no\narguments.  Both methods should return bytes.  Thus *file* can be a\nbinary file object opened for reading, an io.BytesIO object, or any\nother custom object that meets this interface.\n\nOptional keyword arguments are *fix_imports*, *encoding* and *errors*,\nwhich are used to control compatibility support for pickle stream\ngenerated by Python 2.  If *fix_imports* is True, pickle will try to\nmap the old Python 2 names to the new names used in Python 3.  The\n*encoding* and *errors* tell pickle how to decode 8-bit string\ninstances pickled by Python 2; these default to 'ASCII' and 'strict',\nrespectively.  The *encoding* can be 'bytes' to read these 8-bit\nstring instances as bytes objects."
pickle	loads	"Read and return an object from the given pickle data.\n\nThe protocol version of the pickle is detected automatically, so no\nprotocol argument is needed.  Bytes past the pickled object's\nrepresentation are ignored.\n\nOptional keyword arguments are *fix_imports*, *encoding* and *errors*,\nwhich are used to control compatibility support for pickle stream\ngenerated by Python 2.  If *fix_imports* is True, pickle will try to\nmap the old Python 2 names to the new names used in Python 3.  The\n*encoding* and *errors* tell pickle how to decode 8-bit string\ninstances pickled by Python 2; these default to 'ASCII' and 'strict',\nrespectively.  The *encoding* can be 'bytes' to read these 8-bit\nstring instances as bytes objects."
pickle	pack	"pack(format, v1, v2, ...) -> bytes\n\nReturn a bytes object containing the values v1, v2, ... packed according\nto the format string.  See help(struct) for more on format strings."
pickle	unpack	"Return a tuple containing values unpacked according to the format string.\n\nThe buffer's size in bytes must be calcsize(format).\n\nSee help(struct) for more on format strings."
pickletools	ArgumentDescriptor.doc	null
pickletools	ArgumentDescriptor.n	null
pickletools	ArgumentDescriptor.name	null
pickletools	ArgumentDescriptor.reader	null
pickletools	OpcodeInfo.arg	null
pickletools	OpcodeInfo.code	null
pickletools	OpcodeInfo.doc	null
pickletools	OpcodeInfo.name	null
pickletools	OpcodeInfo.proto	null
pickletools	OpcodeInfo.stack_after	null
pickletools	OpcodeInfo.stack_before	null
pickletools	StackObject.doc	null
pickletools	StackObject.name	null
pickletools	StackObject.obtype	null
pickletools	_unpack	"Return a tuple containing values unpacked according to the format string.\n\nThe buffer's size in bytes must be calcsize(format).\n\nSee help(struct) for more on format strings."
pickletools	decode_long	"Decode a long from a two's complement little-endian binary string.\n\n>>> decode_long(b'')\n0\n>>> decode_long(b\"\\xff\\x00\")\n255\n>>> decode_long(b\"\\xff\\x7f\")\n32767\n>>> decode_long(b\"\\x00\\xff\")\n-256\n>>> decode_long(b\"\\x00\\x80\")\n-32768\n>>> decode_long(b\"\\x80\")\n-128\n>>> decode_long(b\"\\x7f\")\n127\n"
platform	AndroidVer	"AndroidVer(release, api_level, manufacturer, model, device, is_emulator)"
platform	AndroidVer._asdict	"Return a new dict which maps field names to their values."
platform	AndroidVer._make	null
platform	AndroidVer._replace	"Return a new AndroidVer object replacing specified fields with new values"
platform	IOSVersionInfo	"IOSVersionInfo(system, release, model, is_simulator)"
platform	IOSVersionInfo._asdict	"Return a new dict which maps field names to their values."
platform	IOSVersionInfo._make	null
platform	IOSVersionInfo._replace	"Return a new IOSVersionInfo object replacing specified fields with new values"
plistlib	BytesIO	"Buffered I/O implementation using an in-memory bytes buffer."
plistlib	BytesIO.close	"Disable all I/O operations."
plistlib	BytesIO.closed	"True if the file is closed."
plistlib	BytesIO.flush	"Does nothing."
plistlib	BytesIO.getbuffer	"Get a read-write view over the contents of the BytesIO object."
plistlib	BytesIO.getvalue	"Retrieve the entire contents of the BytesIO object."
plistlib	BytesIO.isatty	"Always returns False.\n\nBytesIO objects are not connected to a TTY-like device."
plistlib	BytesIO.read	"Read at most size bytes, returned as a bytes object.\n\nIf the size argument is negative, read until EOF is reached.\nReturn an empty bytes object at EOF."
plistlib	BytesIO.read1	"Read at most size bytes, returned as a bytes object.\n\nIf the size argument is negative or omitted, read until EOF is reached.\nReturn an empty bytes object at EOF."
plistlib	BytesIO.readable	"Returns True if the IO object can be read."
plistlib	BytesIO.readinto	"Read bytes into buffer.\n\nReturns number of bytes read (0 for EOF), or None if the object\nis set not to block and has no data to read."
plistlib	BytesIO.readline	"Next line from the file, as a bytes object.\n\nRetain newline.  A non-negative size argument limits the maximum\nnumber of bytes to return (an incomplete line may be returned then).\nReturn an empty bytes object at EOF."
plistlib	BytesIO.readlines	"List of bytes objects, each a line from the file.\n\nCall readline() repeatedly and return a list of the lines so read.\nThe optional size argument, if given, is an approximate bound on the\ntotal number of bytes in the lines returned."
plistlib	BytesIO.seek	"Change stream position.\n\nSeek to byte offset pos relative to position indicated by whence:\n     0  Start of stream (the default).  pos should be >= 0;\n     1  Current position - pos may be negative;\n     2  End of stream - pos usually negative.\nReturns the new absolute position."
plistlib	BytesIO.seekable	"Returns True if the IO object can be seeked."
plistlib	BytesIO.tell	"Current file position, an integer."
plistlib	BytesIO.truncate	"Truncate the file to at most size bytes.\n\nSize defaults to the current file position, as returned by tell().\nThe current file position is unchanged.  Returns the new size."
plistlib	BytesIO.writable	"Returns True if the IO object can be written."
plistlib	BytesIO.write	"Write bytes to file.\n\nReturn the number of bytes written."
plistlib	BytesIO.writelines	"Write lines to the file.\n\nNote that newlines are not added.  lines can be any iterable object\nproducing bytes-like objects. This is equivalent to calling write() for\neach element."
plistlib	ParserCreate	"Return a new XML parser object."
plistlib	PlistFormat	null
plistlib	PlistFormat._generate_next_value_	"\nGenerate the next value when not given.\n\nname: the name of the member\nstart: the initial start value or None\ncount: the number of existing members\nlast_values: the list of values assigned\n"
plistlib	PlistFormat._member_type_	"The base class of the class hierarchy.\n\nWhen called, it accepts no arguments and returns a new featureless\ninstance that has no instance attributes and cannot be given any.\n"
plistlib	PlistFormat._new_member_	"Create and return a new object.  See help(type) for accurate signature."
posix		"This module provides access to operating system functionality that is\nstandardized by the C Standard and the POSIX standard (a thinly\ndisguised Unix interface).  Refer to the library manual and\ncorresponding Unix manual entries for more information on calls."
posix	DirEntry	null
posix	DirEntry.inode	"Return inode of the entry; cached per entry."
posix	DirEntry.is_dir	"Return True if the entry is a directory; cached per entry."
posix	DirEntry.is_file	"Return True if the entry is a file; cached per entry."
posix	DirEntry.is_junction	"Return True if the entry is a junction; cached per entry."
posix	DirEntry.is_symlink	"Return True if the entry is a symbolic link; cached per entry."
posix	DirEntry.name	"the entry's base filename, relative to scandir() \"path\" argument"
posix	DirEntry.path	"the entry's full path name; equivalent to os.path.join(scandir_path, entry.name)"
posix	DirEntry.stat	"Return stat_result object for the entry; cached per entry."
posix	WCOREDUMP	"Return True if the process returning status was dumped to a core file."
posix	WEXITSTATUS	"Return the process return code from status."
posix	WIFCONTINUED	"Return True if a particular process was continued from a job control stop.\n\nReturn True if the process returning status was continued from a\njob control stop."
posix	WIFEXITED	"Return True if the process returning status exited via the exit() system call."
posix	WIFSIGNALED	"Return True if the process returning status was terminated by a signal."
posix	WIFSTOPPED	"Return True if the process returning status was stopped."
posix	WSTOPSIG	"Return the signal that stopped the process that provided the status value."
posix	WTERMSIG	"Return the signal that terminated the process that provided the status value."
posix	_exit	"Exit to the system with specified status, without normal exit processing."
posix	_inputhook	"Calls PyOS_CallInputHook droppong the GIL first"
posix	_is_inputhook_installed	"Checks if PyOS_CallInputHook is set"
posix	_path_normpath	"Normalize path, eliminating double slashes, etc."
posix	_path_splitroot_ex	"Split a pathname into drive, root and tail.\n\nThe tail contains anything after the root."
posix	abort	"Abort the interpreter immediately.\n\nThis function 'dumps core' or otherwise fails in the hardest way possible\non the hosting operating system.  This function never returns."
posix	access	"Use the real uid/gid to test for access to a path.\n\n  path\n    Path to be tested; can be string, bytes, or a path-like object.\n  mode\n    Operating-system mode bitfield.  Can be F_OK to test existence,\n    or the inclusive-OR of R_OK, W_OK, and X_OK.\n  dir_fd\n    If not None, it should be a file descriptor open to a directory,\n    and path should be relative; path will then be relative to that\n    directory.\n  effective_ids\n    If True, access will use the effective uid/gid instead of\n    the real uid/gid.\n  follow_symlinks\n    If False, and the last element of the path is a symbolic link,\n    access will examine the symbolic link itself instead of the file\n    the link points to.\n\ndir_fd, effective_ids, and follow_symlinks may not be implemented\n  on your platform.  If they are unavailable, using them will raise a\n  NotImplementedError.\n\nNote that most operations will use the effective uid/gid, therefore this\n  routine can be used in a suid/sgid environment to test if the invoking user\n  has the specified access to the path."
posix	chdir	"Change the current working directory to the specified path.\n\npath may always be specified as a string.\nOn some platforms, path may also be specified as an open file descriptor.\n  If this functionality is unavailable, using it raises an exception."
posix	chmod	"Change the access permissions of a file.\n\n  path\n    Path to be modified.  May always be specified as a str, bytes, or a path-like object.\n    On some platforms, path may also be specified as an open file descriptor.\n    If this functionality is unavailable, using it raises an exception.\n  mode\n    Operating-system mode bitfield.\n    Be careful when using number literals for *mode*. The conventional UNIX notation for\n    numeric modes uses an octal base, which needs to be indicated with a ``0o`` prefix in\n    Python.\n  dir_fd\n    If not None, it should be a file descriptor open to a directory,\n    and path should be relative; path will then be relative to that\n    directory.\n  follow_symlinks\n    If False, and the last element of the path is a symbolic link,\n    chmod will modify the symbolic link itself instead of the file\n    the link points to.\n\nIt is an error to use dir_fd or follow_symlinks when specifying path as\n  an open file descriptor.\ndir_fd and follow_symlinks may not be implemented on your platform.\n  If they are unavailable, using them will raise a NotImplementedError."
posix	chown	"Change the owner and group id of path to the numeric uid and gid.\\\n\n  path\n    Path to be examined; can be string, bytes, a path-like object, or open-file-descriptor int.\n  dir_fd\n    If not None, it should be a file descriptor open to a directory,\n    and path should be relative; path will then be relative to that\n    directory.\n  follow_symlinks\n    If False, and the last element of the path is a symbolic link,\n    stat will examine the symbolic link itself instead of the file\n    the link points to.\n\npath may always be specified as a string.\nOn some platforms, path may also be specified as an open file descriptor.\n  If this functionality is unavailable, using it raises an exception.\nIf dir_fd is not None, it should be a file descriptor open to a directory,\n  and path should be relative; path will then be relative to that directory.\nIf follow_symlinks is False, and the last element of the path is a symbolic\n  link, chown will modify the symbolic link itself instead of the file the\n  link points to.\nIt is an error to use dir_fd or follow_symlinks when specifying path as\n  an open file descriptor.\ndir_fd and follow_symlinks may not be implemented on your platform.\n  If they are unavailable, using them will raise a NotImplementedError."
posix	chroot	"Change root directory to path."
posix	close	"Close a file descriptor."
posix	closerange	"Closes all file descriptors in [fd_low, fd_high), ignoring errors."
posix	confstr	"Return a string-valued system configuration variable."
posix	copy_file_range	"Copy count bytes from one file descriptor to another.\n\n  src\n    Source file descriptor.\n  dst\n    Destination file descriptor.\n  count\n    Number of bytes to copy.\n  offset_src\n    Starting offset in src.\n  offset_dst\n    Starting offset in dst.\n\nIf offset_src is None, then src is read from the current position;\nrespectively for offset_dst."
posix	cpu_count	"Return the number of logical CPUs in the system.\n\nReturn None if indeterminable."
posix	ctermid	"Return the name of the controlling terminal for this process."
posix	device_encoding	"Return a string describing the encoding of a terminal's file descriptor.\n\nThe file descriptor must be attached to a terminal.\nIf the device is not a terminal, return None."
posix	dup	"Return a duplicate of a file descriptor."
posix	dup2	"Duplicate file descriptor."
posix	eventfd	"Creates and returns an event notification file descriptor."
posix	eventfd_read	"Read eventfd value"
posix	eventfd_write	"Write eventfd value."
posix	execv	"Execute an executable path with arguments, replacing current process.\n\n  path\n    Path of executable file.\n  argv\n    Tuple or list of strings."
posix	execve	"Execute an executable path with arguments, replacing current process.\n\n  path\n    Path of executable file.\n  argv\n    Tuple or list of strings.\n  env\n    Dictionary of strings mapping to strings."
posix	fchdir	"Change to the directory of the given file descriptor.\n\nfd must be opened on a directory, not a file.\nEquivalent to os.chdir(fd)."
posix	fchmod	"Change the access permissions of the file given by file descriptor fd.\n\n  fd\n    The file descriptor of the file to be modified.\n  mode\n    Operating-system mode bitfield.\n    Be careful when using number literals for *mode*. The conventional UNIX notation for\n    numeric modes uses an octal base, which needs to be indicated with a ``0o`` prefix in\n    Python.\n\nEquivalent to os.chmod(fd, mode)."
posix	fchown	"Change the owner and group id of the file specified by file descriptor.\n\nEquivalent to os.chown(fd, uid, gid)."
posix	fdatasync	"Force write of fd to disk without forcing update of metadata."
posix	fork	"Fork a child process.\n\nReturn 0 to child process and PID of child to parent process."
posix	forkpty	"Fork a new process with a new pseudo-terminal as controlling tty.\n\nReturns a tuple of (pid, master_fd).\nLike fork(), return pid of 0 to the child process,\nand pid of child to the parent process.\nTo both, return fd of newly opened pseudo-terminal."
posix	fpathconf	"Return the configuration limit name for the file descriptor fd.\n\nIf there is no limit, return -1."
posix	fspath	"Return the file system path representation of the object.\n\nIf the object is str or bytes, then allow it to pass through as-is. If the\nobject defines __fspath__(), then return the result of that method. All other\ntypes raise a TypeError."
posix	fstat	"Perform a stat system call on the given file descriptor.\n\nLike stat(), but for an open file descriptor.\nEquivalent to os.stat(fd)."
posix	fstatvfs	"Perform an fstatvfs system call on the given fd.\n\nEquivalent to statvfs(fd)."
posix	fsync	"Force write of fd to disk."
posix	ftruncate	"Truncate a file, specified by file descriptor, to a specific length."
posix	get_blocking	"Get the blocking mode of the file descriptor.\n\nReturn False if the O_NONBLOCK flag is set, True if the flag is cleared."
posix	get_inheritable	"Get the close-on-exe flag of the specified file descriptor."
posix	get_terminal_size	"Return the size of the terminal window as (columns, lines).\n\nThe optional argument fd (default standard output) specifies\nwhich file descriptor should be queried.\n\nIf the file descriptor is not connected to a terminal, an OSError\nis thrown.\n\nThis function will only be defined if an implementation is\navailable for this system.\n\nshutil.get_terminal_size is the high-level function which should\nnormally be used, os.get_terminal_size is the low-level implementation."
posix	getcwd	"Return a unicode string representing the current working directory."
posix	getcwdb	"Return a bytes string representing the current working directory."
posix	getegid	"Return the current process's effective group id."
posix	geteuid	"Return the current process's effective user id."
posix	getgid	"Return the current process's group id."
posix	getgrouplist	"Returns a list of groups to which a user belongs.\n\n  user\n    username to lookup\n  group\n    base group id of the user"
posix	getgroups	"Return list of supplemental group IDs for the process."
posix	getloadavg	"Return average recent system load information.\n\nReturn the number of processes in the system run queue averaged over\nthe last 1, 5, and 15 minutes as a tuple of three floats.\nRaises OSError if the load average was unobtainable."
posix	getlogin	"Return the actual login name."
posix	getpgid	"Call the system call getpgid(), and return the result."
posix	getpgrp	"Return the current process group id."
posix	getpid	"Return the current process id."
posix	getppid	"Return the parent's process id.\n\nIf the parent process has already exited, Windows machines will still\nreturn its id; others systems will return the id of the 'init' process (1)."
posix	getpriority	"Return program scheduling priority."
posix	getrandom	"Obtain a series of random bytes."
posix	getresgid	"Return a tuple of the current process's real, effective, and saved group ids."
posix	getresuid	"Return a tuple of the current process's real, effective, and saved user ids."
posix	getsid	"Call the system call getsid(pid) and return the result."
posix	getuid	"Return the current process's user id."
posix	getxattr	"Return the value of extended attribute attribute on path.\n\npath may be either a string, a path-like object, or an open file descriptor.\nIf follow_symlinks is False, and the last element of the path is a symbolic\n  link, getxattr will examine the symbolic link itself instead of the file\n  the link points to."
posix	grantpt	"Grant access to the slave pseudo-terminal device.\n\n  fd\n    File descriptor of a master pseudo-terminal device.\n\nPerforms a grantpt() C function call."
posix	initgroups	"Initialize the group access list.\n\nCall the system initgroups() to initialize the group access list with all of\nthe groups of which the specified username is a member, plus the specified\ngroup id."
posix	isatty	"Return True if the fd is connected to a terminal.\n\nReturn True if the file descriptor is an open file descriptor\nconnected to the slave end of a terminal."
posix	kill	"Kill a process with a signal."
posix	killpg	"Kill a process group with a signal."
posix	lchown	"Change the owner and group id of path to the numeric uid and gid.\n\nThis function will not follow symbolic links.\nEquivalent to os.chown(path, uid, gid, follow_symlinks=False)."
posix	link	"Create a hard link to a file.\n\nIf either src_dir_fd or dst_dir_fd is not None, it should be a file\n  descriptor open to a directory, and the respective path string (src or dst)\n  should be relative; the path will then be relative to that directory.\nIf follow_symlinks is False, and the last element of src is a symbolic\n  link, link will create a link to the symbolic link itself instead of the\n  file the link points to.\nsrc_dir_fd, dst_dir_fd, and follow_symlinks may not be implemented on your\n  platform.  If they are unavailable, using them will raise a\n  NotImplementedError."
posix	listdir	"Return a list containing the names of the files in the directory.\n\npath can be specified as either str, bytes, or a path-like object.  If path is bytes,\n  the filenames returned will also be bytes; in all other circumstances\n  the filenames returned will be str.\nIf path is None, uses the path='.'.\nOn some platforms, path may also be specified as an open file descriptor;\\\n  the file descriptor must refer to a directory.\n  If this functionality is unavailable, using it raises NotImplementedError.\n\nThe list is in arbitrary order.  It does not include the special\nentries '.' and '..' even if they are present in the directory."
posix	listxattr	"Return a list of extended attributes on path.\n\npath may be either None, a string, a path-like object, or an open file descriptor.\nif path is None, listxattr will examine the current directory.\nIf follow_symlinks is False, and the last element of the path is a symbolic\n  link, listxattr will examine the symbolic link itself instead of the file\n  the link points to."
posix	lockf	"Apply, test or remove a POSIX lock on an open file descriptor.\n\n  fd\n    An open file descriptor.\n  command\n    One of F_LOCK, F_TLOCK, F_ULOCK or F_TEST.\n  length\n    The number of bytes to lock, starting at the current position."
posix	login_tty	"Prepare the tty of which fd is a file descriptor for a new login session.\n\nMake the calling process a session leader; make the tty the\ncontrolling tty, the stdin, the stdout, and the stderr of the\ncalling process; close fd."
posix	lseek	"Set the position of a file descriptor.  Return the new position.\n\n  fd\n    An open file descriptor, as returned by os.open().\n  position\n    Position, interpreted relative to 'whence'.\n  whence\n    The relative position to seek from. Valid values are:\n    - SEEK_SET: seek from the start of the file.\n    - SEEK_CUR: seek from the current file position.\n    - SEEK_END: seek from the end of the file.\n\nThe return value is the number of bytes relative to the beginning of the file."
posix	lstat	"Perform a stat system call on the given path, without following symbolic links.\n\nLike stat(), but do not follow symbolic links.\nEquivalent to stat(path, follow_symlinks=False)."
posix	major	"Extracts a device major number from a raw device number."
posix	makedev	"Composes a raw device number from the major and minor device numbers."
posix	memfd_create	null
posix	minor	"Extracts a device minor number from a raw device number."
posix	mkdir	"Create a directory.\n\nIf dir_fd is not None, it should be a file descriptor open to a directory,\n  and path should be relative; path will then be relative to that directory.\ndir_fd may not be implemented on your platform.\n  If it is unavailable, using it will raise a NotImplementedError.\n\nThe mode argument is ignored on Windows. Where it is used, the current umask\nvalue is first masked out."
posix	mkfifo	"Create a \"fifo\" (a POSIX named pipe).\n\nIf dir_fd is not None, it should be a file descriptor open to a directory,\n  and path should be relative; path will then be relative to that directory.\ndir_fd may not be implemented on your platform.\n  If it is unavailable, using it will raise a NotImplementedError."
posix	mknod	"Create a node in the file system.\n\nCreate a node in the file system (file, device special file or named pipe)\nat path.  mode specifies both the permissions to use and the\ntype of node to be created, being combined (bitwise OR) with one of\nS_IFREG, S_IFCHR, S_IFBLK, and S_IFIFO.  If S_IFCHR or S_IFBLK is set on mode,\ndevice defines the newly created device special file (probably using\nos.makedev()).  Otherwise device is ignored.\n\nIf dir_fd is not None, it should be a file descriptor open to a directory,\n  and path should be relative; path will then be relative to that directory.\ndir_fd may not be implemented on your platform.\n  If it is unavailable, using it will raise a NotImplementedError."
posix	nice	"Add increment to the priority of process and return the new priority."
posix	open	"Open a file for low level IO.  Returns a file descriptor (integer).\n\nIf dir_fd is not None, it should be a file descriptor open to a directory,\n  and path should be relative; path will then be relative to that directory.\ndir_fd may not be implemented on your platform.\n  If it is unavailable, using it will raise a NotImplementedError."
posix	openpty	"Open a pseudo-terminal.\n\nReturn a tuple of (master_fd, slave_fd) containing open file descriptors\nfor both the master and slave ends."
posix	pathconf	"Return the configuration limit name for the file or directory path.\n\nIf there is no limit, return -1.\nOn some platforms, path may also be specified as an open file descriptor.\n  If this functionality is unavailable, using it raises an exception."
posix	pidfd_open	"Return a file descriptor referring to the process *pid*.\n\nThe descriptor can be used to perform process management without races and\nsignals."
posix	pipe	"Create a pipe.\n\nReturns a tuple of two file descriptors:\n  (read_fd, write_fd)"
posix	pipe2	"Create a pipe with flags set atomically.\n\nReturns a tuple of two file descriptors:\n  (read_fd, write_fd)\n\nflags can be constructed by ORing together one or more of these values:\nO_NONBLOCK, O_CLOEXEC."
posix	posix_fadvise	"Announce an intention to access data in a specific pattern.\n\nAnnounce an intention to access data in a specific pattern, thus allowing\nthe kernel to make optimizations.\nThe advice applies to the region of the file specified by fd starting at\noffset and continuing for length bytes.\nadvice is one of POSIX_FADV_NORMAL, POSIX_FADV_SEQUENTIAL,\nPOSIX_FADV_RANDOM, POSIX_FADV_NOREUSE, POSIX_FADV_WILLNEED, or\nPOSIX_FADV_DONTNEED."
posix	posix_fallocate	"Ensure a file has allocated at least a particular number of bytes on disk.\n\nEnsure that the file specified by fd encompasses a range of bytes\nstarting at offset bytes from the beginning and continuing for length bytes."
posix	posix_openpt	"Open and return a file descriptor for a master pseudo-terminal device.\n\nPerforms a posix_openpt() C function call. The oflag argument is used to\nset file status flags and file access modes as specified in the manual page\nof posix_openpt() of your system."
posix	posix_spawn	"Execute the program specified by path in a new process.\n\n  path\n    Path of executable file.\n  argv\n    Tuple or list of strings.\n  env\n    Dictionary of strings mapping to strings.\n  file_actions\n    A sequence of file action tuples.\n  setpgroup\n    The pgroup to use with the POSIX_SPAWN_SETPGROUP flag.\n  resetids\n    If the value is `true` the POSIX_SPAWN_RESETIDS will be activated.\n  setsid\n    If the value is `true` the POSIX_SPAWN_SETSID or POSIX_SPAWN_SETSID_NP will be activated.\n  setsigmask\n    The sigmask to use with the POSIX_SPAWN_SETSIGMASK flag.\n  setsigdef\n    The sigmask to use with the POSIX_SPAWN_SETSIGDEF flag.\n  scheduler\n    A tuple with the scheduler policy (optional) and parameters."
posix	posix_spawnp	"Execute the program specified by path in a new process.\n\n  path\n    Path of executable file.\n  argv\n    Tuple or list of strings.\n  env\n    Dictionary of strings mapping to strings.\n  file_actions\n    A sequence of file action tuples.\n  setpgroup\n    The pgroup to use with the POSIX_SPAWN_SETPGROUP flag.\n  resetids\n    If the value is `True` the POSIX_SPAWN_RESETIDS will be activated.\n  setsid\n    If the value is `True` the POSIX_SPAWN_SETSID or POSIX_SPAWN_SETSID_NP will be activated.\n  setsigmask\n    The sigmask to use with the POSIX_SPAWN_SETSIGMASK flag.\n  setsigdef\n    The sigmask to use with the POSIX_SPAWN_SETSIGDEF flag.\n  scheduler\n    A tuple with the scheduler policy (optional) and parameters."
posix	pread	"Read a number of bytes from a file descriptor starting at a particular offset.\n\nRead length bytes from file descriptor fd, starting at offset bytes from\nthe beginning of the file.  The file offset remains unchanged."
posix	preadv	"Reads from a file descriptor into a number of mutable bytes-like objects.\n\nCombines the functionality of readv() and pread(). As readv(), it will\ntransfer data into each buffer until it is full and then move on to the next\nbuffer in the sequence to hold the rest of the data. Its fourth argument,\nspecifies the file offset at which the input operation is to be performed. It\nwill return the total number of bytes read (which can be less than the total\ncapacity of all the objects).\n\nThe flags argument contains a bitwise OR of zero or more of the following flags:\n\n- RWF_HIPRI\n- RWF_NOWAIT\n\nUsing non-zero flags requires Linux 4.6 or newer."
posix	ptsname	"Return the name of the slave pseudo-terminal device.\n\n  fd\n    File descriptor of a master pseudo-terminal device.\n\nIf the ptsname_r() C function is available, it is called;\notherwise, performs a ptsname() C function call."
posix	putenv	"Change or add an environment variable."
posix	pwrite	"Write bytes to a file descriptor starting at a particular offset.\n\nWrite buffer to fd, starting at offset bytes from the beginning of\nthe file.  Returns the number of bytes written.  Does not change the\ncurrent file offset."
posix	pwritev	"Writes the contents of bytes-like objects to a file descriptor at a given offset.\n\nCombines the functionality of writev() and pwrite(). All buffers must be a sequence\nof bytes-like objects. Buffers are processed in array order. Entire contents of first\nbuffer is written before proceeding to second, and so on. The operating system may\nset a limit (sysconf() value SC_IOV_MAX) on the number of buffers that can be used.\nThis function writes the contents of each object to the file descriptor and returns\nthe total number of bytes written.\n\nThe flags argument contains a bitwise OR of zero or more of the following flags:\n\n- RWF_DSYNC\n- RWF_SYNC\n- RWF_APPEND\n\nUsing non-zero flags requires Linux 4.7 or newer."
posix	read	"Read from a file descriptor.  Returns a bytes object."
posix	readlink	"Return a string representing the path to which the symbolic link points.\n\nIf dir_fd is not None, it should be a file descriptor open to a directory,\nand path should be relative; path will then be relative to that directory.\n\ndir_fd may not be implemented on your platform.  If it is unavailable,\nusing it will raise a NotImplementedError."
posix	readv	"Read from a file descriptor fd into an iterable of buffers.\n\nThe buffers should be mutable buffers accepting bytes.\nreadv will transfer data into each buffer until it is full\nand then move on to the next buffer in the sequence to hold\nthe rest of the data.\n\nreadv returns the total number of bytes read,\nwhich may be less than the total capacity of all the buffers."
posix	register_at_fork	"Register callables to be called when forking a new process.\n\n  before\n    A callable to be called in the parent before the fork() syscall.\n  after_in_child\n    A callable to be called in the child after fork().\n  after_in_parent\n    A callable to be called in the parent after fork().\n\n'before' callbacks are called in reverse order.\n'after_in_child' and 'after_in_parent' callbacks are called in order."
posix	remove	"Remove a file (same as unlink()).\n\nIf dir_fd is not None, it should be a file descriptor open to a directory,\n  and path should be relative; path will then be relative to that directory.\ndir_fd may not be implemented on your platform.\n  If it is unavailable, using it will raise a NotImplementedError."
posix	removexattr	"Remove extended attribute attribute on path.\n\npath may be either a string, a path-like object, or an open file descriptor.\nIf follow_symlinks is False, and the last element of the path is a symbolic\n  link, removexattr will modify the symbolic link itself instead of the file\n  the link points to."
posix	rename	"Rename a file or directory.\n\nIf either src_dir_fd or dst_dir_fd is not None, it should be a file\n  descriptor open to a directory, and the respective path string (src or dst)\n  should be relative; the path will then be relative to that directory.\nsrc_dir_fd and dst_dir_fd, may not be implemented on your platform.\n  If they are unavailable, using them will raise a NotImplementedError."
posix	replace	"Rename a file or directory, overwriting the destination.\n\nIf either src_dir_fd or dst_dir_fd is not None, it should be a file\n  descriptor open to a directory, and the respective path string (src or dst)\n  should be relative; the path will then be relative to that directory.\nsrc_dir_fd and dst_dir_fd, may not be implemented on your platform.\n  If they are unavailable, using them will raise a NotImplementedError."
posix	rmdir	"Remove a directory.\n\nIf dir_fd is not None, it should be a file descriptor open to a directory,\n  and path should be relative; path will then be relative to that directory.\ndir_fd may not be implemented on your platform.\n  If it is unavailable, using it will raise a NotImplementedError."
posix	scandir	"Return an iterator of DirEntry objects for given path.\n\npath can be specified as either str, bytes, or a path-like object.  If path\nis bytes, the names of yielded DirEntry objects will also be bytes; in\nall other circumstances they will be str.\n\nIf path is None, uses the path='.'."
posix	sched_get_priority_max	"Get the maximum scheduling priority for policy."
posix	sched_get_priority_min	"Get the minimum scheduling priority for policy."
posix	sched_getaffinity	"Return the affinity of the process identified by pid (or the current process if zero).\n\nThe affinity is returned as a set of CPU identifiers."
posix	sched_getparam	"Returns scheduling parameters for the process identified by pid.\n\nIf pid is 0, returns parameters for the calling process.\nReturn value is an instance of sched_param."
posix	sched_getscheduler	"Get the scheduling policy for the process identified by pid.\n\nPassing 0 for pid returns the scheduling policy for the calling process."
posix	sched_param	"Currently has only one field: sched_priority\n\n  sched_priority\n    A scheduling parameter."
posix	sched_param.sched_priority	"the scheduling priority"
posix	sched_rr_get_interval	"Return the round-robin quantum for the process identified by pid, in seconds.\n\nValue returned is a float."
posix	sched_setaffinity	"Set the CPU affinity of the process identified by pid to mask.\n\nmask should be an iterable of integers identifying CPUs."
posix	sched_setparam	"Set scheduling parameters for the process identified by pid.\n\nIf pid is 0, sets parameters for the calling process.\nparam should be an instance of sched_param."
posix	sched_setscheduler	"Set the scheduling policy for the process identified by pid.\n\nIf pid is 0, the calling process is changed.\nparam is an instance of sched_param."
posix	sched_yield	"Voluntarily relinquish the CPU."
posix	sendfile	"Copy count bytes from file descriptor in_fd to file descriptor out_fd."
posix	set_blocking	"Set the blocking mode of the specified file descriptor.\n\nSet the O_NONBLOCK flag if blocking is False,\nclear the O_NONBLOCK flag otherwise."
posix	set_inheritable	"Set the inheritable flag of the specified file descriptor."
posix	setegid	"Set the current process's effective group id."
posix	seteuid	"Set the current process's effective user id."
posix	setgid	"Set the current process's group id."
posix	setgroups	"Set the groups of the current process to list."
posix	setns	"Move the calling thread into different namespaces.\n\n  fd\n    A file descriptor to a namespace.\n  nstype\n    Type of namespace."
posix	setpgid	"Call the system call setpgid(pid, pgrp)."
posix	setpgrp	"Make the current process the leader of its process group."
posix	setpriority	"Set program scheduling priority."
posix	setregid	"Set the current process's real and effective group ids."
posix	setresgid	"Set the current process's real, effective, and saved group ids."
posix	setresuid	"Set the current process's real, effective, and saved user ids."
posix	setreuid	"Set the current process's real and effective user ids."
posix	setsid	"Call the system call setsid()."
posix	setuid	"Set the current process's user id."
posix	setxattr	"Set extended attribute attribute on path to value.\n\npath may be either a string, a path-like object,  or an open file descriptor.\nIf follow_symlinks is False, and the last element of the path is a symbolic\n  link, setxattr will modify the symbolic link itself instead of the file\n  the link points to."
posix	splice	"Transfer count bytes from one pipe to a descriptor or vice versa.\n\n  src\n    Source file descriptor.\n  dst\n    Destination file descriptor.\n  count\n    Number of bytes to copy.\n  offset_src\n    Starting offset in src.\n  offset_dst\n    Starting offset in dst.\n  flags\n    Flags to modify the semantics of the call.\n\nIf offset_src is None, then src is read from the current position;\nrespectively for offset_dst. The offset associated to the file\ndescriptor that refers to a pipe must be None."
posix	stat	"Perform a stat system call on the given path.\n\n  path\n    Path to be examined; can be string, bytes, a path-like object or\n    open-file-descriptor int.\n  dir_fd\n    If not None, it should be a file descriptor open to a directory,\n    and path should be a relative string; path will then be relative to\n    that directory.\n  follow_symlinks\n    If False, and the last element of the path is a symbolic link,\n    stat will examine the symbolic link itself instead of the file\n    the link points to.\n\ndir_fd and follow_symlinks may not be implemented\n  on your platform.  If they are unavailable, using them will raise a\n  NotImplementedError.\n\nIt's an error to use dir_fd or follow_symlinks when specifying path as\n  an open file descriptor."
posix	statvfs	"Perform a statvfs system call on the given path.\n\npath may always be specified as a string.\nOn some platforms, path may also be specified as an open file descriptor.\n  If this functionality is unavailable, using it raises an exception."
posix	strerror	"Translate an error code to a message string."
posix	symlink	"Create a symbolic link pointing to src named dst.\n\ntarget_is_directory is required on Windows if the target is to be\n  interpreted as a directory.  (On Windows, symlink requires\n  Windows 6.0 or greater, and raises a NotImplementedError otherwise.)\n  target_is_directory is ignored on non-Windows platforms.\n\nIf dir_fd is not None, it should be a file descriptor open to a directory,\n  and path should be relative; path will then be relative to that directory.\ndir_fd may not be implemented on your platform.\n  If it is unavailable, using it will raise a NotImplementedError."
posix	sync	"Force write of everything to disk."
posix	sysconf	"Return an integer-valued system configuration variable."
posix	system	"Execute the command in a subshell."
posix	tcgetpgrp	"Return the process group associated with the terminal specified by fd."
posix	tcsetpgrp	"Set the process group associated with the terminal specified by fd."
posix	timerfd_create	"Create and return a timer file descriptor.\n\n  clockid\n    A valid clock ID constant as timer file descriptor.\n\n    time.CLOCK_REALTIME\n    time.CLOCK_MONOTONIC\n    time.CLOCK_BOOTTIME\n  flags\n    0 or a bit mask of os.TFD_NONBLOCK or os.TFD_CLOEXEC.\n\n    os.TFD_NONBLOCK\n        If *TFD_NONBLOCK* is set as a flag, read doesn't blocks.\n        If *TFD_NONBLOCK* is not set as a flag, read block until the timer fires.\n\n    os.TFD_CLOEXEC\n        If *TFD_CLOEXEC* is set as a flag, enable the close-on-exec flag"
posix	timerfd_gettime	"Return a tuple of a timer file descriptor's (interval, next expiration) in float seconds.\n\n  fd\n    A timer file descriptor."
posix	timerfd_gettime_ns	"Return a tuple of a timer file descriptor's (interval, next expiration) in nanoseconds.\n\n  fd\n    A timer file descriptor."
posix	timerfd_settime	"Alter a timer file descriptor's internal timer in seconds.\n\n  fd\n    A timer file descriptor.\n  flags\n    0 or a bit mask of TFD_TIMER_ABSTIME or TFD_TIMER_CANCEL_ON_SET.\n  initial\n    The initial expiration time, in seconds.\n  interval\n    The timer's interval, in seconds."
posix	timerfd_settime_ns	"Alter a timer file descriptor's internal timer in nanoseconds.\n\n  fd\n    A timer file descriptor.\n  flags\n    0 or a bit mask of TFD_TIMER_ABSTIME or TFD_TIMER_CANCEL_ON_SET.\n  initial\n    initial expiration timing in seconds.\n  interval\n    interval for the timer in seconds."
posix	times	"Return a collection containing process timing information.\n\nThe object returned behaves like a named tuple with these fields:\n  (utime, stime, cutime, cstime, elapsed_time)\nAll fields are floating-point numbers."
posix	times_result	"times_result: Result from os.times().\n\nThis object may be accessed either as a tuple of\n  (user, system, children_user, children_system, elapsed),\nor via the attributes user, system, children_user, children_system,\nand elapsed.\n\nSee os.times for more information."
posix	times_result.children_system	"system time of children"
posix	times_result.children_user	"user time of children"
posix	times_result.elapsed	"elapsed time since an arbitrary point in the past"
posix	times_result.system	"system time"
posix	times_result.user	"user time"
posix	truncate	"Truncate a file, specified by path, to a specific length.\n\nOn some platforms, path may also be specified as an open file descriptor.\n  If this functionality is unavailable, using it raises an exception."
posix	ttyname	"Return the name of the terminal device connected to 'fd'.\n\n  fd\n    Integer file descriptor handle."
posix	umask	"Set the current numeric umask and return the previous umask."
posix	uname	"Return an object identifying the current operating system.\n\nThe object behaves like a named tuple with the following fields:\n  (sysname, nodename, release, version, machine)"
posix	uname_result	"uname_result: Result from os.uname().\n\nThis object may be accessed either as a tuple of\n  (sysname, nodename, release, version, machine),\nor via the attributes sysname, nodename, release, version, and machine.\n\nSee os.uname for more information."
posix	uname_result.machine	"hardware identifier"
posix	uname_result.nodename	"name of machine on network (implementation-defined)"
posix	uname_result.release	"operating system release"
posix	uname_result.sysname	"operating system name"
posix	uname_result.version	"operating system version"
posix	unlink	"Remove a file (same as remove()).\n\nIf dir_fd is not None, it should be a file descriptor open to a directory,\n  and path should be relative; path will then be relative to that directory.\ndir_fd may not be implemented on your platform.\n  If it is unavailable, using it will raise a NotImplementedError."
posix	unlockpt	"Unlock a pseudo-terminal master/slave pair.\n\n  fd\n    File descriptor of a master pseudo-terminal device.\n\nPerforms an unlockpt() C function call."
posix	unsetenv	"Delete an environment variable."
posix	unshare	"Disassociate parts of a process (or thread) execution context.\n\n  flags\n    Namespaces to be unshared."
posix	urandom	"Return a bytes object containing random bytes suitable for cryptographic use."
posix	utime	"Set the access and modified time of path.\n\npath may always be specified as a string.\nOn some platforms, path may also be specified as an open file descriptor.\n  If this functionality is unavailable, using it raises an exception.\n\nIf times is not None, it must be a tuple (atime, mtime);\n    atime and mtime should be expressed as float seconds since the epoch.\nIf ns is specified, it must be a tuple (atime_ns, mtime_ns);\n    atime_ns and mtime_ns should be expressed as integer nanoseconds\n    since the epoch.\nIf times is None and ns is unspecified, utime uses the current time.\nSpecifying tuples for both times and ns is an error.\n\nIf dir_fd is not None, it should be a file descriptor open to a directory,\n  and path should be relative; path will then be relative to that directory.\nIf follow_symlinks is False, and the last element of the path is a symbolic\n  link, utime will modify the symbolic link itself instead of the file the\n  link points to.\nIt is an error to use dir_fd or follow_symlinks when specifying path\n  as an open file descriptor.\ndir_fd and follow_symlinks may not be available on your platform.\n  If they are unavailable, using them will raise a NotImplementedError."
posix	wait	"Wait for completion of a child process.\n\nReturns a tuple of information about the child process:\n    (pid, status)"
posix	wait3	"Wait for completion of a child process.\n\nReturns a tuple of information about the child process:\n  (pid, status, rusage)"
posix	wait4	"Wait for completion of a specific child process.\n\nReturns a tuple of information about the child process:\n  (pid, status, rusage)"
posix	waitid	"Returns the result of waiting for a process or processes.\n\n  idtype\n    Must be one of be P_PID, P_PGID or P_ALL.\n  id\n    The id to wait on.\n  options\n    Constructed from the ORing of one or more of WEXITED, WSTOPPED\n    or WCONTINUED and additionally may be ORed with WNOHANG or WNOWAIT.\n\nReturns either waitid_result or None if WNOHANG is specified and there are\nno children in a waitable state."
posix	waitid_result	"waitid_result: Result from waitid.\n\nThis object may be accessed either as a tuple of\n  (si_pid, si_uid, si_signo, si_status, si_code),\nor via the attributes si_pid, si_uid, and so on.\n\nSee os.waitid for more information."
posix	waitid_result.si_code	null
posix	waitid_result.si_pid	null
posix	waitid_result.si_signo	null
posix	waitid_result.si_status	null
posix	waitid_result.si_uid	null
posix	waitpid	"Wait for completion of a given child process.\n\nReturns a tuple of information regarding the child process:\n    (pid, status)\n\nThe options argument is ignored on Windows."
posix	waitstatus_to_exitcode	"Convert a wait status to an exit code.\n\nOn Unix:\n\n* If WIFEXITED(status) is true, return WEXITSTATUS(status).\n* If WIFSIGNALED(status) is true, return -WTERMSIG(status).\n* Otherwise, raise a ValueError.\n\nOn Windows, return status shifted right by 8 bits.\n\nOn Unix, if the process is being traced or if waitpid() was called with\nWUNTRACED option, the caller must first check if WIFSTOPPED(status) is true.\nThis function must not be called if WIFSTOPPED(status) is true."
posix	write	"Write a bytes object to a file descriptor."
posix	writev	"Iterate over buffers, and write the contents of each to a file descriptor.\n\nReturns the total number of bytes written.\nbuffers must be a sequence of bytes-like objects."
posixpath	commonprefix	"Given a list of pathnames, returns the longest common leading component"
posixpath	exists	"Test whether a path exists.  Returns False for broken symbolic links"
posixpath	getatime	"Return the last access time of a file, reported by os.stat()."
posixpath	getctime	"Return the metadata change time of a file, reported by os.stat()."
posixpath	getmtime	"Return the last modification time of a file, reported by os.stat()."
posixpath	getsize	"Return the size of a file, reported by os.stat()."
posixpath	isdevdrive	"Determines whether the specified path is on a Windows Dev Drive.\nDev Drives are not supported on the current platform"
posixpath	isdir	"Return true if the pathname refers to an existing directory."
posixpath	isfile	"Test whether a path is a regular file"
posixpath	isjunction	"Test whether a path is a junction\nJunctions are not supported on the current platform"
posixpath	islink	"Test whether a path is a symbolic link"
posixpath	lexists	"Test whether a path exists.  Returns True for broken symbolic links"
posixpath	samefile	"Test whether two pathnames reference the same actual file or directory\n\nThis is determined by the device number and i-node number and\nraises an exception if an os.stat() call on either pathname fails.\n"
posixpath	sameopenfile	"Test whether two open file objects reference the same file"
posixpath	samestat	"Test whether two stat buffers reference the same file"
posixpath	splitext	"Split the extension from a pathname.\n\nExtension is everything from the last dot to the end, ignoring\nleading dots.  Returns \"(root, ext)\"; ext may be empty."
pprint	_StringIO	"Text I/O implementation using an in-memory buffer.\n\nThe initial_value argument sets the value of object.  The newline\nargument is like the one of TextIOWrapper's constructor."
pprint	_StringIO.close	"Close the IO object.\n\nAttempting any further operation after the object is closed\nwill raise a ValueError.\n\nThis method has no effect if the file is already closed."
pprint	_StringIO.closed	null
pprint	_StringIO.getvalue	"Retrieve the entire contents of the object."
pprint	_StringIO.line_buffering	null
pprint	_StringIO.newlines	null
pprint	_StringIO.read	"Read at most size characters, returned as a string.\n\nIf the argument is negative or omitted, read until EOF\nis reached. Return an empty string at EOF."
pprint	_StringIO.readable	"Returns True if the IO object can be read."
pprint	_StringIO.readline	"Read until newline or EOF.\n\nReturns an empty string if EOF is hit immediately."
pprint	_StringIO.seek	"Change stream position.\n\nSeek to character offset pos relative to position indicated by whence:\n    0  Start of stream (the default).  pos should be >= 0;\n    1  Current position - pos must be 0;\n    2  End of stream - pos must be 0.\nReturns the new absolute position."
pprint	_StringIO.seekable	"Returns True if the IO object can be seeked."
pprint	_StringIO.tell	"Tell the current file position."
pprint	_StringIO.truncate	"Truncate size to pos.\n\nThe pos argument defaults to the current file position, as\nreturned by tell().  The current file position is unchanged.\nReturns the new absolute position."
pprint	_StringIO.writable	"Returns True if the IO object can be written."
pprint	_StringIO.write	"Write string to file.\n\nReturns the number of characters written, which is always equal to\nthe length of the string."
pprint	_safe_key.obj	null
pstats	FunctionProfile	"FunctionProfile(ncalls: str, tottime: float, percall_tottime: float, cumtime: float, percall_cumtime: float, file_name: str, line_number: int)"
pstats	SortKey	"An enumeration."
pstats	SortKey._generate_next_value_	"\nReturn the lower-cased version of the member name.\n"
pstats	SortKey._member_type_	"str(object='') -> str\nstr(bytes_or_buffer[, encoding[, errors]]) -> str\n\nCreate a new string object from the given object. If encoding or\nerrors is specified, then the object must expose a data buffer\nthat will be decoded using the given encoding and error handler.\nOtherwise, returns the result of object.__str__() (if defined)\nor repr(object).\nencoding defaults to 'utf-8'.\nerrors defaults to 'strict'."
pstats	SortKey._new_member_	null
pstats	SortKey._value_repr_	"Return repr(self)."
pstats	_simple_enum	"\nClass decorator that converts a normal class into an :class:`Enum`.  No\nsafety checks are done, and some advanced behavior (such as\n:func:`__init_subclass__`) is not available.  Enum creation can be faster\nusing :func:`_simple_enum`.\n\n    >>> from enum import Enum, _simple_enum\n    >>> @_simple_enum(Enum)\n    ... class Color:\n    ...     RED = auto()\n    ...     GREEN = auto()\n    ...     BLUE = auto()\n    >>> Color\n    <enum 'Color'>\n"
pstats	cmp_to_key	"Convert a cmp= function into a key= function.\n\n  mycmp\n    Function that compares two objects."
pstats	dataclass	"Add dunder methods based on the fields defined in the class.\n\nExamines PEP 526 __annotations__ to determine fields.\n\nIf init is true, an __init__() method is added to the class. If repr\nis true, a __repr__() method is added. If order is true, rich\ncomparison dunder methods are added. If unsafe_hash is true, a\n__hash__() method is added. If frozen is true, fields may not be\nassigned to after instance creation. If match_args is true, the\n__match_args__ tuple is added. If kw_only is true, then by default\nall fields are keyword-only. If slots is true, a new class with a\n__slots__ attribute is returned.\n"
pwd		"This module provides access to the Unix password database.\nIt is available on all Unix versions.\n\nPassword database entries are reported as 7-tuples containing the following\nitems from the password database (see `<pwd.h>'), in order:\npw_name, pw_passwd, pw_uid, pw_gid, pw_gecos, pw_dir, pw_shell.\nThe uid and gid items are integers, all others are strings. An\nexception is raised if the entry asked for cannot be found."
pwd	getpwall	"Return a list of all available password database entries, in arbitrary order.\n\nSee help(pwd) for more on password database entries."
pwd	getpwnam	"Return the password database entry for the given user name.\n\nSee `help(pwd)` for more on password database entries."
pwd	getpwuid	"Return the password database entry for the given numeric user ID.\n\nSee `help(pwd)` for more on password database entries."
pwd	struct_passwd	"pwd.struct_passwd: Results from getpw*() routines.\n\nThis object may be accessed either as a tuple of\n  (pw_name,pw_passwd,pw_uid,pw_gid,pw_gecos,pw_dir,pw_shell)\nor via the object attributes as named in the above tuple."
pwd	struct_passwd.pw_dir	"home directory"
pwd	struct_passwd.pw_gecos	"real name"
pwd	struct_passwd.pw_gid	"group id"
pwd	struct_passwd.pw_name	"user name"
pwd	struct_passwd.pw_passwd	"password"
pwd	struct_passwd.pw_shell	"shell program"
pwd	struct_passwd.pw_uid	"user id"
py_compile	PycInvalidationMode._generate_next_value_	"\nGenerate the next value when not given.\n\nname: the name of the member\nstart: the initial start value or None\ncount: the number of existing members\nlast_values: the list of values assigned\n"
py_compile	PycInvalidationMode._member_type_	"The base class of the class hierarchy.\n\nWhen called, it accepts no arguments and returns a new featureless\ninstance that has no instance attributes and cannot be given any.\n"
py_compile	PycInvalidationMode._new_member_	"Create and return a new object.  See help(type) for accurate signature."
pydoc	Doc.docclass	"Raise an exception for unimplemented types."
pydoc	Doc.docdata	"Raise an exception for unimplemented types."
pydoc	Doc.docmodule	"Raise an exception for unimplemented types."
pydoc	Doc.docother	"Raise an exception for unimplemented types."
pydoc	Doc.docproperty	"Raise an exception for unimplemented types."
pydoc	Doc.docroutine	"Raise an exception for unimplemented types."
pydoc	HTMLDoc.docproperty	"Produce html documentation for a data descriptor."
pydoc	HTMLDoc.escape	null
pydoc	HTMLDoc.repr	null
pydoc	HTMLRepr.repr_str	null
pydoc	HTMLRepr.repr_unicode	null
pydoc	TextDoc.docproperty	"Produce text documentation for a data descriptor."
pydoc	TextDoc.repr	null
pydoc	TextRepr.repr_str	null
pydoc	format_exception_only	"Format the exception part of a traceback.\n\nThe return value is a list of strings, each ending in a newline.\n\nThe list contains the exception's message, which is\nnormally a single string; however, for :exc:`SyntaxError` exceptions, it\ncontains several lines that (when printed) display detailed information\nabout where the syntax error occurred. Following the message, the list\ncontains the exception's ``__notes__``.\n\nWhen *show_group* is ``True``, and the exception is an instance of\n:exc:`BaseExceptionGroup`, the nested exceptions are included as\nwell, recursively, with indentation relative to their nesting depth.\n"
pydoc	get_pager	"Decide what method to use for paging through text."
pydoc	getpager	"Decide what method to use for paging through text."
pydoc	pipe_pager	"Page through text by feeding it to another program."
pydoc	pipepager	"Page through text by feeding it to another program."
pydoc	plain	"Remove boldface formatting from text."
pydoc	plain_pager	"Simply print unformatted text.  This is the ultimate fallback."
pydoc	plainpager	"Simply print unformatted text.  This is the ultimate fallback."
pydoc	tempfile_pager	"Page through text by invoking a program on a temporary file."
pydoc	tempfilepager	"Page through text by invoking a program on a temporary file."
pydoc	tty_pager	"Page through text on a text terminal."
pydoc	ttypager	"Page through text on a text terminal."
pyexpat		"Python wrapper for Expat parser."
pyexpat	ErrorString	"Returns string error for given number."
pyexpat	ParserCreate	"Return a new XML parser object."
pyexpat	XMLParserType	"XML parser"
pyexpat	XMLParserType.AttlistDeclHandler	null
pyexpat	XMLParserType.CharacterDataHandler	null
pyexpat	XMLParserType.CommentHandler	null
pyexpat	XMLParserType.CurrentByteIndex	null
pyexpat	XMLParserType.CurrentColumnNumber	null
pyexpat	XMLParserType.CurrentLineNumber	null
pyexpat	XMLParserType.DefaultHandler	null
pyexpat	XMLParserType.DefaultHandlerExpand	null
pyexpat	XMLParserType.ElementDeclHandler	null
pyexpat	XMLParserType.EndCdataSectionHandler	null
pyexpat	XMLParserType.EndDoctypeDeclHandler	null
pyexpat	XMLParserType.EndElementHandler	null
pyexpat	XMLParserType.EndNamespaceDeclHandler	null
pyexpat	XMLParserType.EntityDeclHandler	null
pyexpat	XMLParserType.ErrorByteIndex	null
pyexpat	XMLParserType.ErrorCode	null
pyexpat	XMLParserType.ErrorColumnNumber	null
pyexpat	XMLParserType.ErrorLineNumber	null
pyexpat	XMLParserType.ExternalEntityParserCreate	"Create a parser for parsing an external entity based on the information passed to the ExternalEntityRefHandler."
pyexpat	XMLParserType.ExternalEntityRefHandler	null
pyexpat	XMLParserType.GetBase	"Return base URL string for the parser."
pyexpat	XMLParserType.GetInputContext	"Return the untranslated text of the input that caused the current event.\n\nIf the event was generated by a large amount of text (such as a start tag\nfor an element with many attributes), not all of the text may be available."
pyexpat	XMLParserType.GetReparseDeferralEnabled	"Retrieve reparse deferral enabled status; always returns false with Expat <2.6.0."
pyexpat	XMLParserType.NotStandaloneHandler	null
pyexpat	XMLParserType.NotationDeclHandler	null
pyexpat	XMLParserType.Parse	"Parse XML data.\n\n`isfinal' should be true at end of input."
pyexpat	XMLParserType.ParseFile	"Parse XML data from file-like object."
pyexpat	XMLParserType.ProcessingInstructionHandler	null
pyexpat	XMLParserType.SetBase	"Set the base URL for the parser."
pyexpat	XMLParserType.SetParamEntityParsing	"Controls parsing of parameter entities (including the external DTD subset).\n\nPossible flag values are XML_PARAM_ENTITY_PARSING_NEVER,\nXML_PARAM_ENTITY_PARSING_UNLESS_STANDALONE and\nXML_PARAM_ENTITY_PARSING_ALWAYS. Returns true if setting the flag\nwas successful."
pyexpat	XMLParserType.SetReparseDeferralEnabled	"Enable/Disable reparse deferral; enabled by default with Expat >=2.6.0."
pyexpat	XMLParserType.SkippedEntityHandler	null
pyexpat	XMLParserType.StartCdataSectionHandler	null
pyexpat	XMLParserType.StartDoctypeDeclHandler	null
pyexpat	XMLParserType.StartElementHandler	null
pyexpat	XMLParserType.StartNamespaceDeclHandler	null
pyexpat	XMLParserType.UnparsedEntityDeclHandler	null
pyexpat	XMLParserType.UseForeignDTD	"Allows the application to provide an artificial external subset if one is not specified as part of the document instance.\n\nThis readily allows the use of a 'default' document type controlled by the\napplication, while still getting the advantage of providing document type\ninformation to the parser. 'flag' defaults to True if not provided."
pyexpat	XMLParserType.XmlDeclHandler	null
pyexpat	XMLParserType.buffer_size	null
pyexpat	XMLParserType.buffer_text	null
pyexpat	XMLParserType.buffer_used	null
pyexpat	XMLParserType.intern	null
pyexpat	XMLParserType.namespace_prefixes	null
pyexpat	XMLParserType.ordered_attributes	null
pyexpat	XMLParserType.specified_attributes	null
queue	heappop	"Pop the smallest item off the heap, maintaining the heap invariant."
queue	heappush	"Push item onto heap, maintaining the heap invariant."
queue	time	"monotonic() -> float\n\nMonotonic clock, cannot go backward."
quopri	a2b_qp	"Decode a string of qp-encoded data."
quopri	b2a_qp	"Encode a string using quoted-printable encoding.\n\nOn encoding, when istext is set, newlines are not encoded, and white\nspace at end of lines is.  When istext is not set, \\r and \\n (CR/LF)\nare both encoded.  When quotetabs is set, space and tabs are encoded."
_random		"Module implements the Mersenne Twister random number generator."
_random	Random	"Random() -> create a random number generator with its own internal state."
_random	Random.getrandbits	"getrandbits(k) -> x.  Generates an int with k random bits."
_random	Random.getstate	"getstate() -> tuple containing the current state."
_random	Random.random	"random() -> x in the interval [0, 1)."
_random	Random.seed	"seed([n]) -> None.\n\nDefaults to use urandom and falls back to a combination\nof the current time and the process identifier."
_random	Random.setstate	"setstate(state) -> None.  Restores generator state."
random	Random._randbelow	"Return a random int in the range [0,n).  Defined for n > 0."
random	SystemRandom._randbelow	"Return a random int in the range [0,n).  Defined for n > 0."
random	SystemRandom.getstate	"Method should not be called for a system random number generator."
random	SystemRandom.setstate	"Method should not be called for a system random number generator."
random	_accumulate	"Return series of accumulated sums (or other binary function results)."
random	_acos	"Return the arc cosine (measured in radians) of x.\n\nThe result is between 0 and pi."
random	_bisect	"Return the index where to insert item x in list a, assuming a is sorted.\n\nThe return value i is such that all e in a[:i] have e <= x, and all e in\na[i:] have e > x.  So if x already appears in the list, a.insert(i, x) will\ninsert just after the rightmost x already there.\n\nOptional args lo (default 0) and hi (default len(a)) bound the\nslice of a to be searched.\n\nA custom key function can be supplied to customize the sort order."
random	_ceil	"Return the ceiling of x as an Integral.\n\nThis is the smallest integer >= x."
random	_cos	"Return the cosine of x (measured in radians)."
random	_exp	"Return e raised to the power of x."
random	_fabs	"Return the absolute value of the float x."
random	_floor	"Return the floor of x as an Integral.\n\nThis is the largest integer <= x."
random	_index	"Same as a.__index__()"
random	_isfinite	"Return True if x is neither an infinity nor a NaN, and False otherwise."
random	_lgamma	"Natural logarithm of absolute value of Gamma function at x."
random	_log	"log(x, [base=math.e])\nReturn the logarithm of x to the given base.\n\nIf the base is not specified, returns the natural logarithm (base e) of x."
random	_log2	"Return the base 2 logarithm of x."
random	_repeat	"repeat(object [,times]) -> create an iterator which returns the object\nfor the specified number of times.  If not specified, returns the object\nendlessly."
random	_sin	"Return the sine of x (measured in radians)."
random	_sqrt	"Return the square root of x."
random	_urandom	"Return a bytes object containing random bytes suitable for cryptographic use."
random	getrandbits	"getrandbits(k) -> x.  Generates an int with k random bits."
random	random	"random() -> x in the interval [0, 1)."
re	Match	"The result of re.match() and re.search().\nMatch objects always have a boolean value of True."
re	Match.end	"Return index of the end of the substring matched by group."
re	Match.endpos	"The index into the string beyond which the RE engine will not go."
re	Match.expand	"Return the string obtained by doing backslash substitution on the string template, as done by the sub() method."
re	Match.group	"group([group1, ...]) -> str or tuple.\n    Return subgroup(s) of the match by indices or names.\n    For 0 returns the entire match."
re	Match.groupdict	"Return a dictionary containing all the named subgroups of the match, keyed by the subgroup name.\n\n  default\n    Is used for groups that did not participate in the match."
re	Match.groups	"Return a tuple containing all the subgroups of the match, from 1.\n\n  default\n    Is used for groups that did not participate in the match."
re	Match.lastgroup	"The name of the last matched capturing group."
re	Match.lastindex	"The integer index of the last matched capturing group."
re	Match.pos	"The index into the string at which the RE engine started looking for a match."
re	Match.re	"The regular expression object."
re	Match.regs	null
re	Match.span	"For match object m, return the 2-tuple (m.start(group), m.end(group))."
re	Match.start	"Return index of the start of the substring matched by group."
re	Match.string	"The string passed to match() or search()."
re	Pattern	"Compiled regular expression object."
re	Pattern.findall	"Return a list of all non-overlapping matches of pattern in string."
re	Pattern.finditer	"Return an iterator over all non-overlapping matches for the RE pattern in string.\n\nFor each match, the iterator returns a match object."
re	Pattern.flags	"The regex matching flags."
re	Pattern.fullmatch	"Matches against all of the string."
re	Pattern.groupindex	"A dictionary mapping group names to group numbers."
re	Pattern.groups	"The number of capturing groups in the pattern."
re	Pattern.match	"Matches zero or more characters at the beginning of the string."
re	Pattern.pattern	"The pattern string from which the RE object was compiled."
re	Pattern.scanner	null
re	Pattern.search	"Scan through string looking for a match, and return a corresponding match object instance.\n\nReturn None if no position in the string matches."
re	Pattern.split	"Split string by the occurrences of pattern."
re	Pattern.sub	"Return the string obtained by replacing the leftmost non-overlapping occurrences of pattern in string by the replacement repl."
re	Pattern.subn	"Return the tuple (new_string, number_of_subs_made) found by replacing the leftmost non-overlapping occurrences of pattern with the replacement repl."
re	PatternError	"Exception raised for invalid regular expressions.\n\nAttributes:\n\n    msg: The unformatted error message\n    pattern: The regular expression pattern\n    pos: The index in the pattern where compilation failed (may be None)\n    lineno: The line corresponding to pos (may be None)\n    colno: The column corresponding to pos (may be None)\n"
re	RegexFlag	"An enumeration."
re	RegexFlag._generate_next_value_	"\nGenerate the next value when not given.\n\nname: the name of the member\nstart: the initial start value or None\ncount: the number of existing members\nlast_values: the last value assigned or None\n"
re	RegexFlag._iter_member_	"\nExtract all members from the value in definition order.\n"
re	RegexFlag._member_type_	"int([x]) -> integer\nint(x, base=10) -> integer\n\nConvert a number or string to an integer, or return 0 if no arguments\nare given.  If x is a number, return x.__int__().  For floating-point\nnumbers, this truncates towards zero.\n\nIf x is not a number or if base is given, then x must be a string,\nbytes, or bytearray instance representing an integer literal in the\ngiven base.  The literal can be preceded by '+' or '-' and be surrounded\nby whitespace.  The base defaults to 10.  Valid bases are 0 and 2-36.\nBase 0 means to interpret the base from the string as an integer literal.\n>>> int('0b100', base=0)\n4"
re	RegexFlag._new_member_	"Create and return a new object.  See help(type) for accurate signature."
re	RegexFlag._numeric_repr_	"Return the hexadecimal representation of an integer.\n\n   >>> hex(12648430)\n   '0xc0ffee'"
re	RegexFlag._value_repr_	"Return repr(self)."
re	error	"Exception raised for invalid regular expressions.\n\nAttributes:\n\n    msg: The unformatted error message\n    pattern: The regular expression pattern\n    pos: The index in the pattern where compilation failed (may be None)\n    lineno: The line corresponding to pos (may be None)\n    colno: The column corresponding to pos (may be None)\n"
readline		"Importing this module enables command line editing using GNU readline."
readline	add_history	"Add an item to the history buffer."
readline	append_history_file	"Append the last nelements items of the history list to file.\n\nThe default filename is ~/.history."
readline	clear_history	"Clear the current readline history."
readline	get_begidx	"Get the beginning index of the completion scope."
readline	get_completer	"Get the current completer function."
readline	get_completer_delims	"Get the word delimiters for completion."
readline	get_completion_type	"Get the type of completion being attempted."
readline	get_current_history_length	"Return the current (not the maximum) length of history."
readline	get_endidx	"Get the ending index of the completion scope."
readline	get_history_item	"Return the current contents of history item at one-based index."
readline	get_history_length	"Return the maximum number of lines that will be written to the history file."
readline	get_line_buffer	"Return the current contents of the line buffer."
readline	insert_text	"Insert text into the line buffer at the cursor position."
readline	parse_and_bind	"Execute the init line provided in the string argument."
readline	read_history_file	"Load a readline history file.\n\nThe default filename is ~/.history."
readline	read_init_file	"Execute a readline initialization file.\n\nThe default filename is the last filename used."
readline	redisplay	"Change what's displayed on the screen to reflect contents of the line buffer."
readline	remove_history_item	"Remove history item given by its zero-based position."
readline	replace_history_item	"Replaces history item given by its position with contents of line.\n\npos is zero-based."
readline	set_auto_history	"Enables or disables automatic history."
readline	set_completer	"Set or remove the completer function.\n\nThe function is called as function(text, state),\nfor state in 0, 1, 2, ..., until it returns a non-string.\nIt should return the next possible completion starting with 'text'."
readline	set_completer_delims	"Set the word delimiters for completion."
readline	set_completion_display_matches_hook	"Set or remove the completion display function.\n\nThe function is called as\n  function(substitution, [matches], longest_match_length)\nonce each time matches need to be displayed."
readline	set_history_length	"Set the maximal number of lines which will be written to the history file.\n\nA negative length is used to inhibit history truncation."
readline	set_pre_input_hook	"Set or remove the function invoked by the rl_pre_input_hook callback.\n\nThe function is called with no arguments after the first prompt\nhas been printed and just before readline starts reading input\ncharacters."
readline	set_startup_hook	"Set or remove the function invoked by the rl_startup_hook callback.\n\nThe function is called with no arguments just\nbefore readline prints the first prompt."
readline	write_history_file	"Save a readline history file.\n\nThe default filename is ~/.history."
reprlib	get_ident	"Return a non-zero integer that uniquely identifies the current thread\namongst other threads that exist simultaneously.\nThis may be used to identify per-thread resources.\nEven though on some platforms threads identities may appear to be\nallocated consecutive numbers starting at 1, this behavior should not\nbe relied upon, and the number should be seen purely as a magic cookie.\nA thread's identity may be reused for another thread after it exits."
reprlib	islice	"islice(iterable, stop) --> islice object\nislice(iterable, start, stop[, step]) --> islice object\n\nReturn an iterator whose next() method returns selected values from an\niterable.  If start is specified, will skip all preceding elements;\notherwise, start defaults to zero.  Step defaults to one.  If\nspecified as another value, step determines how many values are\nskipped between successive calls.  Works like a slice() on a list\nbut returns an iterator."
resource		null
resource	getpagesize	null
resource	getrlimit	null
resource	getrusage	null
resource	prlimit	null
resource	setrlimit	null
resource	struct_rusage	"struct_rusage: Result from getrusage.\n\nThis object may be accessed either as a tuple of\n    (utime,stime,maxrss,ixrss,idrss,isrss,minflt,majflt,\n    nswap,inblock,oublock,msgsnd,msgrcv,nsignals,nvcsw,nivcsw)\nor via the attributes ru_utime, ru_stime, ru_maxrss, and so on."
resource	struct_rusage.ru_idrss	"unshared data size"
resource	struct_rusage.ru_inblock	"block input operations"
resource	struct_rusage.ru_isrss	"unshared stack size"
resource	struct_rusage.ru_ixrss	"shared memory size"
resource	struct_rusage.ru_majflt	"page faults requiring I/O"
resource	struct_rusage.ru_maxrss	"max. resident set size"
resource	struct_rusage.ru_minflt	"page faults not requiring I/O"
resource	struct_rusage.ru_msgrcv	"IPC messages received"
resource	struct_rusage.ru_msgsnd	"IPC messages sent"
resource	struct_rusage.ru_nivcsw	"involuntary context switches"
resource	struct_rusage.ru_nsignals	"signals received"
resource	struct_rusage.ru_nswap	"number of swap outs"
resource	struct_rusage.ru_nvcsw	"voluntary context switches"
resource	struct_rusage.ru_oublock	"block output operations"
resource	struct_rusage.ru_stime	"system time used"
resource	struct_rusage.ru_utime	"user time used"
sched	Event	"Event(time, priority, sequence, action, argument, kwargs)"
sched	Event._asdict	"Return a new dict which maps field names to their values."
sched	Event._make	null
sched	Event._replace	"Return a new Event object replacing specified fields with new values"
sched	_time	"monotonic() -> float\n\nMonotonic clock, cannot go backward."
sched	count	"Return a count object whose .__next__() method returns consecutive values.\n\nEquivalent to:\n    def count(firstval=0, step=1):\n        x = firstval\n        while 1:\n            yield x\n            x += step"
sched	namedtuple	"Returns a new subclass of tuple with named fields.\n\n>>> Point = namedtuple('Point', ['x', 'y'])\n>>> Point.__doc__                   # docstring for the new class\n'Point(x, y)'\n>>> p = Point(11, y=22)             # instantiate with positional args or keywords\n>>> p[0] + p[1]                     # indexable like a plain tuple\n33\n>>> x, y = p                        # unpack like a regular tuple\n>>> x, y\n(11, 22)\n>>> p.x + p.y                       # fields also accessible by name\n33\n>>> d = p._asdict()                 # convert to a dictionary\n>>> d['x']\n11\n>>> Point(**d)                      # convert from a dictionary\nPoint(x=11, y=22)\n>>> p._replace(x=100)               # _replace() is like str.replace() but targets named fields\nPoint(x=100, y=22)\n\n"
secrets	compare_digest	"Return 'a == b'.\n\nThis function uses an approach designed to prevent\ntiming analysis, making it appropriate for cryptography.\n\na and b must both be of the same type: either str (ASCII only),\nor any bytes-like object.\n\nNote: If a and b are of different lengths, or if an error occurs,\na timing attack could theoretically reveal information about the\ntypes and lengths of a and b--but not their values."
select		"This module supports asynchronous I/O on multiple file descriptors.\n\n*** IMPORTANT NOTICE ***\nOn Windows, only sockets are supported; on Unix, all file descriptors."
select	epoll	"select.epoll(sizehint=-1, flags=0)\n\nReturns an epolling object\n\nsizehint must be a positive integer or -1 for the default size. The\nsizehint is used to optimize internal data structures. It doesn't limit\nthe maximum number of monitored events."
select	epoll.close	"Close the epoll control file descriptor.\n\nFurther operations on the epoll object will raise an exception."
select	epoll.closed	"True if the epoll handler is closed"
select	epoll.fileno	"Return the epoll control file descriptor."
select	epoll.fromfd	"Create an epoll object from a given control fd."
select	epoll.modify	"Modify event mask for a registered file descriptor.\n\n  fd\n    the target file descriptor of the operation\n  eventmask\n    a bit set composed of the various EPOLL constants"
select	epoll.poll	"Wait for events on the epoll file descriptor.\n\n  timeout\n    the maximum time to wait in seconds (as float);\n    a timeout of None or -1 makes poll wait indefinitely\n  maxevents\n    the maximum number of events returned; -1 means no limit\n\nReturns a list containing any descriptors that have events to report,\nas a list of (fd, events) 2-tuples."
select	epoll.register	"Registers a new fd or raises an OSError if the fd is already registered.\n\n  fd\n    the target file descriptor of the operation\n  eventmask\n    a bit set composed of the various EPOLL constants\n\nThe epoll interface supports all file descriptors that support poll."
select	epoll.unregister	"Remove a registered file descriptor from the epoll object.\n\n  fd\n    the target file descriptor of the operation"
select	poll	"Returns a polling object.\n\nThis object supports registering and unregistering file descriptors, and then\npolling them for I/O events."
select	select	"Wait until one or more file descriptors are ready for some kind of I/O.\n\nThe first three arguments are iterables of file descriptors to be waited for:\nrlist -- wait until ready for reading\nwlist -- wait until ready for writing\nxlist -- wait for an \"exceptional condition\"\nIf only one kind of condition is required, pass [] for the other lists.\n\nA file descriptor is either a socket or file object, or a small integer\ngotten from a fileno() method call on one of those.\n\nThe optional 4th argument specifies a timeout in seconds; it may be\na floating-point number to specify fractions of seconds.  If it is absent\nor None, the call will never time out.\n\nThe return value is a tuple of three lists corresponding to the first three\narguments; each contains the subset of the corresponding file descriptors\nthat are ready.\n\n*** IMPORTANT NOTICE ***\nOn Windows, only sockets are supported; on Unix, all file\ndescriptors can be used."
selectors	DefaultSelector	"Epoll-based selector."
selectors	DefaultSelector._selector_cls	"select.epoll(sizehint=-1, flags=0)\n\nReturns an epolling object\n\nsizehint must be a positive integer or -1 for the default size. The\nsizehint is used to optimize internal data structures. It doesn't limit\nthe maximum number of monitored events."
selectors	DefaultSelector.close	null
selectors	DefaultSelector.fileno	null
selectors	DefaultSelector.select	null
selectors	EpollSelector._selector_cls	"select.epoll(sizehint=-1, flags=0)\n\nReturns an epolling object\n\nsizehint must be a positive integer or -1 for the default size. The\nsizehint is used to optimize internal data structures. It doesn't limit\nthe maximum number of monitored events."
selectors	PollSelector._selector_cls	"Returns a polling object.\n\nThis object supports registering and unregistering file descriptors, and then\npolling them for I/O events."
selectors	SelectSelector._select	"Wait until one or more file descriptors are ready for some kind of I/O.\n\nThe first three arguments are iterables of file descriptors to be waited for:\nrlist -- wait until ready for reading\nwlist -- wait until ready for writing\nxlist -- wait for an \"exceptional condition\"\nIf only one kind of condition is required, pass [] for the other lists.\n\nA file descriptor is either a socket or file object, or a small integer\ngotten from a fileno() method call on one of those.\n\nThe optional 4th argument specifies a timeout in seconds; it may be\na floating-point number to specify fractions of seconds.  If it is absent\nor None, the call will never time out.\n\nThe return value is a tuple of three lists corresponding to the first three\narguments; each contains the subset of the corresponding file descriptors\nthat are ready.\n\n*** IMPORTANT NOTICE ***\nOn Windows, only sockets are supported; on Unix, all file\ndescriptors can be used."
selectors	SelectorKey	"SelectorKey(fileobj, fd, events, data)\n\n    Object used to associate a file object to its backing\n    file descriptor, selected event mask, and attached data.\n"
selectors	SelectorKey._asdict	"Return a new dict which maps field names to their values."
selectors	SelectorKey._make	null
selectors	SelectorKey._replace	"Return a new SelectorKey object replacing specified fields with new values"
selectors	abstractmethod	"A decorator indicating abstract methods.\n\nRequires that the metaclass is ABCMeta or derived from it.  A\nclass that has a metaclass derived from ABCMeta cannot be\ninstantiated unless all of its abstract methods are overridden.\nThe abstract methods can be called using any of the normal\n'super' call mechanisms.  abstractmethod() may be used to declare\nabstract methods for properties and descriptors.\n\nUsage:\n\n    class C(metaclass=ABCMeta):\n        @abstractmethod\n        def my_abstract_method(self, arg1, arg2, argN):\n            ...\n"
selectors	namedtuple	"Returns a new subclass of tuple with named fields.\n\n>>> Point = namedtuple('Point', ['x', 'y'])\n>>> Point.__doc__                   # docstring for the new class\n'Point(x, y)'\n>>> p = Point(11, y=22)             # instantiate with positional args or keywords\n>>> p[0] + p[1]                     # indexable like a plain tuple\n33\n>>> x, y = p                        # unpack like a regular tuple\n>>> x, y\n(11, 22)\n>>> p.x + p.y                       # fields also accessible by name\n33\n>>> d = p._asdict()                 # convert to a dictionary\n>>> d['x']\n11\n>>> Point(**d)                      # convert from a dictionary\nPoint(x=11, y=22)\n>>> p._replace(x=100)               # _replace() is like str.replace() but targets named fields\nPoint(x=100, y=22)\n\n"
shelve	BytesIO	"Buffered I/O implementation using an in-memory bytes buffer."
shelve	BytesIO.close	"Disable all I/O operations."
shelve	BytesIO.closed	"True if the file is closed."
shelve	BytesIO.flush	"Does nothing."
shelve	BytesIO.getbuffer	"Get a read-write view over the contents of the BytesIO object."
shelve	BytesIO.getvalue	"Retrieve the entire contents of the BytesIO object."
shelve	BytesIO.isatty	"Always returns False.\n\nBytesIO objects are not connected to a TTY-like device."
shelve	BytesIO.read	"Read at most size bytes, returned as a bytes object.\n\nIf the size argument is negative, read until EOF is reached.\nReturn an empty bytes object at EOF."
shelve	BytesIO.read1	"Read at most size bytes, returned as a bytes object.\n\nIf the size argument is negative or omitted, read until EOF is reached.\nReturn an empty bytes object at EOF."
shelve	BytesIO.readable	"Returns True if the IO object can be read."
shelve	BytesIO.readinto	"Read bytes into buffer.\n\nReturns number of bytes read (0 for EOF), or None if the object\nis set not to block and has no data to read."
shelve	BytesIO.readline	"Next line from the file, as a bytes object.\n\nRetain newline.  A non-negative size argument limits the maximum\nnumber of bytes to return (an incomplete line may be returned then).\nReturn an empty bytes object at EOF."
shelve	BytesIO.readlines	"List of bytes objects, each a line from the file.\n\nCall readline() repeatedly and return a list of the lines so read.\nThe optional size argument, if given, is an approximate bound on the\ntotal number of bytes in the lines returned."
shelve	BytesIO.seek	"Change stream position.\n\nSeek to byte offset pos relative to position indicated by whence:\n     0  Start of stream (the default).  pos should be >= 0;\n     1  Current position - pos may be negative;\n     2  End of stream - pos usually negative.\nReturns the new absolute position."
shelve	BytesIO.seekable	"Returns True if the IO object can be seeked."
shelve	BytesIO.tell	"Current file position, an integer."
shelve	BytesIO.truncate	"Truncate the file to at most size bytes.\n\nSize defaults to the current file position, as returned by tell().\nThe current file position is unchanged.  Returns the new size."
shelve	BytesIO.writable	"Returns True if the IO object can be written."
shelve	BytesIO.write	"Write bytes to file.\n\nReturn the number of bytes written."
shelve	BytesIO.writelines	"Write lines to the file.\n\nNote that newlines are not added.  lines can be any iterable object\nproducing bytes-like objects. This is equivalent to calling write() for\neach element."
shelve	Pickler	"This takes a binary file for writing a pickle data stream.\n\nThe optional *protocol* argument tells the pickler to use the given\nprotocol; supported protocols are 0, 1, 2, 3, 4 and 5.  The default\nprotocol is 4. It was introduced in Python 3.4, and is incompatible\nwith previous versions.\n\nSpecifying a negative protocol version selects the highest protocol\nversion supported.  The higher the protocol used, the more recent the\nversion of Python needed to read the pickle produced.\n\nThe *file* argument must have a write() method that accepts a single\nbytes argument. It can thus be a file object opened for binary\nwriting, an io.BytesIO instance, or any other custom object that meets\nthis interface.\n\nIf *fix_imports* is True and protocol is less than 3, pickle will try\nto map the new Python 3 names to the old module names used in Python\n2, so that the pickle data stream is readable with Python 2.\n\nIf *buffer_callback* is None (the default), buffer views are\nserialized into *file* as part of the pickle stream.\n\nIf *buffer_callback* is not None, then it can be called any number\nof times with a buffer view.  If the callback returns a false value\n(such as None), the given buffer is out-of-band; otherwise the\nbuffer is serialized in-band, i.e. inside the pickle stream.\n\nIt is an error if *buffer_callback* is not None and *protocol*\nis None or smaller than 5."
shelve	Pickler.bin	null
shelve	Pickler.clear_memo	"Clears the pickler's \"memo\".\n\nThe memo is the data structure that remembers which objects the\npickler has already seen, so that shared or recursive objects are\npickled by reference and not by value.  This method is useful when\nre-using picklers."
shelve	Pickler.dispatch_table	null
shelve	Pickler.dump	"Write a pickled representation of the given object to the open file."
shelve	Pickler.fast	null
shelve	Pickler.memo	null
shelve	Pickler.persistent_id	null
shelve	Unpickler	"This takes a binary file for reading a pickle data stream.\n\nThe protocol version of the pickle is detected automatically, so no\nprotocol argument is needed.  Bytes past the pickled object's\nrepresentation are ignored.\n\nThe argument *file* must have two methods, a read() method that takes\nan integer argument, and a readline() method that requires no\narguments.  Both methods should return bytes.  Thus *file* can be a\nbinary file object opened for reading, an io.BytesIO object, or any\nother custom object that meets this interface.\n\nOptional keyword arguments are *fix_imports*, *encoding* and *errors*,\nwhich are used to control compatibility support for pickle stream\ngenerated by Python 2.  If *fix_imports* is True, pickle will try to\nmap the old Python 2 names to the new names used in Python 3.  The\n*encoding* and *errors* tell pickle how to decode 8-bit string\ninstances pickled by Python 2; these default to 'ASCII' and 'strict',\nrespectively.  The *encoding* can be 'bytes' to read these 8-bit\nstring instances as bytes objects."
shelve	Unpickler.find_class	"Return an object from a specified module.\n\nIf necessary, the module will be imported. Subclasses may override\nthis method (e.g. to restrict unpickling of arbitrary classes and\nfunctions).\n\nThis method is called whenever a class or a function object is\nneeded.  Both arguments passed are str objects."
shelve	Unpickler.load	"Load a pickle.\n\nRead a pickled object representation from the open file object given\nin the constructor, and return the reconstituted object hierarchy\nspecified therein."
shelve	Unpickler.memo	null
shelve	Unpickler.persistent_load	null
shelve	_ClosedDict.keys	null
shutil	_ntuple_diskusage	"usage(total, used, free)"
shutil	_ntuple_diskusage._asdict	"Return a new dict which maps field names to their values."
shutil	_ntuple_diskusage._make	null
shutil	_ntuple_diskusage._replace	"Return a new usage object replacing specified fields with new values"
signal	Handlers	"An enumeration."
signal	Handlers._generate_next_value_	"\nGenerate the next value when not given.\n\nname: the name of the member\nstart: the initial start value or None\ncount: the number of existing members\nlast_values: the list of values assigned\n"
signal	Handlers._member_type_	"int([x]) -> integer\nint(x, base=10) -> integer\n\nConvert a number or string to an integer, or return 0 if no arguments\nare given.  If x is a number, return x.__int__().  For floating-point\nnumbers, this truncates towards zero.\n\nIf x is not a number or if base is given, then x must be a string,\nbytes, or bytearray instance representing an integer literal in the\ngiven base.  The literal can be preceded by '+' or '-' and be surrounded\nby whitespace.  The base defaults to 10.  Valid bases are 0 and 2-36.\nBase 0 means to interpret the base from the string as an integer literal.\n>>> int('0b100', base=0)\n4"
signal	Handlers._new_member_	"Create and return a new object.  See help(type) for accurate signature."
signal	Handlers._value_repr_	"Return repr(self)."
signal	ItimerError	null
signal	Sigmasks	"An enumeration."
signal	Sigmasks._generate_next_value_	"\nGenerate the next value when not given.\n\nname: the name of the member\nstart: the initial start value or None\ncount: the number of existing members\nlast_values: the list of values assigned\n"
signal	Sigmasks._member_type_	"int([x]) -> integer\nint(x, base=10) -> integer\n\nConvert a number or string to an integer, or return 0 if no arguments\nare given.  If x is a number, return x.__int__().  For floating-point\nnumbers, this truncates towards zero.\n\nIf x is not a number or if base is given, then x must be a string,\nbytes, or bytearray instance representing an integer literal in the\ngiven base.  The literal can be preceded by '+' or '-' and be surrounded\nby whitespace.  The base defaults to 10.  Valid bases are 0 and 2-36.\nBase 0 means to interpret the base from the string as an integer literal.\n>>> int('0b100', base=0)\n4"
signal	Sigmasks._new_member_	"Create and return a new object.  See help(type) for accurate signature."
signal	Sigmasks._value_repr_	"Return repr(self)."
signal	Signals	"An enumeration."
signal	Signals._generate_next_value_	"\nGenerate the next value when not given.\n\nname: the name of the member\nstart: the initial start value or None\ncount: the number of existing members\nlast_values: the list of values assigned\n"
signal	Signals._member_type_	"int([x]) -> integer\nint(x, base=10) -> integer\n\nConvert a number or string to an integer, or return 0 if no arguments\nare given.  If x is a number, return x.__int__().  For floating-point\nnumbers, this truncates towards zero.\n\nIf x is not a number or if base is given, then x must be a string,\nbytes, or bytearray instance representing an integer literal in the\ngiven base.  The literal can be preceded by '+' or '-' and be surrounded\nby whitespace.  The base defaults to 10.  Valid bases are 0 and 2-36.\nBase 0 means to interpret the base from the string as an integer literal.\n>>> int('0b100', base=0)\n4"
signal	Signals._new_member_	"Create and return a new object.  See help(type) for accurate signature."
signal	Signals._value_repr_	"Return repr(self)."
signal	alarm	"Arrange for SIGALRM to arrive after the given number of seconds."
signal	default_int_handler	"The default handler for SIGINT installed by Python.\n\nIt raises KeyboardInterrupt."
signal	getitimer	"Returns current value of given itimer."
signal	getsignal	"Return the current action for the given signal.\n\nThe return value can be:\n  SIG_IGN -- if the signal is being ignored\n  SIG_DFL -- if the default action for the signal is in effect\n  None    -- if an unknown handler is in effect\n  anything else -- the callable Python object used as a handler"
signal	pause	"Wait until a signal arrives."
signal	pidfd_send_signal	"Send a signal to a process referred to by a pid file descriptor."
signal	pthread_kill	"Send a signal to a thread."
signal	pthread_sigmask	"Fetch and/or change the signal mask of the calling thread."
signal	raise_signal	"Send a signal to the executing process."
signal	set_wakeup_fd	"Sets the fd to be written to (with the signal number) when a signal comes in.\n\nA library can use this to wakeup select or poll.\nThe previous fd or -1 is returned.\n\nThe fd must be non-blocking."
signal	setitimer	"Sets given itimer (one of ITIMER_REAL, ITIMER_VIRTUAL or ITIMER_PROF).\n\nThe timer will fire after value seconds and after that every interval seconds.\nThe itimer can be cleared by setting seconds to zero.\n\nReturns old values as a tuple: (delay, interval)."
signal	siginterrupt	"Change system call restart behaviour.\n\nIf flag is False, system calls will be restarted when interrupted by\nsignal sig, else system calls will be interrupted."
signal	signal	"Set the action for the given signal.\n\nThe action can be SIG_DFL, SIG_IGN, or a callable Python object.\nThe previous action is returned.  See getsignal() for possible return values.\n\n*** IMPORTANT NOTICE ***\nA signal handler function is called with two arguments:\nthe first is the signal number, the second is the interrupted stack frame."
signal	sigpending	"Examine pending signals.\n\nReturns a set of signal numbers that are pending for delivery to\nthe calling thread."
signal	sigtimedwait	"Like sigwaitinfo(), but with a timeout.\n\nThe timeout is specified in seconds, with floating-point numbers allowed."
signal	sigwait	"Wait for a signal.\n\nSuspend execution of the calling thread until the delivery of one of the\nsignals specified in the signal set sigset.  The function accepts the signal\nand returns the signal number."
signal	sigwaitinfo	"Wait synchronously until one of the signals in *sigset* is delivered.\n\nReturns a struct_siginfo containing information about the signal."
signal	strsignal	"Return the system description of the given signal.\n\nReturns the description of signal *signalnum*, such as \"Interrupt\"\nfor :const:`SIGINT`. Returns :const:`None` if *signalnum* has no\ndescription. Raises :exc:`ValueError` if *signalnum* is invalid."
signal	struct_siginfo	"struct_siginfo: Result from sigwaitinfo or sigtimedwait.\n\nThis object may be accessed either as a tuple of\n(si_signo, si_code, si_errno, si_pid, si_uid, si_status, si_band),\nor via the attributes si_signo, si_code, and so on."
signal	struct_siginfo.si_band	"band event for SIGPOLL"
signal	struct_siginfo.si_code	"signal code"
signal	struct_siginfo.si_errno	"errno associated with this signal"
signal	struct_siginfo.si_pid	"sending process ID"
signal	struct_siginfo.si_signo	"signal number"
signal	struct_siginfo.si_status	"exit value or signal"
signal	struct_siginfo.si_uid	"real user ID of sending process"
signal	valid_signals	"Return a set of valid signal numbers on this platform.\n\nThe signal numbers returned by this function can be safely passed to\nfunctions like `pthread_sigmask`."
smtplib	SMTP.vrfy	"SMTP 'verify' command -- checks for address validity."
smtplib	encode_base64	"Encode a string with base64.\n\nEach line will be wrapped at, at most, maxlinelen characters (defaults to\n76 characters).\n\nEach line of encoded text will end with eol, which defaults to \"\\n\".  Set\nthis to \"\\r\\n\" if you will be using the result of this function directly\nin an email.\n"
_queue		"C implementation of the Python queue module.\nThis module is an implementation detail, please do not use it directly."
_queue	Empty	"Exception raised by Queue.get(block=0)/get_nowait()."
_queue	SimpleQueue	"Simple, unbounded, reentrant FIFO queue."
_queue	SimpleQueue.empty	"Return True if the queue is empty, False otherwise (not reliable!)."
_queue	SimpleQueue.get	"Remove and return an item from the queue.\n\nIf optional args 'block' is true and 'timeout' is None (the default),\nblock if necessary until an item is available. If 'timeout' is\na non-negative number, it blocks at most 'timeout' seconds and raises\nthe Empty exception if no item was available within that time.\nOtherwise ('block' is false), return an item if one is immediately\navailable, else raise the Empty exception ('timeout' is ignored\nin that case)."
_queue	SimpleQueue.get_nowait	"Remove and return an item from the queue without blocking.\n\nOnly get an item if one is immediately available. Otherwise\nraise the Empty exception."
_queue	SimpleQueue.put	"Put the item on the queue.\n\nThe optional 'block' and 'timeout' arguments are ignored, as this method\nnever blocks.  They are provided for compatibility with the queue.Queue\nclass."
_queue	SimpleQueue.put_nowait	"Put an item into the queue without blocking.\n\nThis is exactly equivalent to `put(item, block=False)` and is only provided\nfor compatibility with the Queue class."
_queue	SimpleQueue.qsize	"Return the approximate size of the queue (not reliable!)."
_signal		"This module provides mechanisms to use signal handlers in Python.\n\nFunctions:\n\nalarm() -- cause SIGALRM after a specified time [Unix only]\nsetitimer() -- cause a signal (described below) after a specified\n               float time and the timer may restart then [Unix only]\ngetitimer() -- get current value of timer [Unix only]\nsignal() -- set the action for a given signal\ngetsignal() -- get the signal action for a given signal\npause() -- wait until a signal arrives [Unix only]\ndefault_int_handler() -- default SIGINT handler\n\nsignal constants:\nSIG_DFL -- used to refer to the system default handler\nSIG_IGN -- used to ignore the signal\nNSIG -- number of defined signals\nSIGINT, SIGTERM, etc. -- signal numbers\n\n*** IMPORTANT NOTICE ***\nA signal handler function is called with two arguments:\nthe first is the signal number, the second is the interrupted stack frame."
_signal	alarm	"Arrange for SIGALRM to arrive after the given number of seconds."
_signal	default_int_handler	"The default handler for SIGINT installed by Python.\n\nIt raises KeyboardInterrupt."
_signal	getitimer	"Returns current value of given itimer."
_signal	getsignal	"Return the current action for the given signal.\n\nThe return value can be:\n  SIG_IGN -- if the signal is being ignored\n  SIG_DFL -- if the default action for the signal is in effect\n  None    -- if an unknown handler is in effect\n  anything else -- the callable Python object used as a handler"
_signal	pause	"Wait until a signal arrives."
_signal	pidfd_send_signal	"Send a signal to a process referred to by a pid file descriptor."
_signal	pthread_kill	"Send a signal to a thread."
_signal	pthread_sigmask	"Fetch and/or change the signal mask of the calling thread."
_signal	raise_signal	"Send a signal to the executing process."
_signal	set_wakeup_fd	"Sets the fd to be written to (with the signal number) when a signal comes in.\n\nA library can use this to wakeup select or poll.\nThe previous fd or -1 is returned.\n\nThe fd must be non-blocking."
_signal	setitimer	"Sets given itimer (one of ITIMER_REAL, ITIMER_VIRTUAL or ITIMER_PROF).\n\nThe timer will fire after value seconds and after that every interval seconds.\nThe itimer can be cleared by setting seconds to zero.\n\nReturns old values as a tuple: (delay, interval)."
_signal	siginterrupt	"Change system call restart behaviour.\n\nIf flag is False, system calls will be restarted when interrupted by\nsignal sig, else system calls will be interrupted."
_signal	signal	"Set the action for the given signal.\n\nThe action can be SIG_DFL, SIG_IGN, or a callable Python object.\nThe previous action is returned.  See getsignal() for possible return values.\n\n*** IMPORTANT NOTICE ***\nA signal handler function is called with two arguments:\nthe first is the signal number, the second is the interrupted stack frame."
_signal	sigpending	"Examine pending signals.\n\nReturns a set of signal numbers that are pending for delivery to\nthe calling thread."
_signal	sigtimedwait	"Like sigwaitinfo(), but with a timeout.\n\nThe timeout is specified in seconds, with floating-point numbers allowed."
_signal	sigwait	"Wait for a signal.\n\nSuspend execution of the calling thread until the delivery of one of the\nsignals specified in the signal set sigset.  The function accepts the signal\nand returns the signal number."
_signal	sigwaitinfo	"Wait synchronously until one of the signals in *sigset* is delivered.\n\nReturns a struct_siginfo containing information about the signal."
_signal	strsignal	"Return the system description of the given signal.\n\nReturns the description of signal *signalnum*, such as \"Interrupt\"\nfor :const:`SIGINT`. Returns :const:`None` if *signalnum* has no\ndescription. Raises :exc:`ValueError` if *signalnum* is invalid."
_signal	struct_siginfo	"struct_siginfo: Result from sigwaitinfo or sigtimedwait.\n\nThis object may be accessed either as a tuple of\n(si_signo, si_code, si_errno, si_pid, si_uid, si_status, si_band),\nor via the attributes si_signo, si_code, and so on."
_signal	valid_signals	"Return a set of valid signal numbers on this platform.\n\nThe signal numbers returned by this function can be safely passed to\nfunctions like `pthread_sigmask`."
_socket		"Implementation module for socket operations.\n\nSee the socket module for documentation."
_socket	CMSG_LEN	"CMSG_LEN(length) -> control message length\n\nReturn the total length, without trailing padding, of an ancillary\ndata item with associated data of the given length.  This value can\noften be used as the buffer size for recvmsg() to receive a single\nitem of ancillary data, but RFC 3542 requires portable applications to\nuse CMSG_SPACE() and thus include space for padding, even when the\nitem will be the last in the buffer.  Raises OverflowError if length\nis outside the permissible range of values."
_socket	CMSG_SPACE	"CMSG_SPACE(length) -> buffer size\n\nReturn the buffer size needed for recvmsg() to receive an ancillary\ndata item with associated data of the given length, along with any\ntrailing padding.  The buffer space needed to receive multiple items\nis the sum of the CMSG_SPACE() values for their associated data\nlengths.  Raises OverflowError if length is outside the permissible\nrange of values."
_socket	SocketType	"socket(family=AF_INET, type=SOCK_STREAM, proto=0) -> socket object\nsocket(family=-1, type=-1, proto=-1, fileno=None) -> socket object\n\nOpen a socket of the given type.  The family argument specifies the\naddress family; it defaults to AF_INET.  The type argument specifies\nwhether this is a stream (SOCK_STREAM, this is the default)\nor datagram (SOCK_DGRAM) socket.  The protocol argument defaults to 0,\nspecifying the default protocol.  Keyword arguments are accepted.\nThe socket is created as non-inheritable.\n\nWhen a fileno is passed in, family, type and proto are auto-detected,\nunless they are explicitly set.\n\nA socket object represents one endpoint of a network connection.\n\nMethods of socket objects (keyword arguments not allowed):\n\n_accept() -- accept connection, returning new socket fd and client address\nbind(addr) -- bind the socket to a local address\nclose() -- close the socket\nconnect(addr) -- connect the socket to a remote address\nconnect_ex(addr) -- connect, return an error code instead of an exception\ndup() -- return a new socket fd duplicated from fileno()\nfileno() -- return underlying file descriptor\ngetpeername() -- return remote address [*]\ngetsockname() -- return local address\ngetsockopt(level, optname[, buflen]) -- get socket options\ngettimeout() -- return timeout or None\nlisten([n]) -- start listening for incoming connections\nrecv(buflen[, flags]) -- receive data\nrecv_into(buffer[, nbytes[, flags]]) -- receive data (into a buffer)\nrecvfrom(buflen[, flags]) -- receive data and sender's address\nrecvfrom_into(buffer[, nbytes, [, flags])\n  -- receive data and sender's address (into a buffer)\nsendall(data[, flags]) -- send all data\nsend(data[, flags]) -- send data, may not send all of it\nsendto(data[, flags], addr) -- send data to a given address\nsetblocking(bool) -- set or clear the blocking I/O flag\ngetblocking() -- return True if socket is blocking, False if non-blocking\nsetsockopt(level, optname, value[, optlen]) -- set socket options\nsettimeout(None | float) -- set or clear the timeout\nshutdown(how) -- shut down traffic in one or both directions\n\n [*] not available on all platforms!"
_socket	SocketType._accept	"_accept() -> (integer, address info)\n\nWait for an incoming connection.  Return a new socket file descriptor\nrepresenting the connection, and the address of the client.\nFor IP sockets, the address info is a pair (hostaddr, port)."
_socket	SocketType.bind	"bind(address)\n\nBind the socket to a local address.  For IP sockets, the address is a\npair (host, port); the host must refer to the local host. For raw packet\nsockets the address is a tuple (ifname, proto [,pkttype [,hatype [,addr]]])"
_socket	SocketType.close	"close()\n\nClose the socket.  It cannot be used after this call."
_socket	SocketType.connect	"connect(address)\n\nConnect the socket to a remote address.  For IP sockets, the address\nis a pair (host, port)."
_socket	SocketType.connect_ex	"connect_ex(address) -> errno\n\nThis is like connect(address), but returns an error code (the errno value)\ninstead of raising an exception when an error occurs."
_socket	SocketType.detach	"detach()\n\nClose the socket object without closing the underlying file descriptor.\nThe object cannot be used after this call, but the file descriptor\ncan be reused for other purposes.  The file descriptor is returned."
_socket	SocketType.family	"the socket family"
_socket	SocketType.fileno	"fileno() -> integer\n\nReturn the integer file descriptor of the socket."
_socket	SocketType.getblocking	"getblocking()\n\nReturns True if socket is in blocking mode, or False if it\nis in non-blocking mode."
_socket	SocketType.getpeername	"getpeername() -> address info\n\nReturn the address of the remote endpoint.  For IP sockets, the address\ninfo is a pair (hostaddr, port)."
_socket	SocketType.getsockname	"getsockname() -> address info\n\nReturn the address of the local endpoint. The format depends on the\naddress family. For IPv4 sockets, the address info is a pair\n(hostaddr, port). For IPv6 sockets, the address info is a 4-tuple\n(hostaddr, port, flowinfo, scope_id)."
_socket	SocketType.getsockopt	"getsockopt(level, option[, buffersize]) -> value\n\nGet a socket option.  See the Unix manual for level and option.\nIf a nonzero buffersize argument is given, the return value is a\nstring of that length; otherwise it is an integer."
_socket	SocketType.gettimeout	"gettimeout() -> timeout\n\nReturns the timeout in seconds (float) associated with socket\noperations. A timeout of None indicates that timeouts on socket\noperations are disabled."
_socket	SocketType.listen	"listen([backlog])\n\nEnable a server to accept connections.  If backlog is specified, it must be\nat least 0 (if it is lower, it is set to 0); it specifies the number of\nunaccepted connections that the system will allow before refusing new\nconnections. If not specified, a default reasonable value is chosen."
_socket	SocketType.proto	"the socket protocol"
_socket	SocketType.recv	"recv(buffersize[, flags]) -> data\n\nReceive up to buffersize bytes from the socket.  For the optional flags\nargument, see the Unix manual.  When no data is available, block until\nat least one byte is available or until the remote end is closed.  When\nthe remote end is closed and all data is read, return the empty string."
_socket	SocketType.recv_into	"recv_into(buffer, [nbytes[, flags]]) -> nbytes_read\n\nA version of recv() that stores its data into a buffer rather than creating\na new string.  Receive up to buffersize bytes from the socket.  If buffersize\nis not specified (or 0), receive up to the size available in the given buffer.\n\nSee recv() for documentation about the flags."
_socket	SocketType.recvfrom	"recvfrom(buffersize[, flags]) -> (data, address info)\n\nLike recv(buffersize, flags) but also return the sender's address info."
_socket	SocketType.recvfrom_into	"recvfrom_into(buffer[, nbytes[, flags]]) -> (nbytes, address info)\n\nLike recv_into(buffer[, nbytes[, flags]]) but also return the sender's address info."
_socket	SocketType.recvmsg	"recvmsg(bufsize[, ancbufsize[, flags]]) -> (data, ancdata, msg_flags, address)\n\nReceive normal data (up to bufsize bytes) and ancillary data from the\nsocket.  The ancbufsize argument sets the size in bytes of the\ninternal buffer used to receive the ancillary data; it defaults to 0,\nmeaning that no ancillary data will be received.  Appropriate buffer\nsizes for ancillary data can be calculated using CMSG_SPACE() or\nCMSG_LEN(), and items which do not fit into the buffer might be\ntruncated or discarded.  The flags argument defaults to 0 and has the\nsame meaning as for recv().\n\nThe return value is a 4-tuple: (data, ancdata, msg_flags, address).\nThe data item is a bytes object holding the non-ancillary data\nreceived.  The ancdata item is a list of zero or more tuples\n(cmsg_level, cmsg_type, cmsg_data) representing the ancillary data\n(control messages) received: cmsg_level and cmsg_type are integers\nspecifying the protocol level and protocol-specific type respectively,\nand cmsg_data is a bytes object holding the associated data.  The\nmsg_flags item is the bitwise OR of various flags indicating\nconditions on the received message; see your system documentation for\ndetails.  If the receiving socket is unconnected, address is the\naddress of the sending socket, if available; otherwise, its value is\nunspecified.\n\nIf recvmsg() raises an exception after the system call returns, it\nwill first attempt to close any file descriptors received via the\nSCM_RIGHTS mechanism."
_socket	SocketType.recvmsg_into	"recvmsg_into(buffers[, ancbufsize[, flags]]) -> (nbytes, ancdata, msg_flags, address)\n\nReceive normal data and ancillary data from the socket, scattering the\nnon-ancillary data into a series of buffers.  The buffers argument\nmust be an iterable of objects that export writable buffers\n(e.g. bytearray objects); these will be filled with successive chunks\nof the non-ancillary data until it has all been written or there are\nno more buffers.  The ancbufsize argument sets the size in bytes of\nthe internal buffer used to receive the ancillary data; it defaults to\n0, meaning that no ancillary data will be received.  Appropriate\nbuffer sizes for ancillary data can be calculated using CMSG_SPACE()\nor CMSG_LEN(), and items which do not fit into the buffer might be\ntruncated or discarded.  The flags argument defaults to 0 and has the\nsame meaning as for recv().\n\nThe return value is a 4-tuple: (nbytes, ancdata, msg_flags, address).\nThe nbytes item is the total number of bytes of non-ancillary data\nwritten into the buffers.  The ancdata item is a list of zero or more\ntuples (cmsg_level, cmsg_type, cmsg_data) representing the ancillary\ndata (control messages) received: cmsg_level and cmsg_type are\nintegers specifying the protocol level and protocol-specific type\nrespectively, and cmsg_data is a bytes object holding the associated\ndata.  The msg_flags item is the bitwise OR of various flags\nindicating conditions on the received message; see your system\ndocumentation for details.  If the receiving socket is unconnected,\naddress is the address of the sending socket, if available; otherwise,\nits value is unspecified.\n\nIf recvmsg_into() raises an exception after the system call returns,\nit will first attempt to close any file descriptors received via the\nSCM_RIGHTS mechanism."
_socket	SocketType.send	"send(data[, flags]) -> count\n\nSend a data string to the socket.  For the optional flags\nargument, see the Unix manual.  Return the number of bytes\nsent; this may be less than len(data) if the network is busy."
_socket	SocketType.sendall	"sendall(data[, flags])\n\nSend a data string to the socket.  For the optional flags\nargument, see the Unix manual.  This calls send() repeatedly\nuntil all data is sent.  If an error occurs, it's impossible\nto tell how much data has been sent."
_socket	SocketType.sendmsg	"sendmsg(buffers[, ancdata[, flags[, address]]]) -> count\n\nSend normal and ancillary data to the socket, gathering the\nnon-ancillary data from a series of buffers and concatenating it into\na single message.  The buffers argument specifies the non-ancillary\ndata as an iterable of bytes-like objects (e.g. bytes objects).\nThe ancdata argument specifies the ancillary data (control messages)\nas an iterable of zero or more tuples (cmsg_level, cmsg_type,\ncmsg_data), where cmsg_level and cmsg_type are integers specifying the\nprotocol level and protocol-specific type respectively, and cmsg_data\nis a bytes-like object holding the associated data.  The flags\nargument defaults to 0 and has the same meaning as for send().  If\naddress is supplied and not None, it sets a destination address for\nthe message.  The return value is the number of bytes of non-ancillary\ndata sent."
_socket	SocketType.sendmsg_afalg	"sendmsg_afalg([msg], *, op[, iv[, assoclen[, flags=MSG_MORE]]])\n\nSet operation mode, IV and length of associated data for an AF_ALG\noperation socket."
_socket	SocketType.sendto	"sendto(data[, flags], address) -> count\n\nLike send(data, flags) but allows specifying the destination address.\nFor IP sockets, the address is a pair (hostaddr, port)."
_socket	SocketType.setblocking	"setblocking(flag)\n\nSet the socket to blocking (flag is true) or non-blocking (false).\nsetblocking(True) is equivalent to settimeout(None);\nsetblocking(False) is equivalent to settimeout(0.0)."
_socket	SocketType.setsockopt	"setsockopt(level, option, value: int)\nsetsockopt(level, option, value: buffer)\nsetsockopt(level, option, None, optlen: int)\n\nSet a socket option.  See the Unix manual for level and option.\nThe value argument can either be an integer, a string buffer, or\nNone, optlen."
_socket	SocketType.settimeout	"settimeout(timeout)\n\nSet a timeout on socket operations.  'timeout' can be a float,\ngiving in seconds, or None.  Setting a timeout of None disables\nthe timeout feature and is equivalent to setblocking(1).\nSetting a timeout of zero is the same as setblocking(0)."
_socket	SocketType.shutdown	"shutdown(flag)\n\nShut down the reading side of the socket (flag == SHUT_RD), the writing side\nof the socket (flag == SHUT_WR), or both ends (flag == SHUT_RDWR)."
_socket	SocketType.timeout	"the socket timeout"
_socket	SocketType.type	"the socket type"
_socket	close	"close(integer) -> None\n\nClose an integer socket file descriptor.  This is like os.close(), but for\nsockets; on some platforms os.close() won't work for socket file descriptors."
_socket	dup	"dup(integer) -> integer\n\nDuplicate an integer socket file descriptor.  This is like os.dup(), but for\nsockets; on some platforms os.dup() won't work for socket file descriptors."
_socket	getaddrinfo	"getaddrinfo(host, port [, family, type, proto, flags])\n    -> list of (family, type, proto, canonname, sockaddr)\n\nResolve host and port into addrinfo struct."
_socket	getdefaulttimeout	"getdefaulttimeout() -> timeout\n\nReturns the default timeout in seconds (float) for new socket objects.\nA value of None indicates that new socket objects have no timeout.\nWhen the socket module is first imported, the default is None."
_socket	gethostbyaddr	"gethostbyaddr(host) -> (name, aliaslist, addresslist)\n\nReturn the true host name, a list of aliases, and a list of IP addresses,\nfor a host.  The host argument is a string giving a host name or IP number."
_socket	gethostbyname	"gethostbyname(host) -> address\n\nReturn the IP address (a string of the form '255.255.255.255') for a host."
_socket	gethostbyname_ex	"gethostbyname_ex(host) -> (name, aliaslist, addresslist)\n\nReturn the true host name, a list of aliases, and a list of IP addresses,\nfor a host.  The host argument is a string giving a host name or IP number."
_socket	gethostname	"gethostname() -> string\n\nReturn the current host name."
_socket	getnameinfo	"getnameinfo(sockaddr, flags) --> (host, port)\n\nGet host and port for a sockaddr."
_socket	getprotobyname	"getprotobyname(name) -> integer\n\nReturn the protocol number for the named protocol.  (Rarely used.)"
_socket	getservbyname	"getservbyname(servicename[, protocolname]) -> integer\n\nReturn a port number from a service name and protocol name.\nThe optional protocol name, if given, should be 'tcp' or 'udp',\notherwise any protocol will match."
_socket	getservbyport	"getservbyport(port[, protocolname]) -> string\n\nReturn the service name from a port number and protocol name.\nThe optional protocol name, if given, should be 'tcp' or 'udp',\notherwise any protocol will match."
_socket	htonl	"htonl(integer) -> integer\n\nConvert a 32-bit integer from host to network byte order."
_socket	htons	"Convert a 16-bit unsigned integer from host to network byte order."
_socket	if_indextoname	"if_indextoname(if_index)\n\nReturns the interface name corresponding to the interface index if_index."
_socket	if_nameindex	"if_nameindex()\n\nReturns a list of network interface information (index, name) tuples."
_socket	if_nametoindex	"Returns the interface index corresponding to the interface name if_name."
_socket	inet_aton	"Convert an IP address in string format (123.45.67.89) to the 32-bit packed binary format used in low-level network functions."
_socket	inet_ntoa	"Convert an IP address from 32-bit packed binary format to string format."
_socket	inet_ntop	"inet_ntop(af, packed_ip) -> string formatted IP address\n\nConvert a packed IP address of the given family to string format."
_socket	inet_pton	"inet_pton(af, ip) -> packed IP address string\n\nConvert an IP address from string format to a packed string suitable\nfor use with low-level network functions."
_socket	ntohl	"ntohl(integer) -> integer\n\nConvert a 32-bit integer from network to host byte order."
_socket	ntohs	"Convert a 16-bit unsigned integer from network to host byte order."
_socket	setdefaulttimeout	"setdefaulttimeout(timeout)\n\nSet the default timeout in seconds (float) for new socket objects.\nA value of None indicates that new socket objects have no timeout.\nWhen the socket module is first imported, the default is None."
_socket	sethostname	"sethostname(name)\n\nSets the hostname to name."
_socket	socket	"socket(family=AF_INET, type=SOCK_STREAM, proto=0) -> socket object\nsocket(family=-1, type=-1, proto=-1, fileno=None) -> socket object\n\nOpen a socket of the given type.  The family argument specifies the\naddress family; it defaults to AF_INET.  The type argument specifies\nwhether this is a stream (SOCK_STREAM, this is the default)\nor datagram (SOCK_DGRAM) socket.  The protocol argument defaults to 0,\nspecifying the default protocol.  Keyword arguments are accepted.\nThe socket is created as non-inheritable.\n\nWhen a fileno is passed in, family, type and proto are auto-detected,\nunless they are explicitly set.\n\nA socket object represents one endpoint of a network connection.\n\nMethods of socket objects (keyword arguments not allowed):\n\n_accept() -- accept connection, returning new socket fd and client address\nbind(addr) -- bind the socket to a local address\nclose() -- close the socket\nconnect(addr) -- connect the socket to a remote address\nconnect_ex(addr) -- connect, return an error code instead of an exception\ndup() -- return a new socket fd duplicated from fileno()\nfileno() -- return underlying file descriptor\ngetpeername() -- return remote address [*]\ngetsockname() -- return local address\ngetsockopt(level, optname[, buflen]) -- get socket options\ngettimeout() -- return timeout or None\nlisten([n]) -- start listening for incoming connections\nrecv(buflen[, flags]) -- receive data\nrecv_into(buffer[, nbytes[, flags]]) -- receive data (into a buffer)\nrecvfrom(buflen[, flags]) -- receive data and sender's address\nrecvfrom_into(buffer[, nbytes, [, flags])\n  -- receive data and sender's address (into a buffer)\nsendall(data[, flags]) -- send all data\nsend(data[, flags]) -- send data, may not send all of it\nsendto(data[, flags], addr) -- send data to a given address\nsetblocking(bool) -- set or clear the blocking I/O flag\ngetblocking() -- return True if socket is blocking, False if non-blocking\nsetsockopt(level, optname, value[, optlen]) -- set socket options\nsettimeout(None | float) -- set or clear the timeout\nshutdown(how) -- shut down traffic in one or both directions\n\n [*] not available on all platforms!"
_socket	socket._accept	"_accept() -> (integer, address info)\n\nWait for an incoming connection.  Return a new socket file descriptor\nrepresenting the connection, and the address of the client.\nFor IP sockets, the address info is a pair (hostaddr, port)."
_socket	socket.bind	"bind(address)\n\nBind the socket to a local address.  For IP sockets, the address is a\npair (host, port); the host must refer to the local host. For raw packet\nsockets the address is a tuple (ifname, proto [,pkttype [,hatype [,addr]]])"
_socket	socket.close	"close()\n\nClose the socket.  It cannot be used after this call."
_socket	socket.connect	"connect(address)\n\nConnect the socket to a remote address.  For IP sockets, the address\nis a pair (host, port)."
_socket	socket.connect_ex	"connect_ex(address) -> errno\n\nThis is like connect(address), but returns an error code (the errno value)\ninstead of raising an exception when an error occurs."
_socket	socket.detach	"detach()\n\nClose the socket object without closing the underlying file descriptor.\nThe object cannot be used after this call, but the file descriptor\ncan be reused for other purposes.  The file descriptor is returned."
_socket	socket.family	"the socket family"
_socket	socket.fileno	"fileno() -> integer\n\nReturn the integer file descriptor of the socket."
_socket	socket.getblocking	"getblocking()\n\nReturns True if socket is in blocking mode, or False if it\nis in non-blocking mode."
_socket	socket.getpeername	"getpeername() -> address info\n\nReturn the address of the remote endpoint.  For IP sockets, the address\ninfo is a pair (hostaddr, port)."
_socket	socket.getsockname	"getsockname() -> address info\n\nReturn the address of the local endpoint. The format depends on the\naddress family. For IPv4 sockets, the address info is a pair\n(hostaddr, port). For IPv6 sockets, the address info is a 4-tuple\n(hostaddr, port, flowinfo, scope_id)."
_socket	socket.getsockopt	"getsockopt(level, option[, buffersize]) -> value\n\nGet a socket option.  See the Unix manual for level and option.\nIf a nonzero buffersize argument is given, the return value is a\nstring of that length; otherwise it is an integer."
_socket	socket.gettimeout	"gettimeout() -> timeout\n\nReturns the timeout in seconds (float) associated with socket\noperations. A timeout of None indicates that timeouts on socket\noperations are disabled."
_socket	socket.listen	"listen([backlog])\n\nEnable a server to accept connections.  If backlog is specified, it must be\nat least 0 (if it is lower, it is set to 0); it specifies the number of\nunaccepted connections that the system will allow before refusing new\nconnections. If not specified, a default reasonable value is chosen."
_socket	socket.proto	"the socket protocol"
_socket	socket.recv	"recv(buffersize[, flags]) -> data\n\nReceive up to buffersize bytes from the socket.  For the optional flags\nargument, see the Unix manual.  When no data is available, block until\nat least one byte is available or until the remote end is closed.  When\nthe remote end is closed and all data is read, return the empty string."
_socket	socket.recv_into	"recv_into(buffer, [nbytes[, flags]]) -> nbytes_read\n\nA version of recv() that stores its data into a buffer rather than creating\na new string.  Receive up to buffersize bytes from the socket.  If buffersize\nis not specified (or 0), receive up to the size available in the given buffer.\n\nSee recv() for documentation about the flags."
_socket	socket.recvfrom	"recvfrom(buffersize[, flags]) -> (data, address info)\n\nLike recv(buffersize, flags) but also return the sender's address info."
_socket	socket.recvfrom_into	"recvfrom_into(buffer[, nbytes[, flags]]) -> (nbytes, address info)\n\nLike recv_into(buffer[, nbytes[, flags]]) but also return the sender's address info."
_socket	socket.recvmsg	"recvmsg(bufsize[, ancbufsize[, flags]]) -> (data, ancdata, msg_flags, address)\n\nReceive normal data (up to bufsize bytes) and ancillary data from the\nsocket.  The ancbufsize argument sets the size in bytes of the\ninternal buffer used to receive the ancillary data; it defaults to 0,\nmeaning that no ancillary data will be received.  Appropriate buffer\nsizes for ancillary data can be calculated using CMSG_SPACE() or\nCMSG_LEN(), and items which do not fit into the buffer might be\ntruncated or discarded.  The flags argument defaults to 0 and has the\nsame meaning as for recv().\n\nThe return value is a 4-tuple: (data, ancdata, msg_flags, address).\nThe data item is a bytes object holding the non-ancillary data\nreceived.  The ancdata item is a list of zero or more tuples\n(cmsg_level, cmsg_type, cmsg_data) representing the ancillary data\n(control messages) received: cmsg_level and cmsg_type are integers\nspecifying the protocol level and protocol-specific type respectively,\nand cmsg_data is a bytes object holding the associated data.  The\nmsg_flags item is the bitwise OR of various flags indicating\nconditions on the received message; see your system documentation for\ndetails.  If the receiving socket is unconnected, address is the\naddress of the sending socket, if available; otherwise, its value is\nunspecified.\n\nIf recvmsg() raises an exception after the system call returns, it\nwill first attempt to close any file descriptors received via the\nSCM_RIGHTS mechanism."
_socket	socket.recvmsg_into	"recvmsg_into(buffers[, ancbufsize[, flags]]) -> (nbytes, ancdata, msg_flags, address)\n\nReceive normal data and ancillary data from the socket, scattering the\nnon-ancillary data into a series of buffers.  The buffers argument\nmust be an iterable of objects that export writable buffers\n(e.g. bytearray objects); these will be filled with successive chunks\nof the non-ancillary data until it has all been written or there are\nno more buffers.  The ancbufsize argument sets the size in bytes of\nthe internal buffer used to receive the ancillary data; it defaults to\n0, meaning that no ancillary data will be received.  Appropriate\nbuffer sizes for ancillary data can be calculated using CMSG_SPACE()\nor CMSG_LEN(), and items which do not fit into the buffer might be\ntruncated or discarded.  The flags argument defaults to 0 and has the\nsame meaning as for recv().\n\nThe return value is a 4-tuple: (nbytes, ancdata, msg_flags, address).\nThe nbytes item is the total number of bytes of non-ancillary data\nwritten into the buffers.  The ancdata item is a list of zero or more\ntuples (cmsg_level, cmsg_type, cmsg_data) representing the ancillary\ndata (control messages) received: cmsg_level and cmsg_type are\nintegers specifying the protocol level and protocol-specific type\nrespectively, and cmsg_data is a bytes object holding the associated\ndata.  The msg_flags item is the bitwise OR of various flags\nindicating conditions on the received message; see your system\ndocumentation for details.  If the receiving socket is unconnected,\naddress is the address of the sending socket, if available; otherwise,\nits value is unspecified.\n\nIf recvmsg_into() raises an exception after the system call returns,\nit will first attempt to close any file descriptors received via the\nSCM_RIGHTS mechanism."
_socket	socket.send	"send(data[, flags]) -> count\n\nSend a data string to the socket.  For the optional flags\nargument, see the Unix manual.  Return the number of bytes\nsent; this may be less than len(data) if the network is busy."
_socket	socket.sendall	"sendall(data[, flags])\n\nSend a data string to the socket.  For the optional flags\nargument, see the Unix manual.  This calls send() repeatedly\nuntil all data is sent.  If an error occurs, it's impossible\nto tell how much data has been sent."
_socket	socket.sendmsg	"sendmsg(buffers[, ancdata[, flags[, address]]]) -> count\n\nSend normal and ancillary data to the socket, gathering the\nnon-ancillary data from a series of buffers and concatenating it into\na single message.  The buffers argument specifies the non-ancillary\ndata as an iterable of bytes-like objects (e.g. bytes objects).\nThe ancdata argument specifies the ancillary data (control messages)\nas an iterable of zero or more tuples (cmsg_level, cmsg_type,\ncmsg_data), where cmsg_level and cmsg_type are integers specifying the\nprotocol level and protocol-specific type respectively, and cmsg_data\nis a bytes-like object holding the associated data.  The flags\nargument defaults to 0 and has the same meaning as for send().  If\naddress is supplied and not None, it sets a destination address for\nthe message.  The return value is the number of bytes of non-ancillary\ndata sent."
_socket	socket.sendmsg_afalg	"sendmsg_afalg([msg], *, op[, iv[, assoclen[, flags=MSG_MORE]]])\n\nSet operation mode, IV and length of associated data for an AF_ALG\noperation socket."
_socket	socket.sendto	"sendto(data[, flags], address) -> count\n\nLike send(data, flags) but allows specifying the destination address.\nFor IP sockets, the address is a pair (hostaddr, port)."
_socket	socket.setblocking	"setblocking(flag)\n\nSet the socket to blocking (flag is true) or non-blocking (false).\nsetblocking(True) is equivalent to settimeout(None);\nsetblocking(False) is equivalent to settimeout(0.0)."
_socket	socket.setsockopt	"setsockopt(level, option, value: int)\nsetsockopt(level, option, value: buffer)\nsetsockopt(level, option, None, optlen: int)\n\nSet a socket option.  See the Unix manual for level and option.\nThe value argument can either be an integer, a string buffer, or\nNone, optlen."
_socket	socket.settimeout	"settimeout(timeout)\n\nSet a timeout on socket operations.  'timeout' can be a float,\ngiving in seconds, or None.  Setting a timeout of None disables\nthe timeout feature and is equivalent to setblocking(1).\nSetting a timeout of zero is the same as setblocking(0)."
_socket	socket.shutdown	"shutdown(flag)\n\nShut down the reading side of the socket (flag == SHUT_RD), the writing side\nof the socket (flag == SHUT_WR), or both ends (flag == SHUT_RDWR)."
_socket	socket.timeout	"the socket timeout"
_socket	socket.type	"the socket type"
_socket	socketpair	"socketpair([family[, type [, proto]]]) -> (socket object, socket object)\n\nCreate a pair of socket objects from the sockets returned by the platform\nsocketpair() function.\nThe arguments are the same as for socket() except the default family is\nAF_UNIX if defined on the platform; otherwise, the default is AF_INET."
socket	AddressFamily	"An enumeration."
socket	AddressFamily._generate_next_value_	"\nGenerate the next value when not given.\n\nname: the name of the member\nstart: the initial start value or None\ncount: the number of existing members\nlast_values: the list of values assigned\n"
socket	AddressFamily._member_type_	"int([x]) -> integer\nint(x, base=10) -> integer\n\nConvert a number or string to an integer, or return 0 if no arguments\nare given.  If x is a number, return x.__int__().  For floating-point\nnumbers, this truncates towards zero.\n\nIf x is not a number or if base is given, then x must be a string,\nbytes, or bytearray instance representing an integer literal in the\ngiven base.  The literal can be preceded by '+' or '-' and be surrounded\nby whitespace.  The base defaults to 10.  Valid bases are 0 and 2-36.\nBase 0 means to interpret the base from the string as an integer literal.\n>>> int('0b100', base=0)\n4"
socket	AddressFamily._new_member_	"Create and return a new object.  See help(type) for accurate signature."
socket	AddressFamily._value_repr_	"Return repr(self)."
socket	AddressInfo	"An enumeration."
socket	AddressInfo._generate_next_value_	"\nGenerate the next value when not given.\n\nname: the name of the member\nstart: the initial start value or None\ncount: the number of existing members\nlast_values: the last value assigned or None\n"
socket	AddressInfo._member_type_	"int([x]) -> integer\nint(x, base=10) -> integer\n\nConvert a number or string to an integer, or return 0 if no arguments\nare given.  If x is a number, return x.__int__().  For floating-point\nnumbers, this truncates towards zero.\n\nIf x is not a number or if base is given, then x must be a string,\nbytes, or bytearray instance representing an integer literal in the\ngiven base.  The literal can be preceded by '+' or '-' and be surrounded\nby whitespace.  The base defaults to 10.  Valid bases are 0 and 2-36.\nBase 0 means to interpret the base from the string as an integer literal.\n>>> int('0b100', base=0)\n4"
socket	AddressInfo._new_member_	"Create and return a new object.  See help(type) for accurate signature."
socket	AddressInfo._value_repr_	"Return repr(self)."
socket	CMSG_LEN	"CMSG_LEN(length) -> control message length\n\nReturn the total length, without trailing padding, of an ancillary\ndata item with associated data of the given length.  This value can\noften be used as the buffer size for recvmsg() to receive a single\nitem of ancillary data, but RFC 3542 requires portable applications to\nuse CMSG_SPACE() and thus include space for padding, even when the\nitem will be the last in the buffer.  Raises OverflowError if length\nis outside the permissible range of values."
socket	CMSG_SPACE	"CMSG_SPACE(length) -> buffer size\n\nReturn the buffer size needed for recvmsg() to receive an ancillary\ndata item with associated data of the given length, along with any\ntrailing padding.  The buffer space needed to receive multiple items\nis the sum of the CMSG_SPACE() values for their associated data\nlengths.  Raises OverflowError if length is outside the permissible\nrange of values."
socket	MsgFlag	"An enumeration."
socket	MsgFlag._generate_next_value_	"\nGenerate the next value when not given.\n\nname: the name of the member\nstart: the initial start value or None\ncount: the number of existing members\nlast_values: the last value assigned or None\n"
socket	MsgFlag._member_type_	"int([x]) -> integer\nint(x, base=10) -> integer\n\nConvert a number or string to an integer, or return 0 if no arguments\nare given.  If x is a number, return x.__int__().  For floating-point\nnumbers, this truncates towards zero.\n\nIf x is not a number or if base is given, then x must be a string,\nbytes, or bytearray instance representing an integer literal in the\ngiven base.  The literal can be preceded by '+' or '-' and be surrounded\nby whitespace.  The base defaults to 10.  Valid bases are 0 and 2-36.\nBase 0 means to interpret the base from the string as an integer literal.\n>>> int('0b100', base=0)\n4"
socket	MsgFlag._new_member_	"Create and return a new object.  See help(type) for accurate signature."
socket	MsgFlag._value_repr_	"Return repr(self)."
socket	SocketKind	"An enumeration."
socket	SocketKind._generate_next_value_	"\nGenerate the next value when not given.\n\nname: the name of the member\nstart: the initial start value or None\ncount: the number of existing members\nlast_values: the list of values assigned\n"
socket	SocketKind._member_type_	"int([x]) -> integer\nint(x, base=10) -> integer\n\nConvert a number or string to an integer, or return 0 if no arguments\nare given.  If x is a number, return x.__int__().  For floating-point\nnumbers, this truncates towards zero.\n\nIf x is not a number or if base is given, then x must be a string,\nbytes, or bytearray instance representing an integer literal in the\ngiven base.  The literal can be preceded by '+' or '-' and be surrounded\nby whitespace.  The base defaults to 10.  Valid bases are 0 and 2-36.\nBase 0 means to interpret the base from the string as an integer literal.\n>>> int('0b100', base=0)\n4"
socket	SocketKind._new_member_	"Create and return a new object.  See help(type) for accurate signature."
socket	SocketKind._value_repr_	"Return repr(self)."
socket	SocketType	"socket(family=AF_INET, type=SOCK_STREAM, proto=0) -> socket object\nsocket(family=-1, type=-1, proto=-1, fileno=None) -> socket object\n\nOpen a socket of the given type.  The family argument specifies the\naddress family; it defaults to AF_INET.  The type argument specifies\nwhether this is a stream (SOCK_STREAM, this is the default)\nor datagram (SOCK_DGRAM) socket.  The protocol argument defaults to 0,\nspecifying the default protocol.  Keyword arguments are accepted.\nThe socket is created as non-inheritable.\n\nWhen a fileno is passed in, family, type and proto are auto-detected,\nunless they are explicitly set.\n\nA socket object represents one endpoint of a network connection.\n\nMethods of socket objects (keyword arguments not allowed):\n\n_accept() -- accept connection, returning new socket fd and client address\nbind(addr) -- bind the socket to a local address\nclose() -- close the socket\nconnect(addr) -- connect the socket to a remote address\nconnect_ex(addr) -- connect, return an error code instead of an exception\ndup() -- return a new socket fd duplicated from fileno()\nfileno() -- return underlying file descriptor\ngetpeername() -- return remote address [*]\ngetsockname() -- return local address\ngetsockopt(level, optname[, buflen]) -- get socket options\ngettimeout() -- return timeout or None\nlisten([n]) -- start listening for incoming connections\nrecv(buflen[, flags]) -- receive data\nrecv_into(buffer[, nbytes[, flags]]) -- receive data (into a buffer)\nrecvfrom(buflen[, flags]) -- receive data and sender's address\nrecvfrom_into(buffer[, nbytes, [, flags])\n  -- receive data and sender's address (into a buffer)\nsendall(data[, flags]) -- send all data\nsend(data[, flags]) -- send data, may not send all of it\nsendto(data[, flags], addr) -- send data to a given address\nsetblocking(bool) -- set or clear the blocking I/O flag\ngetblocking() -- return True if socket is blocking, False if non-blocking\nsetsockopt(level, optname, value[, optlen]) -- set socket options\nsettimeout(None | float) -- set or clear the timeout\nshutdown(how) -- shut down traffic in one or both directions\n\n [*] not available on all platforms!"
socket	SocketType._accept	"_accept() -> (integer, address info)\n\nWait for an incoming connection.  Return a new socket file descriptor\nrepresenting the connection, and the address of the client.\nFor IP sockets, the address info is a pair (hostaddr, port)."
socket	SocketType.bind	"bind(address)\n\nBind the socket to a local address.  For IP sockets, the address is a\npair (host, port); the host must refer to the local host. For raw packet\nsockets the address is a tuple (ifname, proto [,pkttype [,hatype [,addr]]])"
socket	SocketType.close	"close()\n\nClose the socket.  It cannot be used after this call."
socket	SocketType.connect	"connect(address)\n\nConnect the socket to a remote address.  For IP sockets, the address\nis a pair (host, port)."
socket	SocketType.connect_ex	"connect_ex(address) -> errno\n\nThis is like connect(address), but returns an error code (the errno value)\ninstead of raising an exception when an error occurs."
socket	SocketType.detach	"detach()\n\nClose the socket object without closing the underlying file descriptor.\nThe object cannot be used after this call, but the file descriptor\ncan be reused for other purposes.  The file descriptor is returned."
socket	SocketType.family	"the socket family"
socket	SocketType.fileno	"fileno() -> integer\n\nReturn the integer file descriptor of the socket."
socket	SocketType.getblocking	"getblocking()\n\nReturns True if socket is in blocking mode, or False if it\nis in non-blocking mode."
socket	SocketType.getpeername	"getpeername() -> address info\n\nReturn the address of the remote endpoint.  For IP sockets, the address\ninfo is a pair (hostaddr, port)."
socket	SocketType.getsockname	"getsockname() -> address info\n\nReturn the address of the local endpoint. The format depends on the\naddress family. For IPv4 sockets, the address info is a pair\n(hostaddr, port). For IPv6 sockets, the address info is a 4-tuple\n(hostaddr, port, flowinfo, scope_id)."
socket	SocketType.getsockopt	"getsockopt(level, option[, buffersize]) -> value\n\nGet a socket option.  See the Unix manual for level and option.\nIf a nonzero buffersize argument is given, the return value is a\nstring of that length; otherwise it is an integer."
socket	SocketType.gettimeout	"gettimeout() -> timeout\n\nReturns the timeout in seconds (float) associated with socket\noperations. A timeout of None indicates that timeouts on socket\noperations are disabled."
socket	SocketType.listen	"listen([backlog])\n\nEnable a server to accept connections.  If backlog is specified, it must be\nat least 0 (if it is lower, it is set to 0); it specifies the number of\nunaccepted connections that the system will allow before refusing new\nconnections. If not specified, a default reasonable value is chosen."
socket	SocketType.proto	"the socket protocol"
socket	SocketType.recv	"recv(buffersize[, flags]) -> data\n\nReceive up to buffersize bytes from the socket.  For the optional flags\nargument, see the Unix manual.  When no data is available, block until\nat least one byte is available or until the remote end is closed.  When\nthe remote end is closed and all data is read, return the empty string."
socket	SocketType.recv_into	"recv_into(buffer, [nbytes[, flags]]) -> nbytes_read\n\nA version of recv() that stores its data into a buffer rather than creating\na new string.  Receive up to buffersize bytes from the socket.  If buffersize\nis not specified (or 0), receive up to the size available in the given buffer.\n\nSee recv() for documentation about the flags."
socket	SocketType.recvfrom	"recvfrom(buffersize[, flags]) -> (data, address info)\n\nLike recv(buffersize, flags) but also return the sender's address info."
socket	SocketType.recvfrom_into	"recvfrom_into(buffer[, nbytes[, flags]]) -> (nbytes, address info)\n\nLike recv_into(buffer[, nbytes[, flags]]) but also return the sender's address info."
socket	SocketType.recvmsg	"recvmsg(bufsize[, ancbufsize[, flags]]) -> (data, ancdata, msg_flags, address)\n\nReceive normal data (up to bufsize bytes) and ancillary data from the\nsocket.  The ancbufsize argument sets the size in bytes of the\ninternal buffer used to receive the ancillary data; it defaults to 0,\nmeaning that no ancillary data will be received.  Appropriate buffer\nsizes for ancillary data can be calculated using CMSG_SPACE() or\nCMSG_LEN(), and items which do not fit into the buffer might be\ntruncated or discarded.  The flags argument defaults to 0 and has the\nsame meaning as for recv().\n\nThe return value is a 4-tuple: (data, ancdata, msg_flags, address).\nThe data item is a bytes object holding the non-ancillary data\nreceived.  The ancdata item is a list of zero or more tuples\n(cmsg_level, cmsg_type, cmsg_data) representing the ancillary data\n(control messages) received: cmsg_level and cmsg_type are integers\nspecifying the protocol level and protocol-specific type respectively,\nand cmsg_data is a bytes object holding the associated data.  The\nmsg_flags item is the bitwise OR of various flags indicating\nconditions on the received message; see your system documentation for\ndetails.  If the receiving socket is unconnected, address is the\naddress of the sending socket, if available; otherwise, its value is\nunspecified.\n\nIf recvmsg() raises an exception after the system call returns, it\nwill first attempt to close any file descriptors received via the\nSCM_RIGHTS mechanism."
socket	SocketType.recvmsg_into	"recvmsg_into(buffers[, ancbufsize[, flags]]) -> (nbytes, ancdata, msg_flags, address)\n\nReceive normal data and ancillary data from the socket, scattering the\nnon-ancillary data into a series of buffers.  The buffers argument\nmust be an iterable of objects that export writable buffers\n(e.g. bytearray objects); these will be filled with successive chunks\nof the non-ancillary data until it has all been written or there are\nno more buffers.  The ancbufsize argument sets the size in bytes of\nthe internal buffer used to receive the ancillary data; it defaults to\n0, meaning that no ancillary data will be received.  Appropriate\nbuffer sizes for ancillary data can be calculated using CMSG_SPACE()\nor CMSG_LEN(), and items which do not fit into the buffer might be\ntruncated or discarded.  The flags argument defaults to 0 and has the\nsame meaning as for recv().\n\nThe return value is a 4-tuple: (nbytes, ancdata, msg_flags, address).\nThe nbytes item is the total number of bytes of non-ancillary data\nwritten into the buffers.  The ancdata item is a list of zero or more\ntuples (cmsg_level, cmsg_type, cmsg_data) representing the ancillary\ndata (control messages) received: cmsg_level and cmsg_type are\nintegers specifying the protocol level and protocol-specific type\nrespectively, and cmsg_data is a bytes object holding the associated\ndata.  The msg_flags item is the bitwise OR of various flags\nindicating conditions on the received message; see your system\ndocumentation for details.  If the receiving socket is unconnected,\naddress is the address of the sending socket, if available; otherwise,\nits value is unspecified.\n\nIf recvmsg_into() raises an exception after the system call returns,\nit will first attempt to close any file descriptors received via the\nSCM_RIGHTS mechanism."
socket	SocketType.send	"send(data[, flags]) -> count\n\nSend a data string to the socket.  For the optional flags\nargument, see the Unix manual.  Return the number of bytes\nsent; this may be less than len(data) if the network is busy."
socket	SocketType.sendall	"sendall(data[, flags])\n\nSend a data string to the socket.  For the optional flags\nargument, see the Unix manual.  This calls send() repeatedly\nuntil all data is sent.  If an error occurs, it's impossible\nto tell how much data has been sent."
socket	SocketType.sendmsg	"sendmsg(buffers[, ancdata[, flags[, address]]]) -> count\n\nSend normal and ancillary data to the socket, gathering the\nnon-ancillary data from a series of buffers and concatenating it into\na single message.  The buffers argument specifies the non-ancillary\ndata as an iterable of bytes-like objects (e.g. bytes objects).\nThe ancdata argument specifies the ancillary data (control messages)\nas an iterable of zero or more tuples (cmsg_level, cmsg_type,\ncmsg_data), where cmsg_level and cmsg_type are integers specifying the\nprotocol level and protocol-specific type respectively, and cmsg_data\nis a bytes-like object holding the associated data.  The flags\nargument defaults to 0 and has the same meaning as for send().  If\naddress is supplied and not None, it sets a destination address for\nthe message.  The return value is the number of bytes of non-ancillary\ndata sent."
socket	SocketType.sendmsg_afalg	"sendmsg_afalg([msg], *, op[, iv[, assoclen[, flags=MSG_MORE]]])\n\nSet operation mode, IV and length of associated data for an AF_ALG\noperation socket."
socket	SocketType.sendto	"sendto(data[, flags], address) -> count\n\nLike send(data, flags) but allows specifying the destination address.\nFor IP sockets, the address is a pair (hostaddr, port)."
socket	SocketType.setblocking	"setblocking(flag)\n\nSet the socket to blocking (flag is true) or non-blocking (false).\nsetblocking(True) is equivalent to settimeout(None);\nsetblocking(False) is equivalent to settimeout(0.0)."
socket	SocketType.setsockopt	"setsockopt(level, option, value: int)\nsetsockopt(level, option, value: buffer)\nsetsockopt(level, option, None, optlen: int)\n\nSet a socket option.  See the Unix manual for level and option.\nThe value argument can either be an integer, a string buffer, or\nNone, optlen."
socket	SocketType.settimeout	"settimeout(timeout)\n\nSet a timeout on socket operations.  'timeout' can be a float,\ngiving in seconds, or None.  Setting a timeout of None disables\nthe timeout feature and is equivalent to setblocking(1).\nSetting a timeout of zero is the same as setblocking(0)."
socket	SocketType.shutdown	"shutdown(flag)\n\nShut down the reading side of the socket (flag == SHUT_RD), the writing side\nof the socket (flag == SHUT_WR), or both ends (flag == SHUT_RDWR)."
socket	SocketType.timeout	"the socket timeout"
socket	SocketType.type	"the socket type"
socket	close	"close(integer) -> None\n\nClose an integer socket file descriptor.  This is like os.close(), but for\nsockets; on some platforms os.close() won't work for socket file descriptors."
socket	dup	"dup(integer) -> integer\n\nDuplicate an integer socket file descriptor.  This is like os.dup(), but for\nsockets; on some platforms os.dup() won't work for socket file descriptors."
socket	gaierror	null
socket	getdefaulttimeout	"getdefaulttimeout() -> timeout\n\nReturns the default timeout in seconds (float) for new socket objects.\nA value of None indicates that new socket objects have no timeout.\nWhen the socket module is first imported, the default is None."
socket	gethostbyaddr	"gethostbyaddr(host) -> (name, aliaslist, addresslist)\n\nReturn the true host name, a list of aliases, and a list of IP addresses,\nfor a host.  The host argument is a string giving a host name or IP number."
socket	gethostbyname	"gethostbyname(host) -> address\n\nReturn the IP address (a string of the form '255.255.255.255') for a host."
socket	gethostbyname_ex	"gethostbyname_ex(host) -> (name, aliaslist, addresslist)\n\nReturn the true host name, a list of aliases, and a list of IP addresses,\nfor a host.  The host argument is a string giving a host name or IP number."
socket	gethostname	"gethostname() -> string\n\nReturn the current host name."
socket	getnameinfo	"getnameinfo(sockaddr, flags) --> (host, port)\n\nGet host and port for a sockaddr."
socket	getprotobyname	"getprotobyname(name) -> integer\n\nReturn the protocol number for the named protocol.  (Rarely used.)"
socket	getservbyname	"getservbyname(servicename[, protocolname]) -> integer\n\nReturn a port number from a service name and protocol name.\nThe optional protocol name, if given, should be 'tcp' or 'udp',\notherwise any protocol will match."
socket	getservbyport	"getservbyport(port[, protocolname]) -> string\n\nReturn the service name from a port number and protocol name.\nThe optional protocol name, if given, should be 'tcp' or 'udp',\notherwise any protocol will match."
socket	herror	null
socket	htonl	"htonl(integer) -> integer\n\nConvert a 32-bit integer from host to network byte order."
socket	htons	"Convert a 16-bit unsigned integer from host to network byte order."
socket	if_indextoname	"if_indextoname(if_index)\n\nReturns the interface name corresponding to the interface index if_index."
socket	if_nameindex	"if_nameindex()\n\nReturns a list of network interface information (index, name) tuples."
socket	if_nametoindex	"Returns the interface index corresponding to the interface name if_name."
socket	inet_aton	"Convert an IP address in string format (123.45.67.89) to the 32-bit packed binary format used in low-level network functions."
socket	inet_ntoa	"Convert an IP address from 32-bit packed binary format to string format."
socket	inet_ntop	"inet_ntop(af, packed_ip) -> string formatted IP address\n\nConvert a packed IP address of the given family to string format."
socket	inet_pton	"inet_pton(af, ip) -> packed IP address string\n\nConvert an IP address from string format to a packed string suitable\nfor use with low-level network functions."
socket	ntohl	"ntohl(integer) -> integer\n\nConvert a 32-bit integer from network to host byte order."
socket	ntohs	"Convert a 16-bit unsigned integer from network to host byte order."
socket	setdefaulttimeout	"setdefaulttimeout(timeout)\n\nSet the default timeout in seconds (float) for new socket objects.\nA value of None indicates that new socket objects have no timeout.\nWhen the socket module is first imported, the default is None."
socket	sethostname	"sethostname(name)\n\nSets the hostname to name."
socket	socket._closed	null
socket	socket._io_refs	null
socket	socket.get_inheritable	"Get the inheritable flag of the socket"
socket	socket.set_inheritable	"Set the inheritable flag of the socket"
socket	socketpair	"socketpair([family[, type[, proto]]]) -> (socket object, socket object)\nCreate a pair of socket objects from the sockets returned by the platform\nsocketpair() function.\nThe arguments are the same as for socket() except the default family is AF_UNIX\nif defined on the platform; otherwise, the default is AF_INET.\n"
socketserver	time	"monotonic() -> float\n\nMonotonic clock, cannot go backward."
_sqlite3		null
_sqlite3	adapt	"Adapt given object to given protocol."
_sqlite3	complete_statement	"Checks if a string contains a complete SQL statement."
_sqlite3	connect	"Open a connection to the SQLite database file 'database'.\n\nYou can use \":memory:\" to open a database connection to a database that\nresides in RAM instead of on disk.\n\nNote: Passing more than 1 positional argument to _sqlite3.connect() is\ndeprecated. Parameters 'timeout', 'detect_types', 'isolation_level',\n'check_same_thread', 'factory', 'cached_statements' and 'uri' will\nbecome keyword-only parameters in Python 3.15.\n"
_sqlite3	enable_callback_tracebacks	"Enable or disable callback functions throwing errors to stderr."
_sqlite3	register_adapter	"Register a function to adapt Python objects to SQLite values."
_sqlite3	register_converter	"Register a function to convert SQLite values to Python objects."
sqlite3	Blob	null
sqlite3	Blob.close	"Close the blob."
sqlite3	Blob.read	"Read data at the current offset position.\n\n  length\n    Read length in bytes.\n\nIf the end of the blob is reached, the data up to end of file will be returned.\nWhen length is not specified, or is negative, Blob.read() will read until the\nend of the blob."
sqlite3	Blob.seek	"Set the current access position to offset.\n\nThe origin argument defaults to os.SEEK_SET (absolute blob positioning).\nOther values for origin are os.SEEK_CUR (seek relative to the current position)\nand os.SEEK_END (seek relative to the blob's end)."
sqlite3	Blob.tell	"Return the current access position for the blob."
sqlite3	Blob.write	"Write data at the current offset.\n\nThis function cannot change the blob length.  Writing beyond the end of the\nblob will result in an exception being raised."
sqlite3	Connection	"SQLite database connection object."
sqlite3	Connection.DataError	null
sqlite3	Connection.DatabaseError	null
sqlite3	Connection.Error	null
sqlite3	Connection.IntegrityError	null
sqlite3	Connection.InterfaceError	null
sqlite3	Connection.InternalError	null
sqlite3	Connection.NotSupportedError	null
sqlite3	Connection.OperationalError	null
sqlite3	Connection.ProgrammingError	null
sqlite3	Connection.Warning	null
sqlite3	Connection.autocommit	null
sqlite3	Connection.backup	"Makes a backup of the database."
sqlite3	Connection.blobopen	"Open and return a BLOB object.\n\n  table\n    Table name.\n  column\n    Column name.\n  row\n    Row index.\n  readonly\n    Open the BLOB without write permissions.\n  name\n    Database name."
sqlite3	Connection.close	"Close the database connection.\n\nAny pending transaction is not committed implicitly."
sqlite3	Connection.commit	"Commit any pending transaction to the database.\n\nIf there is no open transaction, this method is a no-op."
sqlite3	Connection.create_aggregate	"Creates a new aggregate.\n\nNote: Passing keyword arguments 'name', 'n_arg' and 'aggregate_class'\nto _sqlite3.Connection.create_aggregate() is deprecated. Parameters\n'name', 'n_arg' and 'aggregate_class' will become positional-only in\nPython 3.15.\n"
sqlite3	Connection.create_collation	"Creates a collation function."
sqlite3	Connection.create_function	"Creates a new function.\n\nNote: Passing keyword arguments 'name', 'narg' and 'func' to\n_sqlite3.Connection.create_function() is deprecated. Parameters\n'name', 'narg' and 'func' will become positional-only in Python 3.15.\n"
sqlite3	Connection.create_window_function	"Creates or redefines an aggregate window function. Non-standard.\n\n  name\n    The name of the SQL aggregate window function to be created or\n    redefined.\n  num_params\n    The number of arguments the step and inverse methods takes.\n  aggregate_class\n    A class with step(), finalize(), value(), and inverse() methods.\n    Set to None to clear the window function."
sqlite3	Connection.cursor	"Return a cursor for the connection."
sqlite3	Connection.deserialize	"Load a serialized database.\n\n  data\n    The serialized database content.\n  name\n    Which database to reopen with the deserialization.\n\nThe deserialize interface causes the database connection to disconnect from the\ntarget database, and then reopen it as an in-memory database based on the given\nserialized data.\n\nThe deserialize interface will fail with SQLITE_BUSY if the database is\ncurrently in a read transaction or is involved in a backup operation."
sqlite3	Connection.enable_load_extension	"Enable dynamic loading of SQLite extension modules."
sqlite3	Connection.execute	"Executes an SQL statement."
sqlite3	Connection.executemany	"Repeatedly executes an SQL statement."
sqlite3	Connection.executescript	"Executes multiple SQL statements at once."
sqlite3	Connection.getconfig	"Query a boolean connection configuration option.\n\n  op\n    The configuration verb; one of the sqlite3.SQLITE_DBCONFIG codes."
sqlite3	Connection.getlimit	"Get connection run-time limits.\n\n  category\n    The limit category to be queried."
sqlite3	Connection.in_transaction	null
sqlite3	Connection.interrupt	"Abort any pending database operation."
sqlite3	Connection.isolation_level	null
sqlite3	Connection.iterdump	"Returns iterator to the dump of the database in an SQL text format.\n\n  filter\n    An optional LIKE pattern for database objects to dump"
sqlite3	Connection.load_extension	"Load SQLite extension module."
sqlite3	Connection.rollback	"Roll back to the start of any pending transaction.\n\nIf there is no open transaction, this method is a no-op."
sqlite3	Connection.row_factory	null
sqlite3	Connection.serialize	"Serialize a database into a byte string.\n\n  name\n    Which database to serialize.\n\nFor an ordinary on-disk database file, the serialization is just a copy of the\ndisk file. For an in-memory database or a \"temp\" database, the serialization is\nthe same sequence of bytes which would be written to disk if that database\nwere backed up to disk."
sqlite3	Connection.set_authorizer	"Set authorizer callback.\n\nNote: Passing keyword argument 'authorizer_callback' to\n_sqlite3.Connection.set_authorizer() is deprecated. Parameter\n'authorizer_callback' will become positional-only in Python 3.15.\n"
sqlite3	Connection.set_progress_handler	"Set progress handler callback.\n\n  progress_handler\n    A callable that takes no arguments.\n    If the callable returns non-zero, the current query is terminated,\n    and an exception is raised.\n  n\n    The number of SQLite virtual machine instructions that are\n    executed between invocations of 'progress_handler'.\n\nIf 'progress_handler' is None or 'n' is 0, the progress handler is disabled.\n\nNote: Passing keyword argument 'progress_handler' to\n_sqlite3.Connection.set_progress_handler() is deprecated. Parameter\n'progress_handler' will become positional-only in Python 3.15.\n"
sqlite3	Connection.set_trace_callback	"Set a trace callback called for each SQL statement (passed as unicode).\n\nNote: Passing keyword argument 'trace_callback' to\n_sqlite3.Connection.set_trace_callback() is deprecated. Parameter\n'trace_callback' will become positional-only in Python 3.15.\n"
sqlite3	Connection.setconfig	"Set a boolean connection configuration option.\n\n  op\n    The configuration verb; one of the sqlite3.SQLITE_DBCONFIG codes."
sqlite3	Connection.setlimit	"Set connection run-time limits.\n\n  category\n    The limit category to be set.\n  limit\n    The new limit. If the new limit is a negative number, the limit is\n    unchanged.\n\nAttempts to increase a limit above its hard upper bound are silently truncated\nto the hard upper bound. Regardless of whether or not the limit was changed,\nthe prior value of the limit is returned."
sqlite3	Connection.text_factory	null
sqlite3	Connection.total_changes	null
sqlite3	Cursor	"SQLite database cursor class."
sqlite3	Cursor.arraysize	null
sqlite3	Cursor.close	"Closes the cursor."
sqlite3	Cursor.connection	null
sqlite3	Cursor.description	null
sqlite3	Cursor.execute	"Executes an SQL statement."
sqlite3	Cursor.executemany	"Repeatedly executes an SQL statement."
sqlite3	Cursor.executescript	"Executes multiple SQL statements at once."
sqlite3	Cursor.fetchall	"Fetches all rows from the resultset."
sqlite3	Cursor.fetchmany	"Fetches several rows from the resultset.\n\n  size\n    The default value is set by the Cursor.arraysize attribute."
sqlite3	Cursor.fetchone	"Fetches one row from the resultset."
sqlite3	Cursor.lastrowid	null
sqlite3	Cursor.row_factory	null
sqlite3	Cursor.rowcount	null
sqlite3	Cursor.setinputsizes	"Required by DB-API. Does nothing in sqlite3."
sqlite3	Cursor.setoutputsize	"Required by DB-API. Does nothing in sqlite3."
sqlite3	DataError	null
sqlite3	DatabaseError	null
sqlite3	DateFromTicks	null
sqlite3	Error	null
sqlite3	IntegrityError	null
sqlite3	InterfaceError	null
sqlite3	InternalError	null
sqlite3	NotSupportedError	null
sqlite3	OperationalError	null
sqlite3	PrepareProtocol	"PEP 246 style object adaption protocol type."
sqlite3	ProgrammingError	null
sqlite3	Row	null
sqlite3	Row.keys	"Returns the keys of the row."
sqlite3	TimeFromTicks	null
sqlite3	TimestampFromTicks	null
sqlite3	Warning	null
sqlite3	adapt	"Adapt given object to given protocol."
sqlite3	complete_statement	"Checks if a string contains a complete SQL statement."
sqlite3	connect	"Open a connection to the SQLite database file 'database'.\n\nYou can use \":memory:\" to open a database connection to a database that\nresides in RAM instead of on disk.\n\nNote: Passing more than 1 positional argument to _sqlite3.connect() is\ndeprecated. Parameters 'timeout', 'detect_types', 'isolation_level',\n'check_same_thread', 'factory', 'cached_statements' and 'uri' will\nbecome keyword-only parameters in Python 3.15.\n"
sqlite3	enable_callback_tracebacks	"Enable or disable callback functions throwing errors to stderr."
sqlite3	register_adapter	"Register a function to adapt Python objects to SQLite values."
sqlite3	register_converter	"Register a function to convert SQLite values to Python objects."
sqlite3.dbapi2	adapt	"Adapt given object to given protocol."
sqlite3.dbapi2	complete_statement	"Checks if a string contains a complete SQL statement."
sqlite3.dbapi2	connect	"Open a connection to the SQLite database file 'database'.\n\nYou can use \":memory:\" to open a database connection to a database that\nresides in RAM instead of on disk.\n\nNote: Passing more than 1 positional argument to _sqlite3.connect() is\ndeprecated. Parameters 'timeout', 'detect_types', 'isolation_level',\n'check_same_thread', 'factory', 'cached_statements' and 'uri' will\nbecome keyword-only parameters in Python 3.15.\n"
sqlite3.dbapi2	enable_callback_tracebacks	"Enable or disable callback functions throwing errors to stderr."
sqlite3.dbapi2	register_adapter	"Register a function to adapt Python objects to SQLite values."
sqlite3.dbapi2	register_converter	"Register a function to convert SQLite values to Python objects."
_ssl		"Implementation module for SSL socket operations.  See the socket module\nfor documentation."
_ssl	Certificate	null
_ssl	Certificate.get_info	null
_ssl	Certificate.public_bytes	null
_ssl	MemoryBIO	null
_ssl	MemoryBIO.eof	"Whether the memory BIO is at EOF."
_ssl	MemoryBIO.pending	"The number of bytes pending in the memory BIO."
_ssl	MemoryBIO.read	"Read up to size bytes from the memory BIO.\n\nIf size is not specified, read the entire buffer.\nIf the return value is an empty bytes instance, this means either\nEOF or that no data is available. Use the \"eof\" property to\ndistinguish between the two."
_ssl	MemoryBIO.write	"Writes the bytes b into the memory BIO.\n\nReturns the number of bytes written."
_ssl	MemoryBIO.write_eof	"Write an EOF marker to the memory BIO.\n\nWhen all data has been read, the \"eof\" property will be True."
_ssl	RAND_add	"Mix string into the OpenSSL PRNG state.\n\nentropy (a float) is a lower bound on the entropy contained in\nstring.  See RFC 4086."
_ssl	RAND_bytes	"Generate n cryptographically strong pseudo-random bytes."
_ssl	RAND_status	"Returns True if the OpenSSL PRNG has been seeded with enough data and False if not.\n\nIt is necessary to seed the PRNG with RAND_add() on some platforms before\nusing the ssl() function."
_ssl	SSLSession	null
_ssl	SSLSession.has_ticket	"Does the session contain a ticket?"
_ssl	SSLSession.id	"Session ID."
_ssl	SSLSession.ticket_lifetime_hint	"Ticket life time hint."
_ssl	SSLSession.time	"Session creation time (seconds since epoch)."
_ssl	SSLSession.timeout	"Session timeout (delta in seconds)."
_ssl	_SSLContext	null
_ssl	_SSLContext._host_flags	null
_ssl	_SSLContext._msg_callback	null
_ssl	_SSLContext._set_alpn_protocols	null
_ssl	_SSLContext._wrap_bio	null
_ssl	_SSLContext._wrap_socket	null
_ssl	_SSLContext.cert_store_stats	"Returns quantities of loaded X.509 certificates.\n\nX.509 certificates with a CA extension and certificate revocation lists\ninside the context's cert store.\n\nNOTE: Certificates in a capath directory aren't loaded unless they have\nbeen used at least once."
_ssl	_SSLContext.check_hostname	null
_ssl	_SSLContext.get_ca_certs	"Returns a list of dicts with information of loaded CA certs.\n\nIf the optional argument is True, returns a DER-encoded copy of the CA\ncertificate.\n\nNOTE: Certificates in a capath directory aren't loaded unless they have\nbeen used at least once."
_ssl	_SSLContext.get_ciphers	null
_ssl	_SSLContext.keylog_filename	null
_ssl	_SSLContext.load_cert_chain	null
_ssl	_SSLContext.load_dh_params	null
_ssl	_SSLContext.load_verify_locations	null
_ssl	_SSLContext.maximum_version	null
_ssl	_SSLContext.minimum_version	null
_ssl	_SSLContext.num_tickets	"Control the number of TLSv1.3 session tickets."
_ssl	_SSLContext.options	null
_ssl	_SSLContext.post_handshake_auth	null
_ssl	_SSLContext.protocol	null
_ssl	_SSLContext.security_level	"The current security level."
_ssl	_SSLContext.session_stats	null
_ssl	_SSLContext.set_ciphers	null
_ssl	_SSLContext.set_default_verify_paths	null
_ssl	_SSLContext.set_ecdh_curve	null
_ssl	_SSLContext.set_psk_client_callback	null
_ssl	_SSLContext.set_psk_server_callback	null
_ssl	_SSLContext.sni_callback	"Set a callback that will be called when a server name is provided by the SSL/TLS client in the SNI extension.\n\nIf the argument is None then the callback is disabled. The method is called\nwith the SSLSocket, the server name as a string, and the SSLContext object.\n\nSee RFC 6066 for details of the SNI extension."
_ssl	_SSLContext.verify_flags	null
_ssl	_SSLContext.verify_mode	null
_ssl	_SSLSocket	null
_ssl	_SSLSocket.cipher	null
_ssl	_SSLSocket.compression	null
_ssl	_SSLSocket.context	"This changes the context associated with the SSLSocket.\n\nThis is typically used from within a callback function set by the sni_callback\non the SSLContext to change the certificate information associated with the\nSSLSocket before the cryptographic exchange handshake messages."
_ssl	_SSLSocket.do_handshake	null
_ssl	_SSLSocket.get_channel_binding	"Get channel binding data for current connection.\n\nRaise ValueError if the requested `cb_type` is not supported.  Return bytes\nof the data or None if the data is not available (e.g. before the handshake).\nOnly 'tls-unique' channel binding data from RFC 5929 is supported."
_ssl	_SSLSocket.get_unverified_chain	null
_ssl	_SSLSocket.get_verified_chain	null
_ssl	_SSLSocket.getpeercert	"Returns the certificate for the peer.\n\nIf no certificate was provided, returns None.  If a certificate was\nprovided, but not validated, returns an empty dictionary.  Otherwise\nreturns a dict containing information about the peer certificate.\n\nIf the optional argument is True, returns a DER-encoded copy of the\npeer certificate, or None if no certificate was provided.  This will\nreturn the certificate even if it wasn't validated."
_ssl	_SSLSocket.owner	"The Python-level owner of this object.\n\nPassed as \"self\" in servername callback."
_ssl	_SSLSocket.pending	"Returns the number of already decrypted bytes available for read, pending on the connection."
_ssl	_SSLSocket.read	"read(size, [buffer])\nRead up to size bytes from the SSL socket."
_ssl	_SSLSocket.selected_alpn_protocol	null
_ssl	_SSLSocket.server_hostname	"The currently set server hostname (for SNI)."
_ssl	_SSLSocket.server_side	"Whether this is a server-side socket."
_ssl	_SSLSocket.session	"The underlying SSLSession object."
_ssl	_SSLSocket.session_reused	"Was the client session reused during handshake?"
_ssl	_SSLSocket.shared_ciphers	null
_ssl	_SSLSocket.shutdown	"Does the SSL shutdown handshake with the remote end."
_ssl	_SSLSocket.verify_client_post_handshake	"Initiate TLS 1.3 post-handshake authentication"
_ssl	_SSLSocket.version	null
_ssl	_SSLSocket.write	"Writes the bytes-like object b into the SSL object.\n\nReturns the number of bytes written."
_ssl	_test_decode_cert	null
_ssl	get_default_verify_paths	"Return search paths and environment vars that are used by SSLContext's set_default_verify_paths() to load default CAs.\n\nThe values are 'cert_file_env', 'cert_file', 'cert_dir_env', 'cert_dir'."
_ssl	nid2obj	"Lookup NID, short name, long name and OID of an ASN1_OBJECT by NID."
_ssl	txt2obj	"Lookup NID, short name, long name and OID of an ASN1_OBJECT.\n\nBy default objects are looked up by OID. With name=True short and\nlong name are also matched."
stat	S_IFMT	"Return the portion of the file's mode that describes the file type."
stat	S_IMODE	"Return the portion of the file's mode that can be set by os.chmod()."
stat	S_ISBLK	"S_ISBLK(mode) -> bool\n\nReturn True if mode is from a block special device file."
stat	S_ISCHR	"S_ISCHR(mode) -> bool\n\nReturn True if mode is from a character special device file."
stat	S_ISDIR	"S_ISDIR(mode) -> bool\n\nReturn True if mode is from a directory."
stat	S_ISDOOR	"S_ISDOOR(mode) -> bool\n\nReturn True if mode is from a door."
stat	S_ISFIFO	"S_ISFIFO(mode) -> bool\n\nReturn True if mode is from a FIFO (named pipe)."
stat	S_ISLNK	"S_ISLNK(mode) -> bool\n\nReturn True if mode is from a symbolic link."
stat	S_ISPORT	"S_ISPORT(mode) -> bool\n\nReturn True if mode is from an event port."
stat	S_ISREG	"S_ISREG(mode) -> bool\n\nReturn True if mode is from a regular file."
stat	S_ISSOCK	"S_ISSOCK(mode) -> bool\n\nReturn True if mode is from a socket."
stat	S_ISWHT	"S_ISWHT(mode) -> bool\n\nReturn True if mode is from a whiteout."
stat	filemode	"Convert a file's mode to a string of the form '-rwxrwxrwx'"
statistics	LinearRegression	"LinearRegression(slope, intercept)"
statistics	LinearRegression._asdict	"Return a new dict which maps field names to their values."
statistics	LinearRegression._make	null
statistics	LinearRegression._replace	"Return a new LinearRegression object replacing specified fields with new values"
statistics	NormalDist._mu	null
statistics	NormalDist._sigma	null
statistics	_quartic_invcdf	"Return x such that f(x) \u2248 y within the specified tolerance."
statistics	_triweight_invcdf	"Return x such that f(x) \u2248 y within the specified tolerance."
statistics	acos	"Return the arc cosine (measured in radians) of x.\n\nThe result is between 0 and pi."
statistics	asin	"Return the arc sine (measured in radians) of x.\n\nThe result is between -pi/2 and pi/2."
statistics	atan	"Return the arc tangent (measured in radians) of x.\n\nThe result is between -pi/2 and pi/2."
statistics	bisect_left	"Return the index where to insert item x in list a, assuming a is sorted.\n\nThe return value i is such that all e in a[:i] have e < x, and all e in\na[i:] have e >= x.  So if x already appears in the list, a.insert(i, x) will\ninsert just before the leftmost x already there.\n\nOptional args lo (default 0) and hi (default len(a)) bound the\nslice of a to be searched.\n\nA custom key function can be supplied to customize the sort order."
statistics	bisect_right	"Return the index where to insert item x in list a, assuming a is sorted.\n\nThe return value i is such that all e in a[:i] have e <= x, and all e in\na[i:] have e > x.  So if x already appears in the list, a.insert(i, x) will\ninsert just after the rightmost x already there.\n\nOptional args lo (default 0) and hi (default len(a)) bound the\nslice of a to be searched.\n\nA custom key function can be supplied to customize the sort order."
statistics	cos	"Return the cosine of x (measured in radians)."
statistics	cosh	"Return the hyperbolic cosine of x."
statistics	count	"Return a count object whose .__next__() method returns consecutive values.\n\nEquivalent to:\n    def count(firstval=0, step=1):\n        x = firstval\n        while 1:\n            yield x\n            x += step"
statistics	erf	"Error function at x."
statistics	exp	"Return e raised to the power of x."
statistics	fabs	"Return the absolute value of the float x."
statistics	fsum	"Return an accurate floating-point sum of values in the iterable seq.\n\nAssumes IEEE-754 floating-point arithmetic."
statistics	groupby	"make an iterator that returns consecutive keys and groups from the iterable\n\n  iterable\n    Elements to divide into groups according to the key function.\n  key\n    A function for computing the group category for each element.\n    If the key function is not specified or is None, the element itself\n    is used for grouping."
statistics	hypot	"hypot(*coordinates) -> value\n\nMultidimensional Euclidean distance from the origin to a point.\n\nRoughly equivalent to:\n    sqrt(sum(x**2 for x in coordinates))\n\nFor a two dimensional point (x, y), gives the hypotenuse\nusing the Pythagorean theorem:  sqrt(x*x + y*y).\n\nFor example, the hypotenuse of a 3/4/5 right triangle is:\n\n    >>> hypot(3.0, 4.0)\n    5.0\n"
statistics	isfinite	"Return True if x is neither an infinity nor a NaN, and False otherwise."
statistics	isinf	"Return True if x is a positive or negative infinity, and False otherwise."
statistics	log	"log(x, [base=math.e])\nReturn the logarithm of x to the given base.\n\nIf the base is not specified, returns the natural logarithm (base e) of x."
statistics	namedtuple	"Returns a new subclass of tuple with named fields.\n\n>>> Point = namedtuple('Point', ['x', 'y'])\n>>> Point.__doc__                   # docstring for the new class\n'Point(x, y)'\n>>> p = Point(11, y=22)             # instantiate with positional args or keywords\n>>> p[0] + p[1]                     # indexable like a plain tuple\n33\n>>> x, y = p                        # unpack like a regular tuple\n>>> x, y\n(11, 22)\n>>> p.x + p.y                       # fields also accessible by name\n33\n>>> d = p._asdict()                 # convert to a dictionary\n>>> d['x']\n11\n>>> Point(**d)                      # convert from a dictionary\nPoint(x=11, y=22)\n>>> p._replace(x=100)               # _replace() is like str.replace() but targets named fields\nPoint(x=100, y=22)\n\n"
statistics	reduce	"reduce(function, iterable[, initial], /) -> value\n\nApply a function of two arguments cumulatively to the items of an iterable, from left to right.\n\nThis effectively reduces the iterable to a single value.  If initial is present,\nit is placed before the items of the iterable in the calculation, and serves as\na default when the iterable is empty.\n\nFor example, reduce(lambda x, y: x+y, [1, 2, 3, 4, 5])\ncalculates ((((1 + 2) + 3) + 4) + 5)."
statistics	repeat	"repeat(object [,times]) -> create an iterator which returns the object\nfor the specified number of times.  If not specified, returns the object\nendlessly."
statistics	sin	"Return the sine of x (measured in radians)."
statistics	sqrt	"Return the square root of x."
statistics	sumprod	"Return the sum of products of values from two iterables p and q.\n\nRoughly equivalent to:\n\n    sum(itertools.starmap(operator.mul, zip(p, q, strict=True)))\n\nFor float and mixed int/float inputs, the intermediate products\nand sums are computed with extended precision."
statistics	tan	"Return the tangent of x (measured in radians)."
_stat		"S_IFMT_: file type bits\nS_IFDIR: directory\nS_IFCHR: character device\nS_IFBLK: block device\nS_IFREG: regular file\nS_IFIFO: fifo (named pipe)\nS_IFLNK: symbolic link\nS_IFSOCK: socket file\nS_IFDOOR: door\nS_IFPORT: event port\nS_IFWHT: whiteout\n\nS_ISUID: set UID bit\nS_ISGID: set GID bit\nS_ENFMT: file locking enforcement\nS_ISVTX: sticky bit\nS_IREAD: Unix V7 synonym for S_IRUSR\nS_IWRITE: Unix V7 synonym for S_IWUSR\nS_IEXEC: Unix V7 synonym for S_IXUSR\nS_IRWXU: mask for owner permissions\nS_IRUSR: read by owner\nS_IWUSR: write by owner\nS_IXUSR: execute by owner\nS_IRWXG: mask for group permissions\nS_IRGRP: read by group\nS_IWGRP: write by group\nS_IXGRP: execute by group\nS_IRWXO: mask for others (not in group) permissions\nS_IROTH: read by others\nS_IWOTH: write by others\nS_IXOTH: execute by others\n\nUF_SETTABLE: mask of owner changable flags\nUF_NODUMP: do not dump file\nUF_IMMUTABLE: file may not be changed\nUF_APPEND: file may only be appended to\nUF_OPAQUE: directory is opaque when viewed through a union stack\nUF_NOUNLINK: file may not be renamed or deleted\nUF_COMPRESSED: macOS: file is hfs-compressed\nUF_TRACKED: used for dealing with document IDs\nUF_DATAVAULT: entitlement required for reading and writing\nUF_HIDDEN: macOS: file should not be displayed\nSF_SETTABLE: mask of super user changeable flags\nSF_ARCHIVED: file may be archived\nSF_IMMUTABLE: file may not be changed\nSF_APPEND: file may only be appended to\nSF_RESTRICTED: entitlement required for writing\nSF_NOUNLINK: file may not be renamed or deleted\nSF_SNAPSHOT: file is a snapshot file\nSF_FIRMLINK: file is a firmlink\nSF_DATALESS: file is a dataless object\n\nOn macOS:\nSF_SUPPORTED: mask of super user supported flags\nSF_SYNTHETIC: mask of read-only synthetic flags\n\nST_MODE\nST_INO\nST_DEV\nST_NLINK\nST_UID\nST_GID\nST_SIZE\nST_ATIME\nST_MTIME\nST_CTIME\n\nFILE_ATTRIBUTE_*: Windows file attribute constants\n                   (only present on Windows)\n"
_stat	S_IFMT	"Return the portion of the file's mode that describes the file type."
_stat	S_IMODE	"Return the portion of the file's mode that can be set by os.chmod()."
_stat	S_ISBLK	"S_ISBLK(mode) -> bool\n\nReturn True if mode is from a block special device file."
_stat	S_ISCHR	"S_ISCHR(mode) -> bool\n\nReturn True if mode is from a character special device file."
_stat	S_ISDIR	"S_ISDIR(mode) -> bool\n\nReturn True if mode is from a directory."
_stat	S_ISDOOR	"S_ISDOOR(mode) -> bool\n\nReturn True if mode is from a door."
_stat	S_ISFIFO	"S_ISFIFO(mode) -> bool\n\nReturn True if mode is from a FIFO (named pipe)."
_stat	S_ISLNK	"S_ISLNK(mode) -> bool\n\nReturn True if mode is from a symbolic link."
_stat	S_ISPORT	"S_ISPORT(mode) -> bool\n\nReturn True if mode is from an event port."
_stat	S_ISREG	"S_ISREG(mode) -> bool\n\nReturn True if mode is from a regular file."
_stat	S_ISSOCK	"S_ISSOCK(mode) -> bool\n\nReturn True if mode is from a socket."
_stat	S_ISWHT	"S_ISWHT(mode) -> bool\n\nReturn True if mode is from a whiteout."
_stat	filemode	"Convert a file's mode to a string of the form '-rwxrwxrwx'"
_string		"string helper module"
_string	formatter_field_name_split	"split the argument as a field name"
_string	formatter_parser	"parse the argument as a format string"
_struct		"Functions to convert between Python values and C structs.\nPython bytes objects are used to hold the data representing the C struct\nand also as format strings (explained below) to describe the layout of data\nin the C struct.\n\nThe optional first format char indicates byte order, size and alignment:\n  @: native order, size & alignment (default)\n  =: native order, std. size & alignment\n  <: little-endian, std. size & alignment\n  >: big-endian, std. size & alignment\n  !: same as >\n\nThe remaining chars indicate types of args and must match exactly;\nthese can be preceded by a decimal repeat count:\n  x: pad byte (no data); c:char; b:signed byte; B:unsigned byte;\n  ?: _Bool (requires C99; if not available, char is used instead)\n  h:short; H:unsigned short; i:int; I:unsigned int;\n  l:long; L:unsigned long; f:float; d:double; e:half-float.\nSpecial cases (preceding decimal count indicates length):\n  s:string (array of char); p: pascal string (with count byte).\nSpecial cases (only available in native format):\n  n:ssize_t; N:size_t;\n  P:an integer type that is wide enough to hold a pointer.\nSpecial case (not in native mode unless 'long long' in platform C):\n  q:long long; Q:unsigned long long\nWhitespace between formats is ignored.\n\nThe variable struct.error is an exception raised on errors.\n"
_struct	Struct	"Struct(fmt) --> compiled struct object\n\n"
_struct	Struct.format	"struct format string"
_struct	Struct.iter_unpack	"Return an iterator yielding tuples.\n\nTuples are unpacked from the given bytes source, like a repeated\ninvocation of unpack_from().\n\nRequires that the bytes length be a multiple of the struct size."
_struct	Struct.pack	"S.pack(v1, v2, ...) -> bytes\n\nReturn a bytes object containing values v1, v2, ... packed according\nto the format string S.format.  See help(struct) for more on format\nstrings."
_struct	Struct.pack_into	"S.pack_into(buffer, offset, v1, v2, ...)\n\nPack the values v1, v2, ... according to the format string S.format\nand write the packed bytes into the writable buffer buf starting at\noffset.  Note that the offset is a required argument.  See\nhelp(struct) for more on format strings."
_struct	Struct.size	"struct size in bytes"
_struct	Struct.unpack	"Return a tuple containing unpacked values.\n\nUnpack according to the format string Struct.format. The buffer's size\nin bytes must be Struct.size.\n\nSee help(struct) for more on format strings."
_struct	Struct.unpack_from	"Return a tuple containing unpacked values.\n\nValues are unpacked according to the format string Struct.format.\n\nThe buffer's size in bytes, starting at position offset, must be\nat least Struct.size.\n\nSee help(struct) for more on format strings."
_struct	_clearcache	"Clear the internal cache."
_struct	calcsize	"Return size in bytes of the struct described by the format string."
_struct	iter_unpack	"Return an iterator yielding tuples unpacked from the given bytes.\n\nThe bytes are unpacked according to the format string, like\na repeated invocation of unpack_from().\n\nRequires that the bytes length be a multiple of the format struct size."
_struct	pack	"pack(format, v1, v2, ...) -> bytes\n\nReturn a bytes object containing the values v1, v2, ... packed according\nto the format string.  See help(struct) for more on format strings."
_struct	pack_into	"pack_into(format, buffer, offset, v1, v2, ...)\n\nPack the values v1, v2, ... according to the format string and write\nthe packed bytes into the writable buffer buf starting at offset.  Note\nthat the offset is a required argument.  See help(struct) for more\non format strings."
_struct	unpack	"Return a tuple containing values unpacked according to the format string.\n\nThe buffer's size in bytes must be calcsize(format).\n\nSee help(struct) for more on format strings."
_struct	unpack_from	"Return a tuple containing values unpacked according to the format string.\n\nThe buffer's size, minus offset, must be at least calcsize(format).\n\nSee help(struct) for more on format strings."
struct		"Functions to convert between Python values and C structs.\nPython bytes objects are used to hold the data representing the C struct\nand also as format strings (explained below) to describe the layout of data\nin the C struct.\n\nThe optional first format char indicates byte order, size and alignment:\n  @: native order, size & alignment (default)\n  =: native order, std. size & alignment\n  <: little-endian, std. size & alignment\n  >: big-endian, std. size & alignment\n  !: same as >\n\nThe remaining chars indicate types of args and must match exactly;\nthese can be preceded by a decimal repeat count:\n  x: pad byte (no data); c:char; b:signed byte; B:unsigned byte;\n  ?: _Bool (requires C99; if not available, char is used instead)\n  h:short; H:unsigned short; i:int; I:unsigned int;\n  l:long; L:unsigned long; f:float; d:double; e:half-float.\nSpecial cases (preceding decimal count indicates length):\n  s:string (array of char); p: pascal string (with count byte).\nSpecial cases (only available in native format):\n  n:ssize_t; N:size_t;\n  P:an integer type that is wide enough to hold a pointer.\nSpecial case (not in native mode unless 'long long' in platform C):\n  q:long long; Q:unsigned long long\nWhitespace between formats is ignored.\n\nThe variable struct.error is an exception raised on errors.\n"
struct	Struct	"Struct(fmt) --> compiled struct object\n\n"
struct	Struct.format	"struct format string"
struct	Struct.iter_unpack	"Return an iterator yielding tuples.\n\nTuples are unpacked from the given bytes source, like a repeated\ninvocation of unpack_from().\n\nRequires that the bytes length be a multiple of the struct size."
struct	Struct.pack	"S.pack(v1, v2, ...) -> bytes\n\nReturn a bytes object containing values v1, v2, ... packed according\nto the format string S.format.  See help(struct) for more on format\nstrings."
struct	Struct.pack_into	"S.pack_into(buffer, offset, v1, v2, ...)\n\nPack the values v1, v2, ... according to the format string S.format\nand write the packed bytes into the writable buffer buf starting at\noffset.  Note that the offset is a required argument.  See\nhelp(struct) for more on format strings."
struct	Struct.size	"struct size in bytes"
struct	Struct.unpack	"Return a tuple containing unpacked values.\n\nUnpack according to the format string Struct.format. The buffer's size\nin bytes must be Struct.size.\n\nSee help(struct) for more on format strings."
struct	Struct.unpack_from	"Return a tuple containing unpacked values.\n\nValues are unpacked according to the format string Struct.format.\n\nThe buffer's size in bytes, starting at position offset, must be\nat least Struct.size.\n\nSee help(struct) for more on format strings."
struct	_clearcache	"Clear the internal cache."
struct	calcsize	"Return size in bytes of the struct described by the format string."
struct	error	null
struct	iter_unpack	"Return an iterator yielding tuples unpacked from the given bytes.\n\nThe bytes are unpacked according to the format string, like\na repeated invocation of unpack_from().\n\nRequires that the bytes length be a multiple of the format struct size."
struct	pack	"pack(format, v1, v2, ...) -> bytes\n\nReturn a bytes object containing the values v1, v2, ... packed according\nto the format string.  See help(struct) for more on format strings."
struct	pack_into	"pack_into(format, buffer, offset, v1, v2, ...)\n\nPack the values v1, v2, ... according to the format string and write\nthe packed bytes into the writable buffer buf starting at offset.  Note\nthat the offset is a required argument.  See help(struct) for more\non format strings."
struct	unpack	"Return a tuple containing values unpacked according to the format string.\n\nThe buffer's size in bytes must be calcsize(format).\n\nSee help(struct) for more on format strings."
struct	unpack_from	"Return a tuple containing values unpacked according to the format string.\n\nThe buffer's size, minus offset, must be at least calcsize(format).\n\nSee help(struct) for more on format strings."
subprocess	Popen._execute_child	"Execute program (POSIX version)"
subprocess	Popen._internal_poll	"Check if child process has terminated.  Returns returncode\nattribute.\n\nThis method is called by __del__, so it cannot reference anything\noutside of the local scope (nor can any methods it calls).\n\n"
subprocess	Popen._wait	"Internal implementation of wait() on POSIX."
subprocess	Popen.terminate	"Terminate the process with SIGTERM\n            "
subprocess	_del_safe.WIFSTOPPED	"Return True if the process returning status was stopped."
subprocess	_del_safe.WSTOPSIG	"Return the signal that stopped the process that provided the status value."
subprocess	_del_safe.waitpid	"Wait for completion of a given child process.\n\nReturns a tuple of information regarding the child process:\n    (pid, status)\n\nThe options argument is ignored on Windows."
subprocess	_del_safe.waitstatus_to_exitcode	"Convert a wait status to an exit code.\n\nOn Unix:\n\n* If WIFEXITED(status) is true, return WEXITSTATUS(status).\n* If WIFSIGNALED(status) is true, return -WTERMSIG(status).\n* Otherwise, raise a ValueError.\n\nOn Windows, return status shifted right by 8 bits.\n\nOn Unix, if the process is being traced or if waitpid() was called with\nWUNTRACED option, the caller must first check if WIFSTOPPED(status) is true.\nThis function must not be called if WIFSTOPPED(status) is true."
subprocess	_fork_exec	"Spawn a fresh new child process.\n\nFork a child process, close parent file descriptors as appropriate in the\nchild and duplicate the few that are needed before calling exec() in the\nchild process.\n\nIf close_fds is True, close file descriptors 3 and higher, except those listed\nin the sorted tuple pass_fds.\n\nThe preexec_fn, if supplied, will be called immediately before closing file\ndescriptors and exec.\n\nWARNING: preexec_fn is NOT SAFE if your application uses threads.\n         It may trigger infrequent, difficult to debug deadlocks.\n\nIf an error occurs in the child process before the exec, it is\nserialized and written to the errpipe_write fd per subprocess.py.\n\nReturns: the child process's PID.\n\nRaises: Only on an error in the parent process."
subprocess	_time	"monotonic() -> float\n\nMonotonic clock, cannot go backward."
sys		"This module provides access to some objects used or maintained by the\ninterpreter and to functions that interact strongly with the interpreter.\n\nDynamic objects:\n\nargv -- command line arguments; argv[0] is the script pathname if known\npath -- module search path; path[0] is the script directory, else ''\nmodules -- dictionary of loaded modules\n\ndisplayhook -- called to show results in an interactive session\nexcepthook -- called to handle any uncaught exception other than SystemExit\n  To customize printing in an interactive session or to install a custom\n  top-level exception handler, assign other functions to replace these.\n\nstdin -- standard input file object; used by input()\nstdout -- standard output file object; used by print()\nstderr -- standard error object; used for error messages\n  By assigning other file objects (or objects that behave like files)\n  to these, it is possible to redirect all of the interpreter's I/O.\n\nlast_exc - the last uncaught exception\n  Only available in an interactive session after a\n  traceback has been printed.\nlast_type -- type of last uncaught exception\nlast_value -- value of last uncaught exception\nlast_traceback -- traceback of last uncaught exception\n  These three are the (deprecated) legacy representation of last_exc.\n\nStatic objects:\n\nbuiltin_module_names -- tuple of module names built into this interpreter\ncopyright -- copyright notice pertaining to this interpreter\nexec_prefix -- prefix used to find the machine-specific Python library\nexecutable -- absolute path of the executable binary of the Python interpreter\nfloat_info -- a named tuple with information about the float implementation.\nfloat_repr_style -- string indicating the style of repr() output for floats\nhash_info -- a named tuple with information about the hash algorithm.\nhexversion -- version information encoded as a single integer\nimplementation -- Python implementation information.\nint_info -- a named tuple with information about the int implementation.\nmaxsize -- the largest supported length of containers.\nmaxunicode -- the value of the largest Unicode code point\nplatform -- platform identifier\nprefix -- prefix used to find the Python library\nthread_info -- a named tuple with information about the thread implementation.\nversion -- the version of this interpreter as a string\nversion_info -- version information as a named tuple\n__stdin__ -- the original stdin; don't touch!\n__stdout__ -- the original stdout; don't touch!\n__stderr__ -- the original stderr; don't touch!\n__displayhook__ -- the original displayhook; don't touch!\n__excepthook__ -- the original excepthook; don't touch!\n\nFunctions:\n\ndisplayhook() -- print an object to the screen, and save it in builtins._\nexcepthook() -- print an exception and its traceback to sys.stderr\nexception() -- return the current thread's active exception\nexc_info() -- return information about the current thread's active exception\nexit() -- exit the interpreter by raising SystemExit\ngetdlopenflags() -- returns flags to be used for dlopen() calls\ngetprofile() -- get the global profiling function\ngetrefcount() -- return the reference count for an object (plus one :-)\ngetrecursionlimit() -- return the max recursion depth for the interpreter\ngetsizeof() -- return the size of an object in bytes\ngettrace() -- get the global debug tracing function\nsetdlopenflags() -- set the flags to be used for dlopen() calls\nsetprofile() -- set the global profiling function\nsetrecursionlimit() -- set the max recursion depth for the interpreter\nsettrace() -- set the global debug tracing function\n"
sys	__breakpointhook__	"This hook function is called by built-in breakpoint().\n"
sys	__displayhook__	"Print an object to sys.stdout and also save it in builtins._"
sys	__excepthook__	"Handle an exception by displaying it with a traceback on sys.stderr."
sys	__unraisablehook__	"Handle an unraisable exception.\n\nThe unraisable argument has the following attributes:\n\n* exc_type: Exception type.\n* exc_value: Exception value, can be None.\n* exc_traceback: Exception traceback, can be None.\n* err_msg: Error message, can be None.\n* object: Object causing the exception, can be None."
sys	_baserepl	"Private function for getting the base REPL"
sys	_clear_internal_caches	"Clear all internal performance-related caches."
sys	_clear_type_cache	"Clear the internal type lookup cache."
sys	_current_exceptions	"Return a dict mapping each thread's identifier to its current raised exception.\n\nThis function should be used for specialized purposes only."
sys	_current_frames	"Return a dict mapping each thread's thread id to its current stack frame.\n\nThis function should be used for specialized purposes only."
sys	_debugmallocstats	"Print summary info to stderr about the state of pymalloc's structures.\n\nIn Py_DEBUG mode, also perform some expensive internal consistency\nchecks."
sys	_get_cpu_count_config	"Private function for getting PyConfig.cpu_count"
sys	_getframe	"Return a frame object from the call stack.\n\nIf optional integer depth is given, return the frame object that many\ncalls below the top of the stack.  If that is deeper than the call\nstack, ValueError is raised.  The default for depth is zero, returning\nthe frame at the top of the call stack.\n\nThis function should be used for internal and specialized purposes\nonly."
sys	_getframemodulename	"Return the name of the module for a calling frame.\n\nThe default depth returns the module containing the call to this API.\nA more typical use in a library will pass a depth of 1 to get the user's\nmodule rather than the library module.\n\nIf no frame, module, or name can be found, returns None."
sys	_is_gil_enabled	"Return True if the GIL is currently enabled and False otherwise."
sys	_is_interned	"Return True if the given string is \"interned\"."
sys	_setprofileallthreads	"Set the profiling function in all running threads belonging to the current interpreter.\n\nIt will be called on each function call and return.  See the profiler\nchapter in the library manual."
sys	_settraceallthreads	"Set the global debug tracing function in all running threads belonging to the current interpreter.\n\nIt will be called on each function call. See the debugger chapter\nin the library manual."
sys	activate_stack_trampoline	"Activate stack profiler trampoline *backend*."
sys	addaudithook	"Adds a new audit hook callback."
sys	audit	"Passes the event to any audit hooks that are attached."
sys	breakpointhook	"This hook function is called by built-in breakpoint().\n"
sys	call_tracing	"Call func(*args), while tracing is enabled.\n\nThe tracing state is saved, and restored afterwards.  This is intended\nto be called from a debugger from a checkpoint, to recursively debug\nsome other code."
sys	deactivate_stack_trampoline	"Deactivate the current stack profiler trampoline backend.\n\nIf no stack profiler is activated, this function has no effect."
sys	displayhook	"Print an object to sys.stdout and also save it in builtins._"
sys	exc_info	"Return current exception information: (type, value, traceback).\n\nReturn information about the most recent exception caught by an except\nclause in the current stack frame or in an older stack frame."
sys	excepthook	"Handle an exception by displaying it with a traceback on sys.stderr."
sys	exception	"Return the current exception.\n\nReturn the most recent exception caught by an except clause\nin the current stack frame or in an older stack frame, or None\nif no such exception exists."
sys	exit	"Exit the interpreter by raising SystemExit(status).\n\nIf the status is omitted or None, it defaults to zero (i.e., success).\nIf the status is an integer, it will be used as the system exit status.\nIf it is another kind of object, it will be printed and the system\nexit status will be one (i.e., failure)."
sys	get_asyncgen_hooks	"Return the installed asynchronous generators hooks.\n\nThis returns a namedtuple of the form (firstiter, finalizer)."
sys	get_coroutine_origin_tracking_depth	"Check status of origin tracking for coroutine objects in this thread."
sys	get_int_max_str_digits	"Return the maximum string digits limit for non-binary int<->str conversions."
sys	getallocatedblocks	"Return the number of memory blocks currently allocated."
sys	getdefaultencoding	"Return the current default encoding used by the Unicode implementation."
sys	getdlopenflags	"Return the current value of the flags that are used for dlopen calls.\n\nThe flag constants are defined in the os module."
sys	getfilesystemencodeerrors	"Return the error mode used Unicode to OS filename conversion."
sys	getfilesystemencoding	"Return the encoding used to convert Unicode filenames to OS filenames."
sys	getprofile	"Return the profiling function set with sys.setprofile.\n\nSee the profiler chapter in the library manual."
sys	getrecursionlimit	"Return the current value of the recursion limit.\n\nThe recursion limit is the maximum depth of the Python interpreter\nstack.  This limit prevents infinite recursion from causing an overflow\nof the C stack and crashing Python."
sys	getrefcount	"Return the reference count of object.\n\nThe count returned is generally one higher than you might expect,\nbecause it includes the (temporary) reference as an argument to\ngetrefcount()."
sys	getsizeof	"getsizeof(object [, default]) -> int\n\nReturn the size of object in bytes."
sys	getswitchinterval	"Return the current thread switch interval; see sys.setswitchinterval()."
sys	gettrace	"Return the global debug tracing function set with sys.settrace.\n\nSee the debugger chapter in the library manual."
sys	getunicodeinternedsize	"Return the number of elements of the unicode interned dictionary"
sys	intern	"``Intern'' the given string.\n\nThis enters the string in the (global) table of interned strings whose\npurpose is to speed up dictionary lookups. Return the string itself or\nthe previously interned string object with the same value."
sys	is_finalizing	"Return True if Python is exiting."
sys	is_stack_trampoline_active	"Return *True* if a stack profiler trampoline is active."
sys	set_asyncgen_hooks	"set_asyncgen_hooks([firstiter] [, finalizer])\n\nSet a finalizer for async generators objects."
sys	set_coroutine_origin_tracking_depth	"Enable or disable origin tracking for coroutine objects in this thread.\n\nCoroutine objects will track 'depth' frames of traceback information\nabout where they came from, available in their cr_origin attribute.\n\nSet a depth of 0 to disable."
sys	set_int_max_str_digits	"Set the maximum string digits limit for non-binary int<->str conversions."
sys	setdlopenflags	"Set the flags used by the interpreter for dlopen calls.\n\nThis is used, for example, when the interpreter loads extension\nmodules. Among other things, this will enable a lazy resolving of\nsymbols when importing a module, if called as sys.setdlopenflags(0).\nTo share symbols across extension modules, call as\nsys.setdlopenflags(os.RTLD_GLOBAL).  Symbolic names for the flag\nmodules can be found in the os module (RTLD_xxx constants, e.g.\nos.RTLD_LAZY)."
sys	setprofile	"Set the profiling function.\n\nIt will be called on each function call and return.  See the profiler\nchapter in the library manual."
sys	setrecursionlimit	"Set the maximum depth of the Python interpreter stack to n.\n\nThis limit prevents infinite recursion from causing an overflow of the C\nstack and crashing Python.  The highest possible limit is platform-\ndependent."
sys	setswitchinterval	"Set the ideal thread switching delay inside the Python interpreter.\n\nThe actual frequency of switching threads can be lower if the\ninterpreter executes long sequences of uninterruptible code\n(this is implementation-specific and workload-dependent).\n\nThe parameter must represent the desired switching delay in seconds\nA typical value is 0.005 (5 milliseconds)."
sys	settrace	"Set the global debug tracing function.\n\nIt will be called on each function call.  See the debugger chapter\nin the library manual."
sys	unraisablehook	"Handle an unraisable exception.\n\nThe unraisable argument has the following attributes:\n\n* exc_type: Exception type.\n* exc_value: Exception value, can be None.\n* exc_traceback: Exception traceback, can be None.\n* err_msg: Error message, can be None.\n* object: Object causing the exception, can be None."
tarfile	TarFile.fileobject	null
tarfile	TarFile.tarinfo	"Informational class which holds the details about an\narchive member given by a tar header block.\nTarInfo objects are returned by TarFile.getmember(),\nTarFile.getmembers() and TarFile.gettarinfo() and are\nusually created internally.\n"
tarfile	TarInfo._link_target	null
tarfile	TarInfo._sparse_structs	null
tarfile	TarInfo._tarfile	null
tarfile	TarInfo.chksum	null
tarfile	TarInfo.devmajor	null
tarfile	TarInfo.devminor	null
tarfile	TarInfo.gid	null
tarfile	TarInfo.gname	null
tarfile	TarInfo.linkname	null
tarfile	TarInfo.mode	null
tarfile	TarInfo.mtime	null
tarfile	TarInfo.name	null
tarfile	TarInfo.offset	null
tarfile	TarInfo.offset_data	null
tarfile	TarInfo.pax_headers	null
tarfile	TarInfo.size	null
tarfile	TarInfo.sparse	null
tarfile	TarInfo.type	null
tarfile	TarInfo.uid	null
tarfile	TarInfo.uname	null
tarfile	_Stream._Stream__read	"Return size bytes from stream. If internal buffer is empty,\nread another block from the stream.\n"
tarfile	_Stream._Stream__write	"Write string s to the stream if a whole new block\nis ready to be written.\n"
tarfile	bltn_open	"Open file and return a stream.  Raise OSError upon failure.\n\nfile is either a text or byte string giving the name (and the path\nif the file isn't in the current working directory) of the file to\nbe opened or an integer file descriptor of the file to be\nwrapped. (If a file descriptor is given, it is closed when the\nreturned I/O object is closed, unless closefd is set to False.)\n\nmode is an optional string that specifies the mode in which the file\nis opened. It defaults to 'r' which means open for reading in text\nmode.  Other common values are 'w' for writing (truncating the file if\nit already exists), 'x' for creating and writing to a new file, and\n'a' for appending (which on some Unix systems, means that all writes\nappend to the end of the file regardless of the current seek position).\nIn text mode, if encoding is not specified the encoding used is platform\ndependent: locale.getencoding() is called to get the current locale encoding.\n(For reading and writing raw bytes use binary mode and leave encoding\nunspecified.) The available modes are:\n\n========= ===============================================================\nCharacter Meaning\n--------- ---------------------------------------------------------------\n'r'       open for reading (default)\n'w'       open for writing, truncating the file first\n'x'       create a new file and open it for writing\n'a'       open for writing, appending to the end of the file if it exists\n'b'       binary mode\n't'       text mode (default)\n'+'       open a disk file for updating (reading and writing)\n========= ===============================================================\n\nThe default mode is 'rt' (open for reading text). For binary random\naccess, the mode 'w+b' opens and truncates the file to 0 bytes, while\n'r+b' opens the file without truncation. The 'x' mode implies 'w' and\nraises an `FileExistsError` if the file already exists.\n\nPython distinguishes between files opened in binary and text modes,\neven when the underlying operating system doesn't. Files opened in\nbinary mode (appending 'b' to the mode argument) return contents as\nbytes objects without any decoding. In text mode (the default, or when\n't' is appended to the mode argument), the contents of the file are\nreturned as strings, the bytes having been first decoded using a\nplatform-dependent encoding or using the specified encoding if given.\n\nbuffering is an optional integer used to set the buffering policy.\nPass 0 to switch buffering off (only allowed in binary mode), 1 to select\nline buffering (only usable in text mode), and an integer > 1 to indicate\nthe size of a fixed-size chunk buffer.  When no buffering argument is\ngiven, the default buffering policy works as follows:\n\n* Binary files are buffered in fixed-size chunks; the size of the buffer\n  is chosen using a heuristic trying to determine the underlying device's\n  \"block size\" and falling back on `io.DEFAULT_BUFFER_SIZE`.\n  On many systems, the buffer will typically be 4096 or 8192 bytes long.\n\n* \"Interactive\" text files (files for which isatty() returns True)\n  use line buffering.  Other text files use the policy described above\n  for binary files.\n\nencoding is the name of the encoding used to decode or encode the\nfile. This should only be used in text mode. The default encoding is\nplatform dependent, but any encoding supported by Python can be\npassed.  See the codecs module for the list of supported encodings.\n\nerrors is an optional string that specifies how encoding errors are to\nbe handled---this argument should not be used in binary mode. Pass\n'strict' to raise a ValueError exception if there is an encoding error\n(the default of None has the same effect), or pass 'ignore' to ignore\nerrors. (Note that ignoring encoding errors can lead to data loss.)\nSee the documentation for codecs.register or run 'help(codecs.Codec)'\nfor a list of the permitted encoding error strings.\n\nnewline controls how universal newlines works (it only applies to text\nmode). It can be None, '', '\\n', '\\r', and '\\r\\n'.  It works as\nfollows:\n\n* On input, if newline is None, universal newlines mode is\n  enabled. Lines in the input can end in '\\n', '\\r', or '\\r\\n', and\n  these are translated into '\\n' before being returned to the\n  caller. If it is '', universal newline mode is enabled, but line\n  endings are returned to the caller untranslated. If it has any of\n  the other legal values, input lines are only terminated by the given\n  string, and the line ending is returned to the caller untranslated.\n\n* On output, if newline is None, any '\\n' characters written are\n  translated to the system default line separator, os.linesep. If\n  newline is '' or '\\n', no translation takes place. If newline is any\n  of the other legal values, any '\\n' characters written are translated\n  to the given string.\n\nIf closefd is False, the underlying file descriptor will be kept open\nwhen the file is closed. This does not work when a file name is given\nand must be True in that case.\n\nA custom opener can be used by passing a callable as *opener*. The\nunderlying file descriptor for the file object is then obtained by\ncalling *opener* with (*file*, *flags*). *opener* must return an open\nfile descriptor (passing os.open as *opener* results in functionality\nsimilar to passing None).\n\nopen() returns a file object whose type depends on the mode, and\nthrough which the standard file operations such as reading and writing\nare performed. When open() is used to open a file in a text mode ('w',\n'r', 'wt', 'rt', etc.), it returns a TextIOWrapper. When used to open\na file in a binary mode, the returned class varies: in read binary\nmode, it returns a BufferedReader; in write binary and append binary\nmodes, it returns a BufferedWriter, and in read/write mode, it returns\na BufferedRandom.\n\nIt is also possible to use a string or bytearray as a file for both\nreading and writing. For strings StringIO can be used like a file\nopened in a text mode, and for bytes a BytesIO can be used like a file\nopened in a binary mode."
tempfile	_allocate_lock	"Create a new lock object. See help(type(threading.Lock())) for\ninformation about locks."
_thread		"This module provides primitive operations to write multi-threaded programs.\nThe 'threading' module provides a more convenient interface."
_thread	LockType	"A lock object is a synchronization primitive.  To create a lock,\ncall threading.Lock().  Methods are:\n\nacquire() -- lock the lock, possibly blocking until it can be obtained\nrelease() -- unlock of the lock\nlocked() -- test whether the lock is currently locked\n\nA lock is not owned by the thread that locked it; another thread may\nunlock it.  A thread attempting to lock a lock that it has already locked\nwill block until another thread unlocks it.  Deadlocks may ensue."
_thread	LockType._at_fork_reinit	null
_thread	LockType.acquire	"Lock the lock.  Without argument, this blocks if the lock is already\nlocked (even by the same thread), waiting for another thread to release\nthe lock, and return True once the lock is acquired.\nWith an argument, this will only block if the argument is true,\nand the return value reflects whether the lock is acquired.\nThe blocking operation is interruptible."
_thread	LockType.acquire_lock	"An obsolete synonym of acquire()."
_thread	LockType.locked	"Return whether the lock is in the locked state."
_thread	LockType.locked_lock	"An obsolete synonym of locked()."
_thread	LockType.release	"Release the lock, allowing another thread that is blocked waiting for\nthe lock to acquire the lock.  The lock must be in the locked state,\nbut it needn't be locked by the same thread that unlocks it."
_thread	LockType.release_lock	"An obsolete synonym of release()."
_thread	RLock	null
_thread	RLock._acquire_restore	"For internal use by `threading.Condition`."
_thread	RLock._at_fork_reinit	null
_thread	RLock._is_owned	"For internal use by `threading.Condition`."
_thread	RLock._recursion_count	"For internal use by reentrancy checks."
_thread	RLock._release_save	"For internal use by `threading.Condition`."
_thread	RLock.acquire	"Lock the lock.  `blocking` indicates whether we should wait\nfor the lock to be available or not.  If `blocking` is False\nand another thread holds the lock, the method will return False\nimmediately.  If `blocking` is True and another thread holds\nthe lock, the method will wait for the lock to be released,\ntake it and then return True.\n(note: the blocking operation is interruptible.)\n\nIn all other cases, the method will return True immediately.\nPrecisely, if the current thread already holds the lock, its\ninternal counter is simply incremented. If nobody holds the lock,\nthe lock is taken and its internal counter initialized to 1."
_thread	RLock.release	"Release the lock, allowing another thread that is blocked waiting for\nthe lock to acquire the lock.  The lock must be in the locked state,\nand must be locked by the same thread that unlocks it; otherwise a\n`RuntimeError` is raised.\n\nDo note that if the lock was acquire()d several times in a row by the\ncurrent thread, release() needs to be called as many times for the lock\nto be available for other threads."
_thread	_ExceptHookArgs	"ExceptHookArgs\n\nType used to pass arguments to threading.excepthook."
_thread	_ExceptHookArgs.exc_traceback	"Exception traceback"
_thread	_ExceptHookArgs.exc_type	"Exception type"
_thread	_ExceptHookArgs.exc_value	"Exception value"
_thread	_ExceptHookArgs.thread	"Thread"
_thread	_ThreadHandle	null
_thread	_ThreadHandle._set_done	null
_thread	_ThreadHandle.ident	null
_thread	_ThreadHandle.is_done	null
_thread	_ThreadHandle.join	null
_thread	_count	"Return the number of currently running Python threads, excluding\nthe main thread. The returned number comprises all threads created\nthrough `start_new_thread()` as well as `threading.Thread`, and not\nyet finished.\n\nThis function is meant for internal and specialized purposes only.\nIn most applications `threading.enumerate()` should be used instead."
_thread	_excepthook	"Handle uncaught Thread.run() exception."
_thread	_get_main_thread_ident	"Internal only. Return a non-zero integer that uniquely identifies the main thread\nof the main interpreter."
_thread	_is_main_interpreter	"Return True if the current interpreter is the main Python interpreter."
_thread	_local	"Thread-local data"
_thread	_make_thread_handle	"Internal only. Make a thread handle for threads not spawned\nby the _thread or threading module."
_thread	_shutdown	"Wait for all non-daemon threads (other than the calling thread) to stop."
_thread	allocate	"An obsolete synonym of allocate_lock()."
_thread	allocate_lock	"Create a new lock object. See help(type(threading.Lock())) for\ninformation about locks."
_thread	daemon_threads_allowed	"Return True if daemon threads are allowed in the current interpreter,\nand False otherwise.\n"
_thread	exit	"This is synonymous to ``raise SystemExit''.  It will cause the current\nthread to exit silently unless the exception is caught."
_thread	exit_thread	"An obsolete synonym of exit()."
_thread	get_ident	"Return a non-zero integer that uniquely identifies the current thread\namongst other threads that exist simultaneously.\nThis may be used to identify per-thread resources.\nEven though on some platforms threads identities may appear to be\nallocated consecutive numbers starting at 1, this behavior should not\nbe relied upon, and the number should be seen purely as a magic cookie.\nA thread's identity may be reused for another thread after it exits."
_thread	get_native_id	"Return a non-negative integer identifying the thread as reported\nby the OS (kernel). This may be used to uniquely identify a\nparticular thread within a system."
_thread	interrupt_main	"Simulate the arrival of the given signal in the main thread,\nwhere the corresponding signal handler will be executed.\nIf *signum* is omitted, SIGINT is assumed.\nA subthread can use this function to interrupt the main thread.\n\nNote: the default signal handler for SIGINT raises ``KeyboardInterrupt``."
_thread	lock	"A lock object is a synchronization primitive.  To create a lock,\ncall threading.Lock().  Methods are:\n\nacquire() -- lock the lock, possibly blocking until it can be obtained\nrelease() -- unlock of the lock\nlocked() -- test whether the lock is currently locked\n\nA lock is not owned by the thread that locked it; another thread may\nunlock it.  A thread attempting to lock a lock that it has already locked\nwill block until another thread unlocks it.  Deadlocks may ensue."
_thread	lock._at_fork_reinit	null
_thread	lock.acquire	"Lock the lock.  Without argument, this blocks if the lock is already\nlocked (even by the same thread), waiting for another thread to release\nthe lock, and return True once the lock is acquired.\nWith an argument, this will only block if the argument is true,\nand the return value reflects whether the lock is acquired.\nThe blocking operation is interruptible."
_thread	lock.acquire_lock	"An obsolete synonym of acquire()."
_thread	lock.locked	"Return whether the lock is in the locked state."
_thread	lock.locked_lock	"An obsolete synonym of locked()."
_thread	lock.release	"Release the lock, allowing another thread that is blocked waiting for\nthe lock to acquire the lock.  The lock must be in the locked state,\nbut it needn't be locked by the same thread that unlocks it."
_thread	lock.release_lock	"An obsolete synonym of release()."
_thread	stack_size	"Return the thread stack size used when creating new threads.  The\noptional size argument specifies the stack size (in bytes) to be used\nfor subsequently created threads, and must be 0 (use platform or\nconfigured default) or a positive integer value of at least 32,768 (32k).\nIf changing the thread stack size is unsupported, a ThreadError\nexception is raised.  If the specified size is invalid, a ValueError\nexception is raised, and the stack size is unmodified.  32k bytes\n currently the minimum supported stack size value to guarantee\nsufficient stack space for the interpreter itself.\n\nNote that some platforms may have particular restrictions on values for\nthe stack size, such as requiring a minimum stack size larger than 32 KiB or\nrequiring allocation in multiples of the system memory page size\n- platform documentation should be referred to for more information\n(4 KiB pages are common; using multiples of 4096 for the stack size is\nthe suggested approach in the absence of more specific information)."
_thread	start_joinable_thread	"*For internal use only*: start a new thread.\n\nLike start_new_thread(), this starts a new thread calling the given function.\nUnlike start_new_thread(), this returns a handle object with methods to join\nor detach the given thread.\nThis function is not for third-party code, please use the\n`threading` module instead. During finalization the runtime will not wait for\nthe thread to exit if daemon is True. If handle is provided it must be a\nnewly created thread._ThreadHandle instance."
_thread	start_new	"An obsolete synonym of start_new_thread()."
_thread	start_new_thread	"Start a new thread and return its identifier.\n\nThe thread will call the function with positional arguments from the\ntuple args and keyword arguments taken from the optional dictionary\nkwargs.  The thread exits when the function returns; the return value\nis ignored.  The thread will also exit when the function raises an\nunhandled exception; a stack trace will be printed unless the exception\nis SystemExit."
threading	ExceptHookArgs	"ExceptHookArgs\n\nType used to pass arguments to threading.excepthook."
threading	ExceptHookArgs.exc_traceback	"Exception traceback"
threading	ExceptHookArgs.exc_type	"Exception type"
threading	ExceptHookArgs.exc_value	"Exception value"
threading	ExceptHookArgs.thread	"Thread"
threading	Lock	"A lock object is a synchronization primitive.  To create a lock,\ncall threading.Lock().  Methods are:\n\nacquire() -- lock the lock, possibly blocking until it can be obtained\nrelease() -- unlock of the lock\nlocked() -- test whether the lock is currently locked\n\nA lock is not owned by the thread that locked it; another thread may\nunlock it.  A thread attempting to lock a lock that it has already locked\nwill block until another thread unlocks it.  Deadlocks may ensue."
threading	Lock._at_fork_reinit	null
threading	Lock.acquire	"Lock the lock.  Without argument, this blocks if the lock is already\nlocked (even by the same thread), waiting for another thread to release\nthe lock, and return True once the lock is acquired.\nWith an argument, this will only block if the argument is true,\nand the return value reflects whether the lock is acquired.\nThe blocking operation is interruptible."
threading	Lock.acquire_lock	"An obsolete synonym of acquire()."
threading	Lock.locked	"Return whether the lock is in the locked state."
threading	Lock.locked_lock	"An obsolete synonym of locked()."
threading	Lock.release	"Release the lock, allowing another thread that is blocked waiting for\nthe lock to acquire the lock.  The lock must be in the locked state,\nbut it needn't be locked by the same thread that unlocks it."
threading	Lock.release_lock	"An obsolete synonym of release()."
threading	_CRLock	null
threading	_CRLock._acquire_restore	"For internal use by `threading.Condition`."
threading	_CRLock._at_fork_reinit	null
threading	_CRLock._is_owned	"For internal use by `threading.Condition`."
threading	_CRLock._recursion_count	"For internal use by reentrancy checks."
threading	_CRLock._release_save	"For internal use by `threading.Condition`."
threading	_CRLock.acquire	"Lock the lock.  `blocking` indicates whether we should wait\nfor the lock to be available or not.  If `blocking` is False\nand another thread holds the lock, the method will return False\nimmediately.  If `blocking` is True and another thread holds\nthe lock, the method will wait for the lock to be released,\ntake it and then return True.\n(note: the blocking operation is interruptible.)\n\nIn all other cases, the method will return True immediately.\nPrecisely, if the current thread already holds the lock, its\ninternal counter is simply incremented. If nobody holds the lock,\nthe lock is taken and its internal counter initialized to 1."
threading	_CRLock.release	"Release the lock, allowing another thread that is blocked waiting for\nthe lock to acquire the lock.  The lock must be in the locked state,\nand must be locked by the same thread that unlocks it; otherwise a\n`RuntimeError` is raised.\n\nDo note that if the lock was acquire()d several times in a row by the\ncurrent thread, release() needs to be called as many times for the lock\nto be available for other threads."
threading	_LockType	"A lock object is a synchronization primitive.  To create a lock,\ncall threading.Lock().  Methods are:\n\nacquire() -- lock the lock, possibly blocking until it can be obtained\nrelease() -- unlock of the lock\nlocked() -- test whether the lock is currently locked\n\nA lock is not owned by the thread that locked it; another thread may\nunlock it.  A thread attempting to lock a lock that it has already locked\nwill block until another thread unlocks it.  Deadlocks may ensue."
threading	_LockType._at_fork_reinit	null
threading	_LockType.acquire	"Lock the lock.  Without argument, this blocks if the lock is already\nlocked (even by the same thread), waiting for another thread to release\nthe lock, and return True once the lock is acquired.\nWith an argument, this will only block if the argument is true,\nand the return value reflects whether the lock is acquired.\nThe blocking operation is interruptible."
threading	_LockType.acquire_lock	"An obsolete synonym of acquire()."
threading	_LockType.locked	"Return whether the lock is in the locked state."
threading	_LockType.locked_lock	"An obsolete synonym of locked()."
threading	_LockType.release	"Release the lock, allowing another thread that is blocked waiting for\nthe lock to acquire the lock.  The lock must be in the locked state,\nbut it needn't be locked by the same thread that unlocks it."
threading	_LockType.release_lock	"An obsolete synonym of release()."
threading	_PyRLock	"This class implements reentrant lock objects.\n\nA reentrant lock must be released by the thread that acquired it. Once a\nthread has acquired a reentrant lock, the same thread may acquire it\nagain without blocking; the thread must release it once for each time it\nhas acquired it.\n\n"
threading	_PyRLock._acquire_restore	null
threading	_PyRLock._at_fork_reinit	null
threading	_PyRLock._is_owned	null
threading	_PyRLock._recursion_count	null
threading	_PyRLock._release_save	null
threading	_PyRLock.acquire	"Acquire a lock, blocking or non-blocking.\n\nWhen invoked without arguments: if this thread already owns the lock,\nincrement the recursion level by one, and return immediately. Otherwise,\nif another thread owns the lock, block until the lock is unlocked. Once\nthe lock is unlocked (not owned by any thread), then grab ownership, set\nthe recursion level to one, and return. If more than one thread is\nblocked waiting until the lock is unlocked, only one at a time will be\nable to grab ownership of the lock. There is no return value in this\ncase.\n\nWhen invoked with the blocking argument set to true, do the same thing\nas when called without arguments, and return true.\n\nWhen invoked with the blocking argument set to false, do not block. If a\ncall without an argument would block, return false immediately;\notherwise, do the same thing as when called without arguments, and\nreturn true.\n\nWhen invoked with the floating-point timeout argument set to a positive\nvalue, block for at most the number of seconds specified by timeout\nand as long as the lock cannot be acquired.  Return true if the lock has\nbeen acquired, false if the timeout has elapsed.\n\n"
threading	_PyRLock.release	"Release a lock, decrementing the recursion level.\n\nIf after the decrement it is zero, reset the lock to unlocked (not owned\nby any thread), and if any other threads are blocked waiting for the\nlock to become unlocked, allow exactly one of them to proceed. If after\nthe decrement the recursion level is still nonzero, the lock remains\nlocked and owned by the calling thread.\n\nOnly call this method when the calling thread owns the lock. A\nRuntimeError is raised if this method is called when the lock is\nunlocked.\n\nThere is no return value.\n\n"
threading	_ThreadHandle	null
threading	_ThreadHandle._set_done	null
threading	_ThreadHandle.ident	null
threading	_ThreadHandle.is_done	null
threading	_ThreadHandle.join	null
threading	__excepthook__	"Handle uncaught Thread.run() exception."
threading	_allocate_lock	"Create a new lock object. See help(type(threading.Lock())) for\ninformation about locks."
threading	_count	"Return a count object whose .__next__() method returns consecutive values.\n\nEquivalent to:\n    def count(firstval=0, step=1):\n        x = firstval\n        while 1:\n            yield x\n            x += step"
threading	_daemon_threads_allowed	"Return True if daemon threads are allowed in the current interpreter,\nand False otherwise.\n"
threading	_get_main_thread_ident	"Internal only. Return a non-zero integer that uniquely identifies the main thread\nof the main interpreter."
threading	_is_main_interpreter	"Return True if the current interpreter is the main Python interpreter."
threading	_make_thread_handle	"Internal only. Make a thread handle for threads not spawned\nby the _thread or threading module."
threading	_start_joinable_thread	"*For internal use only*: start a new thread.\n\nLike start_new_thread(), this starts a new thread calling the given function.\nUnlike start_new_thread(), this returns a handle object with methods to join\nor detach the given thread.\nThis function is not for third-party code, please use the\n`threading` module instead. During finalization the runtime will not wait for\nthe thread to exit if daemon is True. If handle is provided it must be a\nnewly created thread._ThreadHandle instance."
threading	_thread_shutdown	"Wait for all non-daemon threads (other than the calling thread) to stop."
threading	_time	"monotonic() -> float\n\nMonotonic clock, cannot go backward."
threading	excepthook	"Handle uncaught Thread.run() exception."
threading	get_ident	"Return a non-zero integer that uniquely identifies the current thread\namongst other threads that exist simultaneously.\nThis may be used to identify per-thread resources.\nEven though on some platforms threads identities may appear to be\nallocated consecutive numbers starting at 1, this behavior should not\nbe relied upon, and the number should be seen purely as a magic cookie.\nA thread's identity may be reused for another thread after it exits."
threading	get_native_id	"Return a non-negative integer identifying the thread as reported\nby the OS (kernel). This may be used to uniquely identify a\nparticular thread within a system."
threading	local	"Thread-local data"
threading	stack_size	"Return the thread stack size used when creating new threads.  The\noptional size argument specifies the stack size (in bytes) to be used\nfor subsequently created threads, and must be 0 (use platform or\nconfigured default) or a positive integer value of at least 32,768 (32k).\nIf changing the thread stack size is unsupported, a ThreadError\nexception is raised.  If the specified size is invalid, a ValueError\nexception is raised, and the stack size is unmodified.  32k bytes\n currently the minimum supported stack size value to guarantee\nsufficient stack space for the interpreter itself.\n\nNote that some platforms may have particular restrictions on values for\nthe stack size, such as requiring a minimum stack size larger than 32 KiB or\nrequiring allocation in multiples of the system memory page size\n- platform documentation should be referred to for more information\n(4 KiB pages are common; using multiples of 4096 for the stack size is\nthe suggested approach in the absence of more specific information)."
time		"This module provides various functions to manipulate time values.\n\nThere are two standard representations of time.  One is the number\nof seconds since the Epoch, in UTC (a.k.a. GMT).  It may be an integer\nor a floating-point number (to represent fractions of seconds).\nThe epoch is the point where the time starts, the return value of time.gmtime(0).\nIt is January 1, 1970, 00:00:00 (UTC) on all platforms.\n\nThe other representation is a tuple of 9 integers giving local time.\nThe tuple items are:\n  year (including century, e.g. 1998)\n  month (1-12)\n  day (1-31)\n  hours (0-23)\n  minutes (0-59)\n  seconds (0-59)\n  weekday (0-6, Monday is 0)\n  Julian day (day in the year, 1-366)\n  DST (Daylight Savings Time) flag (-1, 0 or 1)\nIf the DST flag is 0, the time is given in the regular time zone;\nif it is 1, the time is given in the DST time zone;\nif it is -1, mktime() should guess based on the date and time.\n"
time	asctime	"asctime([tuple]) -> string\n\nConvert a time tuple to a string, e.g. 'Sat Jun 06 16:26:11 1998'.\nWhen the time tuple is not present, current time as returned by localtime()\nis used."
time	clock_getres	"clock_getres(clk_id) -> floating-point number\n\nReturn the resolution (precision) of the specified clock clk_id."
time	clock_gettime	"Return the time of the specified clock clk_id as a float."
time	clock_gettime_ns	"Return the time of the specified clock clk_id as nanoseconds (int)."
time	clock_settime	"clock_settime(clk_id, time)\n\nSet the time of the specified clock clk_id."
time	clock_settime_ns	"clock_settime_ns(clk_id, time)\n\nSet the time of the specified clock clk_id with nanoseconds."
time	ctime	"ctime(seconds) -> string\n\nConvert a time in seconds since the Epoch to a string in local time.\nThis is equivalent to asctime(localtime(seconds)). When the time tuple is\nnot present, current time as returned by localtime() is used."
time	get_clock_info	"get_clock_info(name: str) -> dict\n\nGet information of the specified clock."
time	gmtime	"gmtime([seconds]) -> (tm_year, tm_mon, tm_mday, tm_hour, tm_min,\n                       tm_sec, tm_wday, tm_yday, tm_isdst)\n\nConvert seconds since the Epoch to a time tuple expressing UTC (a.k.a.\nGMT).  When 'seconds' is not passed in, convert the current time instead.\n\nIf the platform supports the tm_gmtoff and tm_zone, they are available as\nattributes only."
time	localtime	"localtime([seconds]) -> (tm_year,tm_mon,tm_mday,tm_hour,tm_min,\n                          tm_sec,tm_wday,tm_yday,tm_isdst)\n\nConvert seconds since the Epoch to a time tuple expressing local time.\nWhen 'seconds' is not passed in, convert the current time instead."
time	mktime	"mktime(tuple) -> floating-point number\n\nConvert a time tuple in local time to seconds since the Epoch.\nNote that mktime(gmtime(0)) will not generally return zero for most\ntime zones; instead the returned value will either be equal to that\nof the timezone or altzone attributes on the time module."
time	monotonic	"monotonic() -> float\n\nMonotonic clock, cannot go backward."
time	monotonic_ns	"monotonic_ns() -> int\n\nMonotonic clock, cannot go backward, as nanoseconds."
time	perf_counter	"perf_counter() -> float\n\nPerformance counter for benchmarking."
time	perf_counter_ns	"perf_counter_ns() -> int\n\nPerformance counter for benchmarking as nanoseconds."
time	process_time	"process_time() -> float\n\nProcess time for profiling: sum of the kernel and user-space CPU time."
time	process_time_ns	"process_time() -> int\n\nProcess time for profiling as nanoseconds:\nsum of the kernel and user-space CPU time."
time	pthread_getcpuclockid	"pthread_getcpuclockid(thread_id) -> int\n\nReturn the clk_id of a thread's CPU time clock."
time	sleep	"sleep(seconds)\n\nDelay execution for a given number of seconds.  The argument may be\na floating-point number for subsecond precision."
time	strftime	"strftime(format[, tuple]) -> string\n\nConvert a time tuple to a string according to a format specification.\nSee the library reference manual for formatting codes. When the time tuple\nis not present, current time as returned by localtime() is used.\n\nCommonly used format codes:\n\n%Y  Year with century as a decimal number.\n%m  Month as a decimal number [01,12].\n%d  Day of the month as a decimal number [01,31].\n%H  Hour (24-hour clock) as a decimal number [00,23].\n%M  Minute as a decimal number [00,59].\n%S  Second as a decimal number [00,61].\n%z  Time zone offset from UTC.\n%a  Locale's abbreviated weekday name.\n%A  Locale's full weekday name.\n%b  Locale's abbreviated month name.\n%B  Locale's full month name.\n%c  Locale's appropriate date and time representation.\n%I  Hour (12-hour clock) as a decimal number [01,12].\n%p  Locale's equivalent of either AM or PM.\n\nOther codes may be available on your platform.  See documentation for\nthe C library strftime function.\n"
time	strptime	"strptime(string, format) -> struct_time\n\nParse a string to a time tuple according to a format specification.\nSee the library reference manual for formatting codes (same as\nstrftime()).\n\nCommonly used format codes:\n\n%Y  Year with century as a decimal number.\n%m  Month as a decimal number [01,12].\n%d  Day of the month as a decimal number [01,31].\n%H  Hour (24-hour clock) as a decimal number [00,23].\n%M  Minute as a decimal number [00,59].\n%S  Second as a decimal number [00,61].\n%z  Time zone offset from UTC.\n%a  Locale's abbreviated weekday name.\n%A  Locale's full weekday name.\n%b  Locale's abbreviated month name.\n%B  Locale's full month name.\n%c  Locale's appropriate date and time representation.\n%I  Hour (12-hour clock) as a decimal number [01,12].\n%p  Locale's equivalent of either AM or PM.\n\nOther codes may be available on your platform.  See documentation for\nthe C library strftime function.\n"
time	struct_time	"The time value as returned by gmtime(), localtime(), and strptime(), and\n accepted by asctime(), mktime() and strftime().  May be considered as a\n sequence of 9 integers.\n\n Note that several fields' values are not the same as those defined by\n the C language standard for struct tm.  For example, the value of the\n field tm_year is the actual year, not year - 1900.  See individual\n fields' descriptions for details."
time	struct_time.tm_gmtoff	"offset from UTC in seconds"
time	struct_time.tm_hour	"hours, range [0, 23]"
time	struct_time.tm_isdst	"1 if summer time is in effect, 0 if not, and -1 if unknown"
time	struct_time.tm_mday	"day of month, range [1, 31]"
time	struct_time.tm_min	"minutes, range [0, 59]"
time	struct_time.tm_mon	"month of year, range [1, 12]"
time	struct_time.tm_sec	"seconds, range [0, 61])"
time	struct_time.tm_wday	"day of week, range [0, 6], Monday is 0"
time	struct_time.tm_yday	"day of year, range [1, 366]"
time	struct_time.tm_year	"year, for example, 1993"
time	struct_time.tm_zone	"abbreviation of timezone name"
time	thread_time	"thread_time() -> float\n\nThread time for profiling: sum of the kernel and user-space CPU time."
time	thread_time_ns	"thread_time() -> int\n\nThread time for profiling as nanoseconds:\nsum of the kernel and user-space CPU time."
time	time	"time() -> floating-point number\n\nReturn the current time in seconds since the Epoch.\nFractions of a second may be present if the system clock provides them."
time	time_ns	"time_ns() -> int\n\nReturn the current time in nanoseconds since the Epoch."
time	tzset	"tzset()\n\nInitialize, or reinitialize, the local timezone to the value stored in\nos.environ['TZ']. The TZ environment variable should be specified in\nstandard Unix timezone format as documented in the tzset man page\n(eg. 'US/Eastern', 'Europe/Amsterdam'). Unknown timezones will silently\nfall back to UTC. If the TZ environment variable is not set, the local\ntimezone is set to the systems best guess of wallclock time.\nChanging the TZ environment variable without calling tzset *may* change\nthe local timezone used by methods such as localtime, but this behaviour\nshould not be relied on."
timeit	_globals	"Return the dictionary containing the current scope's global variables.\n\nNOTE: Updates to this dictionary *will* affect name lookups in the current\nglobal scope and vice-versa."
timeit	default_timer	"perf_counter() -> float\n\nPerformance counter for benchmarking."
_tokenize		null
_tokenize	TokenizerIter	null
tokenize	ISEOF	null
tokenize	ISNONTERMINAL	null
tokenize	ISTERMINAL	null
tokenize	TextIOWrapper	"Character and line based layer over a BufferedIOBase object, buffer.\n\nencoding gives the name of the encoding that the stream will be\ndecoded or encoded with. It defaults to locale.getencoding().\n\nerrors determines the strictness of encoding and decoding (see\nhelp(codecs.Codec) or the documentation for codecs.register) and\ndefaults to \"strict\".\n\nnewline controls how line endings are handled. It can be None, '',\n'\\n', '\\r', and '\\r\\n'.  It works as follows:\n\n* On input, if newline is None, universal newlines mode is\n  enabled. Lines in the input can end in '\\n', '\\r', or '\\r\\n', and\n  these are translated into '\\n' before being returned to the\n  caller. If it is '', universal newline mode is enabled, but line\n  endings are returned to the caller untranslated. If it has any of\n  the other legal values, input lines are only terminated by the given\n  string, and the line ending is returned to the caller untranslated.\n\n* On output, if newline is None, any '\\n' characters written are\n  translated to the system default line separator, os.linesep. If\n  newline is '' or '\\n', no translation takes place. If newline is any\n  of the other legal values, any '\\n' characters written are translated\n  to the given string.\n\nIf line_buffering is True, a call to flush is implied when a call to\nwrite contains a newline character."
tokenize	TextIOWrapper._CHUNK_SIZE	null
tokenize	TextIOWrapper._finalizing	null
tokenize	TextIOWrapper.buffer	null
tokenize	TextIOWrapper.close	null
tokenize	TextIOWrapper.closed	null
tokenize	TextIOWrapper.detach	null
tokenize	TextIOWrapper.encoding	null
tokenize	TextIOWrapper.errors	null
tokenize	TextIOWrapper.fileno	null
tokenize	TextIOWrapper.flush	null
tokenize	TextIOWrapper.isatty	null
tokenize	TextIOWrapper.line_buffering	null
tokenize	TextIOWrapper.name	null
tokenize	TextIOWrapper.newlines	null
tokenize	TextIOWrapper.read	null
tokenize	TextIOWrapper.readable	null
tokenize	TextIOWrapper.readline	null
tokenize	TextIOWrapper.reconfigure	"Reconfigure the text stream with new parameters.\n\nThis also does an implicit stream flush."
tokenize	TextIOWrapper.seek	"Set the stream position, and return the new stream position.\n\n  cookie\n    Zero or an opaque number returned by tell().\n  whence\n    The relative position to seek from.\n\nFour operations are supported, given by the following argument\ncombinations:\n\n- seek(0, SEEK_SET): Rewind to the start of the stream.\n- seek(cookie, SEEK_SET): Restore a previous position;\n  'cookie' must be a number returned by tell().\n- seek(0, SEEK_END): Fast-forward to the end of the stream.\n- seek(0, SEEK_CUR): Leave the current stream position unchanged.\n\nAny other argument combinations are invalid,\nand may raise exceptions."
tokenize	TextIOWrapper.seekable	null
tokenize	TextIOWrapper.tell	"Return the stream position as an opaque number.\n\nThe return value of tell() can be given as input to seek(), to restore a\nprevious stream position."
tokenize	TextIOWrapper.truncate	null
tokenize	TextIOWrapper.writable	null
tokenize	TextIOWrapper.write	null
tokenize	TextIOWrapper.write_through	null
tokenize	_builtin_open	"Open file and return a stream.  Raise OSError upon failure.\n\nfile is either a text or byte string giving the name (and the path\nif the file isn't in the current working directory) of the file to\nbe opened or an integer file descriptor of the file to be\nwrapped. (If a file descriptor is given, it is closed when the\nreturned I/O object is closed, unless closefd is set to False.)\n\nmode is an optional string that specifies the mode in which the file\nis opened. It defaults to 'r' which means open for reading in text\nmode.  Other common values are 'w' for writing (truncating the file if\nit already exists), 'x' for creating and writing to a new file, and\n'a' for appending (which on some Unix systems, means that all writes\nappend to the end of the file regardless of the current seek position).\nIn text mode, if encoding is not specified the encoding used is platform\ndependent: locale.getencoding() is called to get the current locale encoding.\n(For reading and writing raw bytes use binary mode and leave encoding\nunspecified.) The available modes are:\n\n========= ===============================================================\nCharacter Meaning\n--------- ---------------------------------------------------------------\n'r'       open for reading (default)\n'w'       open for writing, truncating the file first\n'x'       create a new file and open it for writing\n'a'       open for writing, appending to the end of the file if it exists\n'b'       binary mode\n't'       text mode (default)\n'+'       open a disk file for updating (reading and writing)\n========= ===============================================================\n\nThe default mode is 'rt' (open for reading text). For binary random\naccess, the mode 'w+b' opens and truncates the file to 0 bytes, while\n'r+b' opens the file without truncation. The 'x' mode implies 'w' and\nraises an `FileExistsError` if the file already exists.\n\nPython distinguishes between files opened in binary and text modes,\neven when the underlying operating system doesn't. Files opened in\nbinary mode (appending 'b' to the mode argument) return contents as\nbytes objects without any decoding. In text mode (the default, or when\n't' is appended to the mode argument), the contents of the file are\nreturned as strings, the bytes having been first decoded using a\nplatform-dependent encoding or using the specified encoding if given.\n\nbuffering is an optional integer used to set the buffering policy.\nPass 0 to switch buffering off (only allowed in binary mode), 1 to select\nline buffering (only usable in text mode), and an integer > 1 to indicate\nthe size of a fixed-size chunk buffer.  When no buffering argument is\ngiven, the default buffering policy works as follows:\n\n* Binary files are buffered in fixed-size chunks; the size of the buffer\n  is chosen using a heuristic trying to determine the underlying device's\n  \"block size\" and falling back on `io.DEFAULT_BUFFER_SIZE`.\n  On many systems, the buffer will typically be 4096 or 8192 bytes long.\n\n* \"Interactive\" text files (files for which isatty() returns True)\n  use line buffering.  Other text files use the policy described above\n  for binary files.\n\nencoding is the name of the encoding used to decode or encode the\nfile. This should only be used in text mode. The default encoding is\nplatform dependent, but any encoding supported by Python can be\npassed.  See the codecs module for the list of supported encodings.\n\nerrors is an optional string that specifies how encoding errors are to\nbe handled---this argument should not be used in binary mode. Pass\n'strict' to raise a ValueError exception if there is an encoding error\n(the default of None has the same effect), or pass 'ignore' to ignore\nerrors. (Note that ignoring encoding errors can lead to data loss.)\nSee the documentation for codecs.register or run 'help(codecs.Codec)'\nfor a list of the permitted encoding error strings.\n\nnewline controls how universal newlines works (it only applies to text\nmode). It can be None, '', '\\n', '\\r', and '\\r\\n'.  It works as\nfollows:\n\n* On input, if newline is None, universal newlines mode is\n  enabled. Lines in the input can end in '\\n', '\\r', or '\\r\\n', and\n  these are translated into '\\n' before being returned to the\n  caller. If it is '', universal newline mode is enabled, but line\n  endings are returned to the caller untranslated. If it has any of\n  the other legal values, input lines are only terminated by the given\n  string, and the line ending is returned to the caller untranslated.\n\n* On output, if newline is None, any '\\n' characters written are\n  translated to the system default line separator, os.linesep. If\n  newline is '' or '\\n', no translation takes place. If newline is any\n  of the other legal values, any '\\n' characters written are translated\n  to the given string.\n\nIf closefd is False, the underlying file descriptor will be kept open\nwhen the file is closed. This does not work when a file name is given\nand must be True in that case.\n\nA custom opener can be used by passing a callable as *opener*. The\nunderlying file descriptor for the file object is then obtained by\ncalling *opener* with (*file*, *flags*). *opener* must return an open\nfile descriptor (passing os.open as *opener* results in functionality\nsimilar to passing None).\n\nopen() returns a file object whose type depends on the mode, and\nthrough which the standard file operations such as reading and writing\nare performed. When open() is used to open a file in a text mode ('w',\n'r', 'wt', 'rt', etc.), it returns a TextIOWrapper. When used to open\na file in a binary mode, the returned class varies: in read binary\nmode, it returns a BufferedReader; in write binary and append binary\nmodes, it returns a BufferedWriter, and in read/write mode, it returns\na BufferedRandom.\n\nIt is also possible to use a string or bytearray as a file for both\nreading and writing. For strings StringIO can be used like a file\nopened in a text mode, and for bytes a BytesIO can be used like a file\nopened in a binary mode."
tokenize	lookup	"Looks up a codec tuple in the Python codec registry and returns a CodecInfo object."
tomllib	TOMLDecodeError	"An error raised if a document is not valid TOML."
tomllib	load	"Parse TOML from a binary file object."
tomllib	loads	"Parse TOML from a string."
tomllib._parser	NamedTuple	"Typed version of namedtuple.\n\nUsage::\n\n    class Employee(NamedTuple):\n        name: str\n        id: int\n\nThis is equivalent to::\n\n    Employee = collections.namedtuple('Employee', ['name', 'id'])\n\nThe resulting class has an extra __annotations__ attribute, giving a\ndict that maps field names to types.  (The field names are also in\nthe _fields attribute, which is part of the namedtuple API.)\nAn alternative equivalent functional syntax is also accepted::\n\n    Employee = NamedTuple('Employee', [('name', str), ('id', int)])\n"
tomllib._parser	Output	"Output(data, flags)"
tomllib._parser	Output._asdict	"Return a new dict which maps field names to their values."
tomllib._parser	Output._make	null
tomllib._parser	Output._replace	"Return a new Output object replacing specified fields with new values"
tomllib._parser	match_to_datetime	"Convert a `RE_DATETIME` match to `datetime.datetime` or `datetime.date`.\n\nRaises ValueError if the match does not correspond to a valid date\nor datetime.\n"
tomllib._parser	match_to_localtime	null
tomllib._parser	match_to_number	null
tomllib._re	lru_cache	"Least-recently-used cache decorator.\n\nIf *maxsize* is set to None, the LRU features are disabled and the cache\ncan grow without bound.\n\nIf *typed* is True, arguments of different types will be cached separately.\nFor example, f(decimal.Decimal(\"3.0\")) and f(3.0) will be treated as\ndistinct calls with distinct results. Some types such as str and int may\nbe cached separately even when typed is false.\n\nArguments to the cached function must be hashable.\n\nView the cache statistics named tuple (hits, misses, maxsize, currsize)\nwith f.cache_info().  Clear the cache and statistics with f.cache_clear().\nAccess the underlying function with f.__wrapped__.\n\nSee:  https://en.wikipedia.org/wiki/Cache_replacement_policies#Least_recently_used_(LRU)\n\n"
trace	_time	"monotonic() -> float\n\nMonotonic clock, cannot go backward."
traceback	FrameSummary._code	null
traceback	FrameSummary._lines	null
traceback	FrameSummary._lines_dedented	null
traceback	FrameSummary.colno	null
traceback	FrameSummary.end_colno	null
traceback	FrameSummary.end_lineno	null
traceback	FrameSummary.filename	null
traceback	FrameSummary.lineno	null
traceback	FrameSummary.locals	null
traceback	FrameSummary.name	null
traceback	_Anchors	"_Anchors(left_end_lineno, left_end_offset, right_start_lineno, right_start_offset, primary_char, secondary_char)"
traceback	_Anchors._asdict	"Return a new dict which maps field names to their values."
traceback	_Anchors._make	null
traceback	_Anchors._replace	"Return a new _Anchors object replacing specified fields with new values"
_tracemalloc		"Debug module to trace memory blocks allocated by Python."
_tracemalloc	_get_object_traceback	"Get the traceback where the Python object obj was allocated.\n\nReturn a tuple of (filename: str, lineno: int) tuples.\nReturn None if the tracemalloc module is disabled or did not\ntrace the allocation of the object."
_tracemalloc	_get_traces	"Get traces of all memory blocks allocated by Python.\n\nReturn a list of (size: int, traceback: tuple) tuples.\ntraceback is a tuple of (filename: str, lineno: int) tuples.\n\nReturn an empty list if the tracemalloc module is disabled."
_tracemalloc	clear_traces	"Clear traces of memory blocks allocated by Python."
_tracemalloc	get_traceback_limit	"Get the maximum number of frames stored in the traceback of a trace.\n\nBy default, a trace of an allocated memory block only stores\nthe most recent frame: the limit is 1."
_tracemalloc	get_traced_memory	"Get the current size and peak size of memory blocks traced by tracemalloc.\n\nReturns a tuple: (current: int, peak: int)."
_tracemalloc	get_tracemalloc_memory	"Get the memory usage in bytes of the tracemalloc module.\n\nThis memory is used internally to trace memory allocations."
_tracemalloc	is_tracing	"Return True if the tracemalloc module is tracing Python memory allocations."
_tracemalloc	reset_peak	"Set the peak size of memory blocks traced by tracemalloc to the current size.\n\nDo nothing if the tracemalloc module is not tracing memory allocations."
_tracemalloc	start	"Start tracing Python memory allocations.\n\nAlso set the maximum number of frames stored in the traceback of a\ntrace to nframe."
_tracemalloc	stop	"Stop tracing Python memory allocations.\n\nAlso clear traces of memory blocks allocated by Python."
tracemalloc	Frame._frame	null
tracemalloc	Statistic.count	null
tracemalloc	Statistic.size	null
tracemalloc	Statistic.traceback	null
tracemalloc	StatisticDiff.count	null
tracemalloc	StatisticDiff.count_diff	null
tracemalloc	StatisticDiff.size	null
tracemalloc	StatisticDiff.size_diff	null
tracemalloc	StatisticDiff.traceback	null
tracemalloc	Trace._trace	null
tracemalloc	Traceback._frames	null
tracemalloc	Traceback._total_nframe	null
tracemalloc	_get_object_traceback	"Get the traceback where the Python object obj was allocated.\n\nReturn a tuple of (filename: str, lineno: int) tuples.\nReturn None if the tracemalloc module is disabled or did not\ntrace the allocation of the object."
tracemalloc	_get_traces	"Get traces of all memory blocks allocated by Python.\n\nReturn a list of (size: int, traceback: tuple) tuples.\ntraceback is a tuple of (filename: str, lineno: int) tuples.\n\nReturn an empty list if the tracemalloc module is disabled."
tracemalloc	clear_traces	"Clear traces of memory blocks allocated by Python."
tracemalloc	get_traceback_limit	"Get the maximum number of frames stored in the traceback of a trace.\n\nBy default, a trace of an allocated memory block only stores\nthe most recent frame: the limit is 1."
tracemalloc	get_traced_memory	"Get the current size and peak size of memory blocks traced by tracemalloc.\n\nReturns a tuple: (current: int, peak: int)."
tracemalloc	get_tracemalloc_memory	"Get the memory usage in bytes of the tracemalloc module.\n\nThis memory is used internally to trace memory allocations."
tracemalloc	is_tracing	"Return True if the tracemalloc module is tracing Python memory allocations."
tracemalloc	reset_peak	"Set the peak size of memory blocks traced by tracemalloc to the current size.\n\nDo nothing if the tracemalloc module is not tracing memory allocations."
tracemalloc	start	"Start tracing Python memory allocations.\n\nAlso set the maximum number of frames stored in the traceback of a\ntrace to nframe."
tracemalloc	stop	"Stop tracing Python memory allocations.\n\nAlso clear traces of memory blocks allocated by Python."
tracemalloc	total_ordering	"Class decorator that fills in missing ordering methods"
types	GenericAlias	"Represent a PEP 585 generic type\n\nE.g. for t = list[int], t.__origin__ is list and t.__args__ is (int,)."
types	SimpleNamespace	"A simple attribute-based namespace."
types	UnionType	"Represent a PEP 604 union type\n\nE.g. for int | str"
types	_GeneratorWrapper.cr_await	null
types	_GeneratorWrapper.cr_code	null
types	_GeneratorWrapper.cr_frame	null
types	_GeneratorWrapper.cr_running	null
typing	Generic	"Abstract base class for generic types.\n\nOn Python 3.12 and newer, generic classes implicitly inherit from\nGeneric when they declare a parameter list after the class's name::\n\n    class Mapping[KT, VT]:\n        def __getitem__(self, key: KT) -> VT:\n            ...\n        # Etc.\n\nOn older versions of Python, however, generic classes have to\nexplicitly inherit from Generic.\n\nAfter a class has been declared to be generic, it can then be used as\nfollows::\n\n    def lookup_name[KT, VT](mapping: Mapping[KT, VT], key: KT, default: VT) -> VT:\n        try:\n            return mapping[key]\n        except KeyError:\n            return default\n"
typing	ParamSpec	"Parameter specification variable.\n\nThe preferred way to construct a parameter specification is via the\ndedicated syntax for generic functions, classes, and type aliases,\nwhere the use of '**' creates a parameter specification::\n\n    type IntFunc[**P] = Callable[P, int]\n\nThe following syntax creates a parameter specification that defaults\nto a callable accepting two positional-only arguments of types int\nand str:\n\n    type IntFuncDefault[**P = (int, str)] = Callable[P, int]\n\nFor compatibility with Python 3.11 and earlier, ParamSpec objects\ncan also be created as follows::\n\n    P = ParamSpec('P')\n    DefaultP = ParamSpec('DefaultP', default=(int, str))\n\nParameter specification variables exist primarily for the benefit of\nstatic type checkers.  They are used to forward the parameter types of\none callable to another callable, a pattern commonly found in\nhigher-order functions and decorators.  They are only valid when used\nin ``Concatenate``, or as the first argument to ``Callable``, or as\nparameters for user-defined Generics. See class Generic for more\ninformation on generic types.\n\nAn example for annotating a decorator::\n\n    def add_logging[**P, T](f: Callable[P, T]) -> Callable[P, T]:\n        '''A type-safe decorator to add logging to a function.'''\n        def inner(*args: P.args, **kwargs: P.kwargs) -> T:\n            logging.info(f'{f.__name__} was called')\n            return f(*args, **kwargs)\n        return inner\n\n    @add_logging\n    def add_two(x: float, y: float) -> float:\n        '''Add two numbers together.'''\n        return x + y\n\nParameter specification variables can be introspected. e.g.::\n\n    >>> P = ParamSpec(\"P\")\n    >>> P.__name__\n    'P'\n\nNote that only parameter specification variables defined in the global\nscope can be pickled.\n"
typing	ParamSpec.args	"Represents positional arguments."
typing	ParamSpec.has_default	null
typing	ParamSpec.kwargs	"Represents keyword arguments."
typing	ParamSpecArgs	"The args for a ParamSpec object.\n\nGiven a ParamSpec object P, P.args is an instance of ParamSpecArgs.\n\nParamSpecArgs objects have a reference back to their ParamSpec::\n\n    >>> P = ParamSpec(\"P\")\n    >>> P.args.__origin__ is P\n    True\n\nThis type is meant for runtime introspection and has no special meaning\nto static type checkers.\n"
typing	ParamSpecKwargs	"The kwargs for a ParamSpec object.\n\nGiven a ParamSpec object P, P.kwargs is an instance of ParamSpecKwargs.\n\nParamSpecKwargs objects have a reference back to their ParamSpec::\n\n    >>> P = ParamSpec(\"P\")\n    >>> P.kwargs.__origin__ is P\n    True\n\nThis type is meant for runtime introspection and has no special meaning\nto static type checkers.\n"
typing	TypeAliasType	"Type alias.\n\nType aliases are created through the type statement::\n\n    type Alias = int\n\nIn this example, Alias and int will be treated equivalently by static\ntype checkers.\n\nAt runtime, Alias is an instance of TypeAliasType. The __name__\nattribute holds the name of the type alias. The value of the type alias\nis stored in the __value__ attribute. It is evaluated lazily, so the\nvalue is computed only if the attribute is accessed.\n\nType aliases can also be generic::\n\n    type ListOrSet[T] = list[T] | set[T]\n\nIn this case, the type parameters of the alias are stored in the\n__type_params__ attribute.\n\nSee PEP 695 for more information.\n"
typing	TypeVar	"Type variable.\n\nThe preferred way to construct a type variable is via the dedicated\nsyntax for generic functions, classes, and type aliases::\n\n    class Sequence[T]:  # T is a TypeVar\n        ...\n\nThis syntax can also be used to create bound and constrained type\nvariables::\n\n    # S is a TypeVar bound to str\n    class StrSequence[S: str]:\n        ...\n\n    # A is a TypeVar constrained to str or bytes\n    class StrOrBytesSequence[A: (str, bytes)]:\n        ...\n\nType variables can also have defaults:\n\n    class IntDefault[T = int]:\n        ...\n\nHowever, if desired, reusable type variables can also be constructed\nmanually, like so::\n\n   T = TypeVar('T')  # Can be anything\n   S = TypeVar('S', bound=str)  # Can be any subtype of str\n   A = TypeVar('A', str, bytes)  # Must be exactly str or bytes\n   D = TypeVar('D', default=int)  # Defaults to int\n\nType variables exist primarily for the benefit of static type\ncheckers.  They serve as the parameters for generic types as well\nas for generic function and type alias definitions.\n\nThe variance of type variables is inferred by type checkers when they\nare created through the type parameter syntax and when\n``infer_variance=True`` is passed. Manually created type variables may\nbe explicitly marked covariant or contravariant by passing\n``covariant=True`` or ``contravariant=True``. By default, manually\ncreated type variables are invariant. See PEP 484 and PEP 695 for more\ndetails.\n"
typing	TypeVar.has_default	null
typing	TypeVarTuple	"Type variable tuple. A specialized form of type variable that enables\nvariadic generics.\n\nThe preferred way to construct a type variable tuple is via the\ndedicated syntax for generic functions, classes, and type aliases,\nwhere a single '*' indicates a type variable tuple::\n\n    def move_first_element_to_last[T, *Ts](tup: tuple[T, *Ts]) -> tuple[*Ts, T]:\n        return (*tup[1:], tup[0])\n\nType variables tuples can have default values:\n\n    type AliasWithDefault[*Ts = (str, int)] = tuple[*Ts]\n\nFor compatibility with Python 3.11 and earlier, TypeVarTuple objects\ncan also be created as follows::\n\n    Ts = TypeVarTuple('Ts')  # Can be given any name\n    DefaultTs = TypeVarTuple('Ts', default=(str, int))\n\nJust as a TypeVar (type variable) is a placeholder for a single type,\na TypeVarTuple is a placeholder for an *arbitrary* number of types. For\nexample, if we define a generic class using a TypeVarTuple::\n\n    class C[*Ts]: ...\n\nThen we can parameterize that class with an arbitrary number of type\narguments::\n\n    C[int]       # Fine\n    C[int, str]  # Also fine\n    C[()]        # Even this is fine\n\nFor more details, see PEP 646.\n\nNote that only TypeVarTuples defined in the global scope can be\npickled.\n"
typing	TypeVarTuple.has_default	null
typing	_NamedTuple	null
typing	_SpecialForm._getitem	null
typing	_SpecialForm._name	null
typing	_TypedDict	null
typing	_abc_instancecheck	"Override for isinstance(instance, cls)."
typing	_abc_subclasscheck	"Override for issubclass(subclass, cls)."
typing	_alias	null
typing	_alias.copy_with	null
typing	_idfunc	null
typing	abstractmethod	"A decorator indicating abstract methods.\n\nRequires that the metaclass is ABCMeta or derived from it.  A\nclass that has a metaclass derived from ABCMeta cannot be\ninstantiated unless all of its abstract methods are overridden.\nThe abstract methods can be called using any of the normal\n'super' call mechanisms.  abstractmethod() may be used to declare\nabstract methods for properties and descriptors.\n\nUsage:\n\n    class C(metaclass=ABCMeta):\n        @abstractmethod\n        def my_abstract_method(self, arg1, arg2, argN):\n            ...\n"
unicodedata		"This module provides access to the Unicode Character Database which\ndefines character properties for all Unicode characters. The data in\nthis database is based on the UnicodeData.txt file version\n15.1.0 which is publicly available from ftp://ftp.unicode.org/.\n\nThe module uses the same names and symbols as defined by the\nUnicodeData File Format 15.1.0."
unicodedata	UCD	null
unicodedata	UCD.bidirectional	"Returns the bidirectional class assigned to the character chr as string.\n\nIf no such value is defined, an empty string is returned."
unicodedata	UCD.category	"Returns the general category assigned to the character chr as string."
unicodedata	UCD.combining	"Returns the canonical combining class assigned to the character chr as integer.\n\nReturns 0 if no combining class is defined."
unicodedata	UCD.decimal	"Converts a Unicode character into its equivalent decimal value.\n\nReturns the decimal value assigned to the character chr as integer.\nIf no such value is defined, default is returned, or, if not given,\nValueError is raised."
unicodedata	UCD.decomposition	"Returns the character decomposition mapping assigned to the character chr as string.\n\nAn empty string is returned in case no such mapping is defined."
unicodedata	UCD.digit	"Converts a Unicode character into its equivalent digit value.\n\nReturns the digit value assigned to the character chr as integer.\nIf no such value is defined, default is returned, or, if not given,\nValueError is raised."
unicodedata	UCD.east_asian_width	"Returns the east asian width assigned to the character chr as string."
unicodedata	UCD.is_normalized	"Return whether the Unicode string unistr is in the normal form 'form'.\n\nValid values for form are 'NFC', 'NFKC', 'NFD', and 'NFKD'."
unicodedata	UCD.lookup	"Look up character by name.\n\nIf a character with the given name is found, return the\ncorresponding character.  If not found, KeyError is raised."
unicodedata	UCD.mirrored	"Returns the mirrored property assigned to the character chr as integer.\n\nReturns 1 if the character has been identified as a \"mirrored\"\ncharacter in bidirectional text, 0 otherwise."
unicodedata	UCD.name	"Returns the name assigned to the character chr as a string.\n\nIf no name is defined, default is returned, or, if not given,\nValueError is raised."
unicodedata	UCD.normalize	"Return the normal form 'form' for the Unicode string unistr.\n\nValid values for form are 'NFC', 'NFKC', 'NFD', and 'NFKD'."
unicodedata	UCD.numeric	"Converts a Unicode character into its equivalent numeric value.\n\nReturns the numeric value assigned to the character chr as float.\nIf no such value is defined, default is returned, or, if not given,\nValueError is raised."
unicodedata	UCD.unidata_version	null
unicodedata	bidirectional	"Returns the bidirectional class assigned to the character chr as string.\n\nIf no such value is defined, an empty string is returned."
unicodedata	category	"Returns the general category assigned to the character chr as string."
unicodedata	combining	"Returns the canonical combining class assigned to the character chr as integer.\n\nReturns 0 if no combining class is defined."
unicodedata	decimal	"Converts a Unicode character into its equivalent decimal value.\n\nReturns the decimal value assigned to the character chr as integer.\nIf no such value is defined, default is returned, or, if not given,\nValueError is raised."
unicodedata	decomposition	"Returns the character decomposition mapping assigned to the character chr as string.\n\nAn empty string is returned in case no such mapping is defined."
unicodedata	digit	"Converts a Unicode character into its equivalent digit value.\n\nReturns the digit value assigned to the character chr as integer.\nIf no such value is defined, default is returned, or, if not given,\nValueError is raised."
unicodedata	east_asian_width	"Returns the east asian width assigned to the character chr as string."
unicodedata	is_normalized	"Return whether the Unicode string unistr is in the normal form 'form'.\n\nValid values for form are 'NFC', 'NFKC', 'NFD', and 'NFKD'."
unicodedata	lookup	"Look up character by name.\n\nIf a character with the given name is found, return the\ncorresponding character.  If not found, KeyError is raised."
unicodedata	mirrored	"Returns the mirrored property assigned to the character chr as integer.\n\nReturns 1 if the character has been identified as a \"mirrored\"\ncharacter in bidirectional text, 0 otherwise."
unicodedata	name	"Returns the name assigned to the character chr as a string.\n\nIf no name is defined, default is returned, or, if not given,\nValueError is raised."
unicodedata	normalize	"Return the normal form 'form' for the Unicode string unistr.\n\nValid values for form are 'NFC', 'NFKC', 'NFD', and 'NFKD'."
unicodedata	numeric	"Converts a Unicode character into its equivalent numeric value.\n\nReturns the numeric value assigned to the character chr as float.\nIf no such value is defined, default is returned, or, if not given,\nValueError is raised."
unittest	addModuleCleanup	"Same as addCleanup, except the cleanup items are called even if\nsetUpModule fails (unlike tearDownModule)."
unittest	doModuleCleanups	"Execute all module cleanup functions. Normally called for you after\ntearDownModule."
unittest	enterModuleContext	"Same as enterContext, but module-wide."
unittest	expectedFailure	null
unittest	installHandler	null
unittest	registerResult	null
unittest	removeHandler	null
unittest	removeResult	null
unittest	skip	"\nUnconditionally skip a test.\n"
unittest	skipIf	"\nSkip a test if the condition is true.\n"
unittest	skipUnless	"\nSkip a test unless the condition is true.\n"
unittest.case	TestCase.failureException	"Assertion failed."
unittest.case	_AssertRaisesContext._base_type	"Common base class for all exceptions"
unittest.case	_AssertWarnsContext._base_type	"Base class for warning categories."
unittest.case	_common_shorten_repr	null
unittest.case	_count_diff_all_purpose	"Returns list of (cnt_act, cnt_exp, elem) triples where the counts differ"
unittest.case	_count_diff_hashable	"Returns list of (cnt_act, cnt_exp, elem) triples where the counts differ"
unittest.case	safe_repr	null
unittest.case	strclass	null
unittest.loader	TestLoader.sortTestMethodsUsing	"Return -1 if x < y, 0 if x == y and 1 if x > y"
unittest.loader	TestLoader.suiteClass	"A test suite is a composite test consisting of a number of TestCases.\n\nFor use, create an instance of TestSuite, then add test case instances.\nWhen all tests have been added, the suite can be passed to a test\nrunner, such as TextTestRunner. It will run the individual test cases\nin the order in which they were added, aggregating the results. When\nsubclassing, do not forget to call the base class constructor.\n"
unittest.loader	fnmatch	"Test whether FILENAME matches PATTERN.\n\nPatterns are Unix shell style:\n\n*       matches everything\n?       matches any single character\n[seq]   matches any character in seq\n[!seq]  matches any char not in seq\n\nAn initial period in FILENAME is not special.\nBoth FILENAME and PATTERN are first case-normalized\nif the operating system requires it.\nIf you don't want this, use fnmatchcase(FILENAME, PATTERN).\n"
unittest.loader	fnmatchcase	"Test whether FILENAME matches PATTERN, including case.\n\nThis is a version of fnmatch() which doesn't case-normalize\nits arguments.\n"
unittest._log	_LoggingWatcher	"_LoggingWatcher(records, output)"
unittest._log	_LoggingWatcher._asdict	"Return a new dict which maps field names to their values."
unittest._log	_LoggingWatcher._make	null
unittest._log	_LoggingWatcher._replace	"Return a new _LoggingWatcher object replacing specified fields with new values"
unittest.main	installHandler	null
unittest.main	main	"A command-line program that runs a set of tests; this is primarily\nfor making test modules conveniently executable.\n"
unittest.main	main._do_discovery	null
unittest.main	main._getDiscoveryArgParser	null
unittest.main	main._getMainArgParser	null
unittest.main	main._getParentArgParser	null
unittest.main	main._initArgParsers	null
unittest.main	main._print_help	null
unittest.main	main.createTests	null
unittest.main	main.parseArgs	null
unittest.main	main.runTests	null
unittest.mock	AsyncMockMixin.await_args	null
unittest.mock	AsyncMockMixin.await_args_list	null
unittest.mock	AsyncMockMixin.await_count	null
unittest.mock	NonCallableMock._NonCallableMock__get_return_value	null
unittest.mock	NonCallableMock._NonCallableMock__get_side_effect	null
unittest.mock	NonCallableMock._NonCallableMock__set_return_value	null
unittest.mock	NonCallableMock._NonCallableMock__set_side_effect	null
unittest.mock	NonCallableMock.call_args	null
unittest.mock	NonCallableMock.call_args_list	null
unittest.mock	NonCallableMock.call_count	null
unittest.mock	NonCallableMock.called	null
unittest.mock	NonCallableMock.mock_calls	null
unittest.mock	NonCallableMock.return_value	null
unittest.mock	NonCallableMock.side_effect	null
unittest.mock	RLock	"Factory function that returns a new reentrant lock.\n\nA reentrant lock must be released by the thread that acquired it. Once a\nthread has acquired a reentrant lock, the same thread may acquire it again\nwithout blocking; the thread must release it once for each time it has\nacquired it.\n\n"
unittest.mock	ThreadingMixin._ThreadingMixin__get_event	null
unittest.mock	iscoroutinefunction	"Return True if func is a decorated coroutine function."
unittest.mock	safe_repr	null
unittest.mock	wraps	"Decorator factory to apply update_wrapper() to a wrapper function\n\nReturns a decorator that invokes update_wrapper() with the decorated\nfunction as the wrapper argument and the arguments to wraps() as the\nremaining arguments. Default arguments are as for update_wrapper().\nThis is a convenience function to simplify applying partial() to\nupdate_wrapper().\n"
unittest.result	wraps	"Decorator factory to apply update_wrapper() to a wrapper function\n\nReturns a decorator that invokes update_wrapper() with the decorated\nfunction as the wrapper argument and the arguments to wraps() as the\nremaining arguments. Default arguments are as for update_wrapper().\nThis is a convenience function to simplify applying partial() to\nupdate_wrapper().\n"
unittest.runner	TextTestRunner.resultclass	"A test result class that can print formatted text results to a stream.\n\nUsed by TextTestRunner.\n"
unittest.runner	registerResult	null
unittest.signals	wraps	"Decorator factory to apply update_wrapper() to a wrapper function\n\nReturns a decorator that invokes update_wrapper() with the decorated\nfunction as the wrapper argument and the arguments to wraps() as the\nremaining arguments. Default arguments are as for update_wrapper().\nThis is a convenience function to simplify applying partial() to\nupdate_wrapper().\n"
unittest.util	_Mismatch	"Mismatch(actual, expected, value)"
unittest.util	_Mismatch._asdict	"Return a new dict which maps field names to their values."
unittest.util	_Mismatch._make	null
unittest.util	_Mismatch._replace	"Return a new Mismatch object replacing specified fields with new values"
unittest.util	commonprefix	"Given a list of pathnames, returns the longest common leading component"
unittest.util	namedtuple	"Returns a new subclass of tuple with named fields.\n\n>>> Point = namedtuple('Point', ['x', 'y'])\n>>> Point.__doc__                   # docstring for the new class\n'Point(x, y)'\n>>> p = Point(11, y=22)             # instantiate with positional args or keywords\n>>> p[0] + p[1]                     # indexable like a plain tuple\n33\n>>> x, y = p                        # unpack like a regular tuple\n>>> x, y\n(11, 22)\n>>> p.x + p.y                       # fields also accessible by name\n33\n>>> d = p._asdict()                 # convert to a dictionary\n>>> d['x']\n11\n>>> Point(**d)                      # convert from a dictionary\nPoint(x=11, y=22)\n>>> p._replace(x=100)               # _replace() is like str.replace() but targets named fields\nPoint(x=100, y=22)\n\n"
urllib.error	HTTPError._HTTPError__super_init	null
urllib.parse	DefragResult._encoded_counterpart	null
urllib.parse	DefragResultBytes._decoded_counterpart	null
urllib.parse	ParseResult._encoded_counterpart	null
urllib.parse	ParseResultBytes._decoded_counterpart	null
urllib.parse	ResultBase	null
urllib.parse	ResultBase._hostinfo	null
urllib.parse	ResultBase._userinfo	null
urllib.parse	SplitResult._encoded_counterpart	null
urllib.parse	SplitResultBytes._decoded_counterpart	null
urllib.parse	_DefragResultBase	"\nDefragResult(url, fragment)\n\nA 2-tuple that contains the url without fragment identifier and the fragment\nidentifier as a separate argument.\n"
urllib.parse	_DefragResultBase._asdict	"Return a new dict which maps field names to their values."
urllib.parse	_DefragResultBase._make	null
urllib.parse	_DefragResultBase._replace	"Return a new DefragResult object replacing specified fields with new values"
urllib.parse	_ParseResultBase	"\nParseResult(scheme, netloc, path, params, query, fragment)\n\nA 6-tuple that contains components of a parsed URL.\n"
urllib.parse	_ParseResultBase._asdict	"Return a new dict which maps field names to their values."
urllib.parse	_ParseResultBase._make	null
urllib.parse	_ParseResultBase._replace	"Return a new ParseResult object replacing specified fields with new values"
urllib.parse	_SplitResultBase	"\nSplitResult(scheme, netloc, path, query, fragment)\n\nA 5-tuple that contains the different components of a URL. Similar to\nParseResult, but does not split params.\n"
urllib.parse	_SplitResultBase._asdict	"Return a new dict which maps field names to their values."
urllib.parse	_SplitResultBase._make	null
urllib.parse	_SplitResultBase._replace	"Return a new SplitResult object replacing specified fields with new values"
urllib.parse	namedtuple	"Returns a new subclass of tuple with named fields.\n\n>>> Point = namedtuple('Point', ['x', 'y'])\n>>> Point.__doc__                   # docstring for the new class\n'Point(x, y)'\n>>> p = Point(11, y=22)             # instantiate with positional args or keywords\n>>> p[0] + p[1]                     # indexable like a plain tuple\n33\n>>> x, y = p                        # unpack like a regular tuple\n>>> x, y\n(11, 22)\n>>> p.x + p.y                       # fields also accessible by name\n33\n>>> d = p._asdict()                 # convert to a dictionary\n>>> d['x']\n11\n>>> Point(**d)                      # convert from a dictionary\nPoint(x=11, y=22)\n>>> p._replace(x=100)               # _replace() is like str.replace() but targets named fields\nPoint(x=100, y=22)\n\n"
urllib.request	AbstractBasicAuthHandler.https_request	null
urllib.request	AbstractBasicAuthHandler.https_response	null
urllib.request	HTTPCookieProcessor.https_request	null
urllib.request	HTTPCookieProcessor.https_response	null
urllib.request	HTTPErrorProcessor.https_response	null
urllib.request	HTTPHandler.http_request	null
urllib.request	HTTPRedirectHandler.http_error_301	null
urllib.request	HTTPRedirectHandler.http_error_303	null
urllib.request	HTTPRedirectHandler.http_error_307	null
urllib.request	HTTPRedirectHandler.http_error_308	null
urllib.request	HTTPSHandler.https_request	null
urllib.request	_randombytes	"Return a bytes object containing random bytes suitable for cryptographic use."
urllib.request	_splitattr	"splitattr('/path;attr1=value1;attr2=value2;...') ->\n'/path', ['attr1=value1', 'attr2=value2', ...]."
urllib.request	_splithost	"splithost('//host[:port]/path') --> 'host[:port]', '/path'."
urllib.request	_splitpasswd	"splitpasswd('user:passwd') -> 'user', 'passwd'."
urllib.request	_splitport	"splitport('host:port') --> 'host', 'port'."
urllib.request	_splitquery	"splitquery('/path?query') --> '/path', 'query'."
urllib.request	_splittag	"splittag('/path#tag') --> '/path', 'tag'."
urllib.request	_splittype	"splittype('type:opaquestring') --> 'type', 'opaquestring'."
urllib.request	_splituser	"splituser('user[:passwd]@host[:port]') --> 'user[:passwd]', 'host[:port]'."
urllib.request	_splitvalue	"splitvalue('attr=value') --> 'attr', 'value'."
urllib.request	_to_bytes	"to_bytes(u\"URL\") --> 'URL'."
urllib.request	getproxies	"Return a dictionary of scheme -> proxy server URL mappings.\n\nScan the environment for variables named <scheme>_proxy;\nthis seems to be the standard convention.  If you need a\ndifferent way, you can pass a proxies dictionary to the\n[Fancy]URLopener constructor.\n"
urllib.request	proxy_bypass	"Test if proxies should not be used for a particular host.\n\nChecks the proxy dict for the value of no_proxy, which should\nbe a list of comma separated DNS suffixes, or '*' for all hosts.\n\n"
urllib.request	quote	"quote('abc def') -> 'abc%20def'\n\nEach part of a URL, e.g. the path info, the query, etc., has a\ndifferent set of reserved characters that must be quoted. The\nquote function offers a cautious (not minimal) way to quote a\nstring for most of these parts.\n\nRFC 3986 Uniform Resource Identifier (URI): Generic Syntax lists\nthe following (un)reserved characters.\n\nunreserved    = ALPHA / DIGIT / \"-\" / \".\" / \"_\" / \"~\"\nreserved      = gen-delims / sub-delims\ngen-delims    = \":\" / \"/\" / \"?\" / \"#\" / \"[\" / \"]\" / \"@\"\nsub-delims    = \"!\" / \"$\" / \"&\" / \"'\" / \"(\" / \")\"\n              / \"*\" / \"+\" / \",\" / \";\" / \"=\"\n\nEach of the reserved characters is reserved in some component of a URL,\nbut not necessarily in all of them.\n\nThe quote function %-escapes all characters that are neither in the\nunreserved chars (\"always safe\") nor the additional chars set via the\nsafe arg.\n\nThe default for the safe arg is '/'. The character is reserved, but in\ntypical usage the quote function is being called on a path where the\nexisting slash characters are to be preserved.\n\nPython 3.7 updates from using RFC 2396 to RFC 3986 to quote URL strings.\nNow, \"~\" is included in the set of unreserved characters.\n\nstring and safe may be either str or bytes objects. encoding and errors\nmust not be specified if string is a bytes object.\n\nThe optional encoding and errors parameters specify how to deal with\nnon-ASCII characters, as accepted by the str.encode method.\nBy default, encoding='utf-8' (characters are encoded with UTF-8), and\nerrors='strict' (unsupported characters raise a UnicodeEncodeError).\n"
urllib.request	unquote	"Replace %xx escapes by their single-character equivalent. The optional\nencoding and errors parameters specify how to decode percent-encoded\nsequences into Unicode characters, as accepted by the bytes.decode()\nmethod.\nBy default, percent-encoded sequences are decoded with UTF-8, and invalid\nsequences are replaced by a placeholder character.\n\nunquote('abc%20def') -> 'abc def'.\n"
urllib.request	unquote_to_bytes	"unquote_to_bytes('abc%20def') -> b'abc def'."
urllib.request	unwrap	"Transform a string like '<URL:scheme://host/path>' into 'scheme://host/path'.\n\nThe string is returned unchanged if it's not a wrapped URL.\n"
urllib.request	urljoin	"Join a base URL and a possibly relative URL to form an absolute\ninterpretation of the latter."
urllib.request	urlparse	"Parse a URL into 6 components:\n<scheme>://<netloc>/<path>;<params>?<query>#<fragment>\n\nThe result is a named 6-tuple with fields corresponding to the\nabove. It is either a ParseResult or ParseResultBytes object,\ndepending on the type of the url parameter.\n\nThe username, password, hostname, and port sub-components of netloc\ncan also be accessed as attributes of the returned object.\n\nThe scheme argument provides the default value of the scheme\ncomponent when no scheme is found in url.\n\nIf allow_fragments is False, no attempt is made to separate the\nfragment component from the previous component, which can be either\npath or query.\n\nNote that % escapes are not expanded.\n"
urllib.request	urlunparse	"Put a parsed URL back together again.  This may result in a\nslightly different, but equivalent URL, if the URL that was parsed\noriginally had redundant delimiters, e.g. a ? with an empty query\n(the draft states that these are equivalent)."
uuid	SafeUUID	"An enumeration."
uuid	SafeUUID._generate_next_value_	"\nGenerate the next value when not given.\n\nname: the name of the member\nstart: the initial start value or None\ncount: the number of existing members\nlast_values: the list of values assigned\n"
uuid	SafeUUID._member_type_	"The base class of the class hierarchy.\n\nWhen called, it accepts no arguments and returns a new featureless\ninstance that has no instance attributes and cannot be given any.\n"
uuid	SafeUUID._new_member_	"Create and return a new object.  See help(type) for accurate signature."
uuid	UUID.int	null
uuid	UUID.is_safe	null
uuid	_generate_time_safe	null
uuid	_simple_enum	"\nClass decorator that converts a normal class into an :class:`Enum`.  No\nsafety checks are done, and some advanced behavior (such as\n:func:`__init_subclass__`) is not available.  Enum creation can be faster\nusing :func:`_simple_enum`.\n\n    >>> from enum import Enum, _simple_enum\n    >>> @_simple_enum(Enum)\n    ... class Color:\n    ...     RED = auto()\n    ...     GREEN = auto()\n    ...     BLUE = auto()\n    >>> Color\n    <enum 'Color'>\n"
warnings	_formatwarning_orig	"Function to format a warning the standard way."
warnings	_showwarning_orig	"Hook to write a warning to a file; replace if you like."
warnings	warn	"Issue a warning, or maybe ignore it or raise an exception.\n\n  message\n    Text of the warning message.\n  category\n    The Warning category subclass. Defaults to UserWarning.\n  stacklevel\n    How far up the call stack to make this warning appear. A value of 2 for\n    example attributes the warning to the caller of the code calling warn().\n  source\n    If supplied, the destroyed object which emitted a ResourceWarning\n  skip_file_prefixes\n    An optional tuple of module filename prefixes indicating frames to skip\n    during stacklevel computations for stack frame attribution."
warnings	warn_explicit	"Issue a warning, or maybe ignore it or raise an exception."
wave	_wave_params	"_wave_params(nchannels, sampwidth, framerate, nframes, comptype, compname)"
wave	_wave_params._asdict	"Return a new dict which maps field names to their values."
wave	_wave_params._make	null
wave	_wave_params._replace	"Return a new _wave_params object replacing specified fields with new values"
wave	namedtuple	"Returns a new subclass of tuple with named fields.\n\n>>> Point = namedtuple('Point', ['x', 'y'])\n>>> Point.__doc__                   # docstring for the new class\n'Point(x, y)'\n>>> p = Point(11, y=22)             # instantiate with positional args or keywords\n>>> p[0] + p[1]                     # indexable like a plain tuple\n33\n>>> x, y = p                        # unpack like a regular tuple\n>>> x, y\n(11, 22)\n>>> p.x + p.y                       # fields also accessible by name\n33\n>>> d = p._asdict()                 # convert to a dictionary\n>>> d['x']\n11\n>>> Point(**d)                      # convert from a dictionary\nPoint(x=11, y=22)\n>>> p._replace(x=100)               # _replace() is like str.replace() but targets named fields\nPoint(x=100, y=22)\n\n"
_weakref		"Weak-reference support module."
_weakref	_remove_dead_weakref	"Atomically remove key from dict if it points to a dead weakref."
_weakref	getweakrefcount	"Return the number of weak references to 'object'."
_weakref	getweakrefs	"Return a list of all weak reference objects pointing to 'object'."
_weakref	proxy	"Create a proxy object that weakly references 'object'.\n\n'callback', if given, is called with a reference to the\nproxy when 'object' is about to be finalized."
weakref	CallableProxyType	null
weakref	KeyedRef.key	null
weakref	ProxyType	null
weakref	ReferenceType	null
weakref	WeakMethod._alive	null
weakref	WeakMethod._func_ref	null
weakref	WeakMethod._meth_type	null
weakref	_remove_dead_weakref	"Atomically remove key from dict if it points to a dead weakref."
weakref	getweakrefcount	"Return the number of weak references to 'object'."
weakref	getweakrefs	"Return a list of all weak reference objects pointing to 'object'."
weakref	proxy	"Create a proxy object that weakly references 'object'.\n\n'callback', if given, is called with a reference to the\nproxy when 'object' is about to be finalized."
weakref	ref	null
webbrowser	Chromium	"Launcher class for Google Chrome browser."
wsgiref.handlers	BaseHandler.headers_class	"Manage a collection of HTTP response headers"
wsgiref.handlers	BaseHandler.wsgi_file_wrapper	"Wrapper to convert file-like objects to iterables"
wsgiref.handlers	_is_request	"x.__contains__(y) <==> y in x."
wsgiref.handlers	guess_scheme	"Return a guess for whether 'wsgi.url_scheme' should be 'http' or 'https'\n    "
wsgiref.handlers	is_hop_by_hop	"Return true if 'header_name' is an HTTP/1.1 \"Hop-by-Hop\" header"
wsgiref.simple_server	python_implementation	"Returns a string identifying the Python implementation.\n\nCurrently, the following implementations are identified:\n  'CPython' (C implementation of Python),\n  'Jython' (Java implementation of Python),\n  'PyPy' (Python implementation of Python).\n\n"
wsgiref.util	_hoppish	"x.__contains__(y) <==> y in x."
xml.dom	getDOMImplementation	"getDOMImplementation(name = None, features = ()) -> DOM implementation.\n\nReturn a suitable DOM implementation. The name is either\nwell-known, the module name of a DOM implementation, or None. If\nit is not None, imports the corresponding module and returns\nDOMImplementation object if the import succeeds.\n\nIf name is not given, consider the available implementations to\nfind one with the required feature set. If no implementation can\nbe found, raise an ImportError. The features list must be a sequence\nof (feature, version) pairs which are passed to hasFeature."
xml.dom	registerDOMImplementation	"registerDOMImplementation(name, factory)\n\nRegister the factory function with the name. The factory function\nshould return an object which implements the DOMImplementation\ninterface. The factory function can either return the same object,\nor a new one (e.g. if that implementation supports some\ncustomization)."
xml.dom.expatbuilder	ElementInfo._attr_info	null
xml.dom.expatbuilder	ElementInfo._model	null
xml.dom.expatbuilder	ElementInfo.tagName	null
xml.dom.expatbuilder	FilterCrutch._builder	null
xml.dom.expatbuilder	FilterCrutch._level	null
xml.dom.expatbuilder	FilterCrutch._old_end	null
xml.dom.expatbuilder	FilterCrutch._old_start	null
xml.dom.expatbuilder	FilterVisibilityController.filter	null
xml.dom.expatbuilder	_append_child	null
xml.dom.expatbuilder	_set_attribute_node	null
xml.dom.minicompat	EmptyNodeList.length	"The number of nodes in the NodeList."
xml.dom.minicompat	NodeList.length	"The number of nodes in the NodeList."
xml.dom.minidom	Attr._localName	null
xml.dom.minidom	Attr._name	null
xml.dom.minidom	Attr._prefix	null
xml.dom.minidom	Attr._value	null
xml.dom.minidom	Attr.childNodes	null
xml.dom.minidom	Attr.isId	"True if this attribute is an ID."
xml.dom.minidom	Attr.localName	"Namespace-local name of this attribute."
xml.dom.minidom	Attr.name	null
xml.dom.minidom	Attr.namespaceURI	null
xml.dom.minidom	Attr.nodeName	null
xml.dom.minidom	Attr.nodeValue	null
xml.dom.minidom	Attr.ownerDocument	null
xml.dom.minidom	Attr.ownerElement	null
xml.dom.minidom	Attr.prefix	null
xml.dom.minidom	Attr.schemaType	"Schema type for this attribute."
xml.dom.minidom	Attr.value	null
xml.dom.minidom	AttributeList	"The attribute list is a transient interface to the underlying\ndictionaries.  Mutations here will change the underlying element's\ndictionary.\n\nOrdering is imposed artificially and does not reflect the order of\nattributes as found in an input document.\n"
xml.dom.minidom	AttributeList._attrs	null
xml.dom.minidom	AttributeList._attrsNS	null
xml.dom.minidom	AttributeList._cmp	null
xml.dom.minidom	AttributeList._get_length	null
xml.dom.minidom	AttributeList._ownerElement	null
xml.dom.minidom	AttributeList.get	null
xml.dom.minidom	AttributeList.getNamedItem	null
xml.dom.minidom	AttributeList.getNamedItemNS	null
xml.dom.minidom	AttributeList.item	null
xml.dom.minidom	AttributeList.items	null
xml.dom.minidom	AttributeList.itemsNS	null
xml.dom.minidom	AttributeList.keys	null
xml.dom.minidom	AttributeList.keysNS	null
xml.dom.minidom	AttributeList.length	"Number of nodes in the NamedNodeMap."
xml.dom.minidom	AttributeList.removeNamedItem	null
xml.dom.minidom	AttributeList.removeNamedItemNS	null
xml.dom.minidom	AttributeList.setNamedItem	null
xml.dom.minidom	AttributeList.setNamedItemNS	null
xml.dom.minidom	AttributeList.values	null
xml.dom.minidom	CharacterData._data	null
xml.dom.minidom	CharacterData.data	null
xml.dom.minidom	CharacterData.length	"Length of the string data."
xml.dom.minidom	CharacterData.nextSibling	null
xml.dom.minidom	CharacterData.nodeValue	null
xml.dom.minidom	CharacterData.ownerDocument	null
xml.dom.minidom	CharacterData.parentNode	null
xml.dom.minidom	CharacterData.previousSibling	null
xml.dom.minidom	Document._elem_info	null
xml.dom.minidom	Document._id_cache	null
xml.dom.minidom	Document._id_search_stack	null
xml.dom.minidom	Document.childNodes	null
xml.dom.minidom	Document.doctype	null
xml.dom.minidom	Document.documentElement	"Top-level element of this document."
xml.dom.minidom	Element._attrs	null
xml.dom.minidom	Element._attrsNS	null
xml.dom.minidom	Element._localName	null
xml.dom.minidom	Element.attributes	"NamedNodeMap of attributes on the element."
xml.dom.minidom	Element.childNodes	null
xml.dom.minidom	Element.localName	"Namespace-local name of this element."
xml.dom.minidom	Element.namespaceURI	null
xml.dom.minidom	Element.nextSibling	null
xml.dom.minidom	Element.nodeName	null
xml.dom.minidom	Element.ownerDocument	null
xml.dom.minidom	Element.parentNode	null
xml.dom.minidom	Element.prefix	null
xml.dom.minidom	Element.previousSibling	null
xml.dom.minidom	Element.removeAttributeNodeNS	null
xml.dom.minidom	Element.setAttributeNodeNS	null
xml.dom.minidom	Element.tagName	null
xml.dom.minidom	ElementInfo.tagName	null
xml.dom.minidom	Identified.publicId	null
xml.dom.minidom	Identified.systemId	null
xml.dom.minidom	NamedNodeMap._attrs	null
xml.dom.minidom	NamedNodeMap._attrsNS	null
xml.dom.minidom	NamedNodeMap._ownerElement	null
xml.dom.minidom	NamedNodeMap.length	"Number of nodes in the NamedNodeMap."
xml.dom.minidom	Node.firstChild	"First child node, or None."
xml.dom.minidom	Node.lastChild	"Last child node, or None."
xml.dom.minidom	Node.localName	"Namespace-local name of this node."
xml.dom.minidom	ProcessingInstruction.data	null
xml.dom.minidom	ProcessingInstruction.nodeName	null
xml.dom.minidom	ProcessingInstruction.nodeValue	null
xml.dom.minidom	ProcessingInstruction.target	null
xml.dom.minidom	ReadOnlySequentialNamedNodeMap._seq	null
xml.dom.minidom	ReadOnlySequentialNamedNodeMap.length	"Number of entries in the NamedNodeMap."
xml.dom.minidom	Text.isWhitespaceInElementContent	"True iff this text node contains only whitespace and is in element content."
xml.dom.minidom	Text.wholeText	"The text of all logically-adjacent text nodes."
xml.dom.minidom	TypeInfo.name	null
xml.dom.minidom	TypeInfo.namespace	null
xml.dom.minidom	defproperty	null
xml.dom.xmlbuilder	DOMEntityResolver._opener	null
xml.dom.xmlbuilder	DOMInputSource.baseURI	null
xml.dom.xmlbuilder	DOMInputSource.byteStream	null
xml.dom.xmlbuilder	DOMInputSource.characterStream	null
xml.dom.xmlbuilder	DOMInputSource.encoding	null
xml.dom.xmlbuilder	DOMInputSource.publicId	null
xml.dom.xmlbuilder	DOMInputSource.stringData	null
xml.dom.xmlbuilder	DOMInputSource.systemId	null
xml.etree.ElementTree	Element	null
xml.etree.ElementTree	Element.append	null
xml.etree.ElementTree	Element.attrib	"A dictionary containing the element's attributes"
xml.etree.ElementTree	Element.clear	null
xml.etree.ElementTree	Element.extend	null
xml.etree.ElementTree	Element.find	null
xml.etree.ElementTree	Element.findall	null
xml.etree.ElementTree	Element.findtext	null
xml.etree.ElementTree	Element.get	null
xml.etree.ElementTree	Element.insert	null
xml.etree.ElementTree	Element.items	null
xml.etree.ElementTree	Element.iter	null
xml.etree.ElementTree	Element.iterfind	null
xml.etree.ElementTree	Element.itertext	null
xml.etree.ElementTree	Element.keys	null
xml.etree.ElementTree	Element.makeelement	null
xml.etree.ElementTree	Element.remove	null
xml.etree.ElementTree	Element.set	null
xml.etree.ElementTree	Element.tag	"A string identifying what kind of data this element represents"
xml.etree.ElementTree	Element.tail	"A string of text directly after the end tag, or None"
xml.etree.ElementTree	Element.text	"A string of text directly after the start tag, or None"
xml.etree.ElementTree	PI	"Processing Instruction element factory.\n\nThis function creates a special element which the standard serializer\nserializes as an XML comment.\n\n*target* is a string containing the processing instruction, *text* is a\nstring containing the processing instruction contents, if any.\n\n"
xml.etree.ElementTree	ParseError	null
xml.etree.ElementTree	SubElement	null
xml.etree.ElementTree	TreeBuilder	null
xml.etree.ElementTree	TreeBuilder.close	null
xml.etree.ElementTree	TreeBuilder.comment	null
xml.etree.ElementTree	TreeBuilder.data	null
xml.etree.ElementTree	TreeBuilder.end	null
xml.etree.ElementTree	TreeBuilder.pi	null
xml.etree.ElementTree	TreeBuilder.start	null
xml.etree.ElementTree	XMLParser	null
xml.etree.ElementTree	XMLParser._parse_whole	null
xml.etree.ElementTree	XMLParser.close	null
xml.etree.ElementTree	XMLParser.entity	null
xml.etree.ElementTree	XMLParser.feed	null
xml.etree.ElementTree	XMLParser.target	null
xml.etree.ElementTree	XMLParser.version	null
xml.etree.ElementTree	_Element_Py	"An XML element.\n\nThis class is the reference implementation of the Element interface.\n\nAn element's length is its number of subelements.  That means if you\nwant to check if an element is truly empty, you should check BOTH\nits length AND its text attribute.\n\nThe element tag, attribute names, and attribute values can be either\nbytes or strings.\n\n*tag* is the element name.  *attrib* is an optional dictionary containing\nelement attributes. *extra* are additional element attributes given as\nkeyword arguments.\n\nExample form:\n    <tag attrib>text<child/>...</tag>tail\n\n"
xml.etree.ElementTree	_Element_Py._assert_is_element	null
xml.etree.ElementTree	_Element_Py.append	"Add *subelement* to the end of this element.\n\nThe new element will appear in document order after the last existing\nsubelement (or directly after the text, if it's the first subelement),\nbut before the end tag for this element.\n\n"
xml.etree.ElementTree	_Element_Py.clear	"Reset element.\n\nThis function removes all subelements, clears all attributes, and sets\nthe text and tail attributes to None.\n\n"
xml.etree.ElementTree	_Element_Py.extend	"Append subelements from a sequence.\n\n*elements* is a sequence with zero or more elements.\n\n"
xml.etree.ElementTree	_Element_Py.find	"Find first matching element by tag name or path.\n\n*path* is a string having either an element tag or an XPath,\n*namespaces* is an optional mapping from namespace prefix to full name.\n\nReturn the first matching element, or None if no element was found.\n\n"
xml.etree.ElementTree	_Element_Py.findall	"Find all matching subelements by tag name or path.\n\n*path* is a string having either an element tag or an XPath,\n*namespaces* is an optional mapping from namespace prefix to full name.\n\nReturns list containing all matching elements in document order.\n\n"
xml.etree.ElementTree	_Element_Py.findtext	"Find text for first matching element by tag name or path.\n\n*path* is a string having either an element tag or an XPath,\n*default* is the value to return if the element was not found,\n*namespaces* is an optional mapping from namespace prefix to full name.\n\nReturn text content of first matching element, or default value if\nnone was found.  Note that if an element is found having no text\ncontent, the empty string is returned.\n\n"
xml.etree.ElementTree	_Element_Py.get	"Get element attribute.\n\nEquivalent to attrib.get, but some implementations may handle this a\nbit more efficiently.  *key* is what attribute to look for, and\n*default* is what to return if the attribute was not found.\n\nReturns a string containing the attribute value, or the default if\nattribute was not found.\n\n"
xml.etree.ElementTree	_Element_Py.insert	"Insert *subelement* at position *index*."
xml.etree.ElementTree	_Element_Py.items	"Get element attributes as a sequence.\n\nThe attributes are returned in arbitrary order.  Equivalent to\nattrib.items().\n\nReturn a list of (name, value) tuples.\n\n"
xml.etree.ElementTree	_Element_Py.iter	"Create tree iterator.\n\nThe iterator loops over the element and all subelements in document\norder, returning all elements with a matching tag.\n\nIf the tree structure is modified during iteration, new or removed\nelements may or may not be included.  To get a stable set, use the\nlist() function on the iterator, and loop over the resulting list.\n\n*tag* is what tags to look for (default is to return all elements)\n\nReturn an iterator containing all the matching elements.\n\n"
xml.etree.ElementTree	_Element_Py.iterfind	"Find all matching subelements by tag name or path.\n\n*path* is a string having either an element tag or an XPath,\n*namespaces* is an optional mapping from namespace prefix to full name.\n\nReturn an iterable yielding all matching elements in document order.\n\n"
xml.etree.ElementTree	_Element_Py.itertext	"Create text iterator.\n\nThe iterator loops over the element and all subelements in document\norder, returning all inner text.\n\n"
xml.etree.ElementTree	_Element_Py.keys	"Get list of attribute names.\n\nNames are returned in an arbitrary order, just like an ordinary\nPython dict.  Equivalent to attrib.keys()\n\n"
xml.etree.ElementTree	_Element_Py.makeelement	"Create a new element with the same type.\n\n*tag* is a string containing the element name.\n*attrib* is a dictionary containing the element attributes.\n\nDo not call this method, use the SubElement factory function instead.\n\n"
xml.etree.ElementTree	_Element_Py.remove	"Remove matching subelement.\n\nUnlike the find methods, this method compares elements based on\nidentity, NOT ON tag value or contents.  To remove subelements by\nother means, the easiest way is to use a list comprehension to\nselect what elements to keep, and then use slice assignment to update\nthe parent element.\n\nValueError is raised if a matching element could not be found.\n\n"
xml.etree.ElementTree	_Element_Py.set	"Set element attribute.\n\nEquivalent to attrib[key] = value, but some implementations may handle\nthis a bit more efficiently.  *key* is what attribute to set, and\n*value* is the attribute value to set it to.\n\n"
xml.etree.ElementTree	_set_factories	"Change the factories used to create comments and processing instructions.\n\nFor internal use only."
xml.etree.ElementTree	fromstring	"Parse XML document from string constant.\n\nThis function can be used to embed \"XML Literals\" in Python code.\n\n*text* is a string containing XML data, *parser* is an\noptional parser instance, defaulting to the standard XMLParser.\n\nReturns an Element instance.\n\n"
xml.parsers.expat	ErrorString	"Returns string error for given number."
xml.parsers.expat	ExpatError	null
xml.parsers.expat	ParserCreate	"Return a new XML parser object."
xml.parsers.expat	XMLParserType	"XML parser"
xml.parsers.expat	XMLParserType.AttlistDeclHandler	null
xml.parsers.expat	XMLParserType.CharacterDataHandler	null
xml.parsers.expat	XMLParserType.CommentHandler	null
xml.parsers.expat	XMLParserType.CurrentByteIndex	null
xml.parsers.expat	XMLParserType.CurrentColumnNumber	null
xml.parsers.expat	XMLParserType.CurrentLineNumber	null
xml.parsers.expat	XMLParserType.DefaultHandler	null
xml.parsers.expat	XMLParserType.DefaultHandlerExpand	null
xml.parsers.expat	XMLParserType.ElementDeclHandler	null
xml.parsers.expat	XMLParserType.EndCdataSectionHandler	null
xml.parsers.expat	XMLParserType.EndDoctypeDeclHandler	null
xml.parsers.expat	XMLParserType.EndElementHandler	null
xml.parsers.expat	XMLParserType.EndNamespaceDeclHandler	null
xml.parsers.expat	XMLParserType.EntityDeclHandler	null
xml.parsers.expat	XMLParserType.ErrorByteIndex	null
xml.parsers.expat	XMLParserType.ErrorCode	null
xml.parsers.expat	XMLParserType.ErrorColumnNumber	null
xml.parsers.expat	XMLParserType.ErrorLineNumber	null
xml.parsers.expat	XMLParserType.ExternalEntityParserCreate	"Create a parser for parsing an external entity based on the information passed to the ExternalEntityRefHandler."
xml.parsers.expat	XMLParserType.ExternalEntityRefHandler	null
xml.parsers.expat	XMLParserType.GetBase	"Return base URL string for the parser."
xml.parsers.expat	XMLParserType.GetInputContext	"Return the untranslated text of the input that caused the current event.\n\nIf the event was generated by a large amount of text (such as a start tag\nfor an element with many attributes), not all of the text may be available."
xml.parsers.expat	XMLParserType.GetReparseDeferralEnabled	"Retrieve reparse deferral enabled status; always returns false with Expat <2.6.0."
xml.parsers.expat	XMLParserType.NotStandaloneHandler	null
xml.parsers.expat	XMLParserType.NotationDeclHandler	null
xml.parsers.expat	XMLParserType.Parse	"Parse XML data.\n\n`isfinal' should be true at end of input."
xml.parsers.expat	XMLParserType.ParseFile	"Parse XML data from file-like object."
xml.parsers.expat	XMLParserType.ProcessingInstructionHandler	null
xml.parsers.expat	XMLParserType.SetBase	"Set the base URL for the parser."
xml.parsers.expat	XMLParserType.SetParamEntityParsing	"Controls parsing of parameter entities (including the external DTD subset).\n\nPossible flag values are XML_PARAM_ENTITY_PARSING_NEVER,\nXML_PARAM_ENTITY_PARSING_UNLESS_STANDALONE and\nXML_PARAM_ENTITY_PARSING_ALWAYS. Returns true if setting the flag\nwas successful."
xml.parsers.expat	XMLParserType.SetReparseDeferralEnabled	"Enable/Disable reparse deferral; enabled by default with Expat >=2.6.0."
xml.parsers.expat	XMLParserType.SkippedEntityHandler	null
xml.parsers.expat	XMLParserType.StartCdataSectionHandler	null
xml.parsers.expat	XMLParserType.StartDoctypeDeclHandler	null
xml.parsers.expat	XMLParserType.StartElementHandler	null
xml.parsers.expat	XMLParserType.StartNamespaceDeclHandler	null
xml.parsers.expat	XMLParserType.UnparsedEntityDeclHandler	null
xml.parsers.expat	XMLParserType.UseForeignDTD	"Allows the application to provide an artificial external subset if one is not specified as part of the document instance.\n\nThis readily allows the use of a 'default' document type controlled by the\napplication, while still getting the advantage of providing document type\ninformation to the parser. 'flag' defaults to True if not provided."
xml.parsers.expat	XMLParserType.XmlDeclHandler	null
xml.parsers.expat	XMLParserType.buffer_size	null
xml.parsers.expat	XMLParserType.buffer_text	null
xml.parsers.expat	XMLParserType.buffer_used	null
xml.parsers.expat	XMLParserType.intern	null
xml.parsers.expat	XMLParserType.namespace_prefixes	null
xml.parsers.expat	XMLParserType.ordered_attributes	null
xml.parsers.expat	XMLParserType.specified_attributes	null
xml.parsers.expat	error	null
xmlrpc.client	BytesIO	"Buffered I/O implementation using an in-memory bytes buffer."
xmlrpc.client	BytesIO.close	"Disable all I/O operations."
xmlrpc.client	BytesIO.closed	"True if the file is closed."
xmlrpc.client	BytesIO.flush	"Does nothing."
xmlrpc.client	BytesIO.getbuffer	"Get a read-write view over the contents of the BytesIO object."
xmlrpc.client	BytesIO.getvalue	"Retrieve the entire contents of the BytesIO object."
xmlrpc.client	BytesIO.isatty	"Always returns False.\n\nBytesIO objects are not connected to a TTY-like device."
xmlrpc.client	BytesIO.read	"Read at most size bytes, returned as a bytes object.\n\nIf the size argument is negative, read until EOF is reached.\nReturn an empty bytes object at EOF."
xmlrpc.client	BytesIO.read1	"Read at most size bytes, returned as a bytes object.\n\nIf the size argument is negative or omitted, read until EOF is reached.\nReturn an empty bytes object at EOF."
xmlrpc.client	BytesIO.readable	"Returns True if the IO object can be read."
xmlrpc.client	BytesIO.readinto	"Read bytes into buffer.\n\nReturns number of bytes read (0 for EOF), or None if the object\nis set not to block and has no data to read."
xmlrpc.client	BytesIO.readline	"Next line from the file, as a bytes object.\n\nRetain newline.  A non-negative size argument limits the maximum\nnumber of bytes to return (an incomplete line may be returned then).\nReturn an empty bytes object at EOF."
xmlrpc.client	BytesIO.readlines	"List of bytes objects, each a line from the file.\n\nCall readline() repeatedly and return a list of the lines so read.\nThe optional size argument, if given, is an approximate bound on the\ntotal number of bytes in the lines returned."
xmlrpc.client	BytesIO.seek	"Change stream position.\n\nSeek to byte offset pos relative to position indicated by whence:\n     0  Start of stream (the default).  pos should be >= 0;\n     1  Current position - pos may be negative;\n     2  End of stream - pos usually negative.\nReturns the new absolute position."
xmlrpc.client	BytesIO.seekable	"Returns True if the IO object can be seeked."
xmlrpc.client	BytesIO.tell	"Current file position, an integer."
xmlrpc.client	BytesIO.truncate	"Truncate the file to at most size bytes.\n\nSize defaults to the current file position, as returned by tell().\nThe current file position is unchanged.  Returns the new size."
xmlrpc.client	BytesIO.writable	"Returns True if the IO object can be written."
xmlrpc.client	BytesIO.write	"Write bytes to file.\n\nReturn the number of bytes written."
xmlrpc.client	BytesIO.writelines	"Write lines to the file.\n\nNote that newlines are not added.  lines can be any iterable object\nproducing bytes-like objects. This is equivalent to calling write() for\neach element."
xmlrpc.client	Marshaller._Marshaller__dump	null
xmlrpc.client	Marshaller.dump_int	null
xmlrpc.client	Server	"uri [,options] -> a logical connection to an XML-RPC server\n\nuri is the connection point on the server, given as\nscheme://host/target.\n\nThe standard implementation always supports the \"http\" scheme.  If\nSSL socket support is available (Python 2.0), it also supports\n\"https\".\n\nIf the target part and the slash preceding it are both omitted,\n\"/RPC2\" is assumed.\n\nThe following options can be given as keyword arguments:\n\n    transport: a transport factory\n    encoding: the request encoding (default is UTF-8)\n\nAll 8-bit strings passed to the server proxy are assumed to use\nthe given encoding.\n"
xmlrpc.client	Server._ServerProxy__close	null
xmlrpc.client	Server._ServerProxy__request	null
xmlrpc.client	ServerProxy._ServerProxy__close	null
xmlrpc.client	ServerProxy._ServerProxy__request	null
xml.sax.expatreader	_mkproxy	"Create a proxy object that weakly references 'object'.\n\n'callback', if given, is called with a reference to the\nproxy when 'object' is about to be finalized."
zipfile	BadZipfile	null
zipfile	ZipInfo.CRC	null
zipfile	ZipInfo._end_offset	null
zipfile	ZipInfo._raw_time	null
zipfile	ZipInfo.comment	null
zipfile	ZipInfo.compress_level	null
zipfile	ZipInfo.compress_size	null
zipfile	ZipInfo.compress_type	null
zipfile	ZipInfo.create_system	null
zipfile	ZipInfo.create_version	null
zipfile	ZipInfo.date_time	null
zipfile	ZipInfo.external_attr	null
zipfile	ZipInfo.extra	null
zipfile	ZipInfo.extract_version	null
zipfile	ZipInfo.file_size	null
zipfile	ZipInfo.filename	null
zipfile	ZipInfo.flag_bits	null
zipfile	ZipInfo.header_offset	null
zipfile	ZipInfo.internal_attr	null
zipfile	ZipInfo.orig_filename	null
zipfile	ZipInfo.reserved	null
zipfile	ZipInfo.volume	null
zipfile	crc32	"Compute a CRC-32 checksum of data.\n\n  value\n    Starting value of the checksum.\n\nThe returned checksum is an integer."
zipfile	error	null
zipimport	_unpack_uint16	"Convert 2 bytes in little-endian to an integer."
zipimport	_unpack_uint32	"Convert 4 bytes in little-endian to an integer."
zipimport	_unpack_uint64	"Convert 8 bytes in little-endian to an integer."
zlib		"The functions in this module allow compression and decompression using the\nzlib library, which is based on GNU zip.\n\nadler32(string[, start]) -- Compute an Adler-32 checksum.\ncompress(data[, level]) -- Compress data, with compression level 0-9 or -1.\ncompressobj([level[, ...]]) -- Return a compressor object.\ncrc32(string[, start]) -- Compute a CRC-32 checksum.\ndecompress(string,[wbits],[bufsize]) -- Decompresses a compressed string.\ndecompressobj([wbits[, zdict]]) -- Return a decompressor object.\n\n'wbits' is window buffer size and container format.\nCompressor objects support compress() and flush() methods; decompressor\nobjects support decompress() and flush()."
zlib	_ZlibDecompressor	"Create a decompressor object for decompressing data incrementally.\n\n  wbits = 15\n  zdict\n     The predefined compression dictionary. This is a sequence of bytes\n     (such as a bytes object) containing subsequences that are expected\n     to occur frequently in the data that is to be compressed. Those\n     subsequences that are expected to be most common should come at the\n     end of the dictionary. This must be the same dictionary as used by the\n     compressor that produced the input data.\n\n"
zlib	_ZlibDecompressor.decompress	"Decompress *data*, returning uncompressed data as bytes.\n\nIf *max_length* is nonnegative, returns at most *max_length* bytes of\ndecompressed data. If this limit is reached and further output can be\nproduced, *self.needs_input* will be set to ``False``. In this case, the next\ncall to *decompress()* may provide *data* as b'' to obtain more of the output.\n\nIf all of the input data was decompressed and returned (either because this\nwas less than *max_length* bytes, or because *max_length* was negative),\n*self.needs_input* will be set to True.\n\nAttempting to decompress data after the end of stream is reached raises an\nEOFError.  Any data found after the end of the stream is ignored and saved in\nthe unused_data attribute."
zlib	_ZlibDecompressor.eof	"True if the end-of-stream marker has been reached."
zlib	_ZlibDecompressor.needs_input	"True if more input is needed before more decompressed data can be produced."
zlib	_ZlibDecompressor.unused_data	"Data found after the end of the compressed stream."
zlib	adler32	"Compute an Adler-32 checksum of data.\n\n  value\n    Starting value of the checksum.\n\nThe returned checksum is an integer."
zlib	compress	"Returns a bytes object containing compressed data.\n\n  data\n    Binary data to be compressed.\n  level\n    Compression level, in 0-9 or -1.\n  wbits\n    The window buffer size and container format."
zlib	compressobj	"Return a compressor object.\n\n  level\n    The compression level (an integer in the range 0-9 or -1; default is\n    currently equivalent to 6).  Higher compression levels are slower,\n    but produce smaller results.\n  method\n    The compression algorithm.  If given, this must be DEFLATED.\n  wbits\n    +9 to +15: The base-two logarithm of the window size.  Include a zlib\n        container.\n    -9 to -15: Generate a raw stream.\n    +25 to +31: Include a gzip container.\n  memLevel\n    Controls the amount of memory used for internal compression state.\n    Valid values range from 1 to 9.  Higher values result in higher memory\n    usage, faster compression, and smaller output.\n  strategy\n    Used to tune the compression algorithm.  Possible values are\n    Z_DEFAULT_STRATEGY, Z_FILTERED, and Z_HUFFMAN_ONLY.\n  zdict\n    The predefined compression dictionary - a sequence of bytes\n    containing subsequences that are likely to occur in the input data."
zlib	crc32	"Compute a CRC-32 checksum of data.\n\n  value\n    Starting value of the checksum.\n\nThe returned checksum is an integer."
zlib	decompress	"Returns a bytes object containing the uncompressed data.\n\n  data\n    Compressed data.\n  wbits\n    The window buffer size and container format.\n  bufsize\n    The initial output buffer size."
zlib	decompressobj	"Return a decompressor object.\n\n  wbits\n    The window buffer size and container format.\n  zdict\n    The predefined compression dictionary.  This must be the same\n    dictionary as used by the compressor that produced the input data."
zlib	error	null
zoneinfo	ZoneInfo	null
zoneinfo	ZoneInfo._unpickle	"Private method used in unpickling."
zoneinfo	ZoneInfo.clear_cache	"Clear the ZoneInfo cache."
zoneinfo	ZoneInfo.dst	"Retrieve a timedelta representing the amount of DST applied in a zone at the given datetime."
zoneinfo	ZoneInfo.from_file	"Create a ZoneInfo file from a file object."
zoneinfo	ZoneInfo.fromutc	"Given a datetime with local time in UTC, retrieve an adjusted datetime in local time."
zoneinfo	ZoneInfo.key	null
zoneinfo	ZoneInfo.no_cache	"Get a new instance of ZoneInfo, bypassing the cache."
zoneinfo	ZoneInfo.tzname	"Retrieve a string containing the abbreviation for the time zone that applies in a zone at a given datetime."
zoneinfo	ZoneInfo.utcoffset	"Retrieve a timedelta representing the UTC offset in a zone at the given datetime."
zoneinfo	available_timezones	"Returns a set containing all available time zones.\n\n.. caution::\n\n    This may attempt to open a large number of files, since the best way to\n    determine if a given file on the time zone search path is to open it\n    and check for the \"magic string\" at the beginning.\n"
zoneinfo	reset_tzpath	"Reset global TZPATH."
zoneinfo._common	_TZifHeader.charcnt	null
zoneinfo._common	_TZifHeader.isstdcnt	null
zoneinfo._common	_TZifHeader.isutcnt	null
zoneinfo._common	_TZifHeader.leapcnt	null
zoneinfo._common	_TZifHeader.timecnt	null
zoneinfo._common	_TZifHeader.typecnt	null
zoneinfo._common	_TZifHeader.version	null
zoneinfo._zoneinfo	_CalendarOffset.d	null
zoneinfo._zoneinfo	_CalendarOffset.hour	null
zoneinfo._zoneinfo	_CalendarOffset.m	null
zoneinfo._zoneinfo	_CalendarOffset.minute	null
zoneinfo._zoneinfo	_CalendarOffset.second	null
zoneinfo._zoneinfo	_CalendarOffset.w	null
zoneinfo._zoneinfo	_DayOffset.d	null
zoneinfo._zoneinfo	_DayOffset.hour	null
zoneinfo._zoneinfo	_DayOffset.julian	null
zoneinfo._zoneinfo	_DayOffset.minute	null
zoneinfo._zoneinfo	_DayOffset.second	null
zoneinfo._zoneinfo	_TZStr.dst	null
zoneinfo._zoneinfo	_TZStr.dst_diff	null
zoneinfo._zoneinfo	_TZStr.end	null
zoneinfo._zoneinfo	_TZStr.get_trans_info	null
zoneinfo._zoneinfo	_TZStr.get_trans_info_fromutc	null
zoneinfo._zoneinfo	_TZStr.start	null
zoneinfo._zoneinfo	_TZStr.std	null
zoneinfo._zoneinfo	_ttinfo.dstoff	null
zoneinfo._zoneinfo	_ttinfo.tzname	null
zoneinfo._zoneinfo	_ttinfo.utcoff	null
_complex	complex	"Create a complex number from a string or numbers.\n\nIf a string is given, parse it as a complex number.\nIf a single number is given, convert it to a complex number.\nIf the 'real' or 'imag' arguments are given, create a complex number\nwith the specified real and imaginary components."
_json	Encoder	"Encoder(markers, default, encoder, indent, key_separator, item_separator, sort_keys, skipkeys, allow_nan)"
_json	Scanner	"JSON scanner object"
_memoryview	memoryview	"Create a new memoryview object which references the given object."
termios		"This module provides an interface to the Posix calls for tty I/O control.\nFor a complete description of these calls, see the Posix or Unix manual\npages. It is only available for those Unix versions that support Posix\ntermios style tty I/O control.\n\nAll functions in this module take a file descriptor fd as their first\nargument. This can be an integer file descriptor, such as returned by\nsys.stdin.fileno(), or a file object, such as sys.stdin itself."
termios	tcgetattr	"Get the tty attributes for file descriptor fd.\n\nReturns a list [iflag, oflag, cflag, lflag, ispeed, ospeed, cc]\nwhere cc is a list of the tty special characters (each a string of\nlength 1, except the items with indices VMIN and VTIME, which are\nintegers when these fields are defined).  The interpretation of the\nflags and the speeds as well as the indexing in the cc array must be\ndone using the symbolic constants defined in this module."
termios	tcsetattr	"Set the tty attributes for file descriptor fd.\n\nThe attributes to be set are taken from the attributes argument, which\nis a list like the one returned by tcgetattr(). The when argument\ndetermines when the attributes are changed: termios.TCSANOW to\nchange immediately, termios.TCSADRAIN to change after transmitting all\nqueued output, or termios.TCSAFLUSH to change after transmitting all\nqueued output and discarding all queued input."
termios	tcsendbreak	"Send a break on file descriptor fd.\n\nA zero duration sends a break for 0.25-0.5 seconds; a nonzero duration\nhas a system dependent meaning."
termios	tcdrain	"Wait until all output written to file descriptor fd has been transmitted."
termios	tcflush	"Discard queued data on file descriptor fd.\n\nThe queue selector specifies which queue: termios.TCIFLUSH for the input\nqueue, termios.TCOFLUSH for the output queue, or termios.TCIOFLUSH for\nboth queues."
termios	tcflow	"Suspend or resume input or output on file descriptor fd.\n\nThe action argument can be termios.TCOOFF to suspend output,\ntermios.TCOON to restart output, termios.TCIOFF to suspend input,\nor termios.TCION to restart input."
termios	tcgetwinsize	"Get the tty winsize for file descriptor fd.\n\nReturns a tuple (ws_row, ws_col)."
termios	tcsetwinsize	"Set the tty winsize for file descriptor fd.\n\nThe winsize to be set is taken from the winsize argument, which\nis a two-item tuple (ws_row, ws_col) like the one returned by tcgetwinsize()."
